FID,Nom,Statut,Comptée (R-12),Adresse,Jours d'ouverture,Localité,Canton,Commune,Préfecture déclarée,geometry
_mview_entreprisesvariees_entreprises_variees.fid-7111a9c0_19415ae4b4d_720d,Auto-école Nouvelle,Agréée,True,,"{lundi,mardi,mercredi,jeudi,vendredi,samedi}",Didaure,Sokodè (Komah),Tchaoudjo 1,Tchaoudjo,POINT (1.1381004717211132 8.9831547852801)
_mview_entreprisesvariees_entreprises_variees.fid-7111a9c0_19415ae4b4d_720e,Auto-école la Prudence Pagala Gare,Non agréée,False,,"{lundi,mardi,mercredi,jeudi,vendredi,samedi}",Pagala Gare,Pagala-Gare,Blitta 1,Blitta,POINT (0.9880383333333334 8.177550000000002)
_mview_entreprisesvariees_entreprises_variees.fid-7111a9c0_19415ae4b4d_720f,Auto-école la Nouvelle Blitta,Non agréée,False,BP 09 Blitta,"{mardi,mercredi,jeudi,vendredi,samedi,dimanche}",Blitta Dépôt,Blitta,Blitta 1,Blitta,POINT (0.9829727215157458 8.328168710609889)
_mview_entreprisesvariees_entreprises_variees.fid-7111a9c0_19415ae4b4d_7210,Auto-école Pugnus Dei Sotouboua,Antenne agréée,True,70158479/96857921,"{lundi,mardi,mercredi,jeudi,vendredi,samedi}",Sotouboua (grand Marché),Sotouboua,Sotouboua 1,Sotouboua,POINT (0.9849933333333334 8.557409999999999)
_mview_entreprisesvariees_entreprises_variees.fid-7111a9c0_19415ae4b4d_7211,Auto-école le leader Sotouboua,Non agréée,False,90788065,"{lundi,mardi,mercredi,jeudi,vendredi,samedi}",Sotouboua (kpétéyo),Sotouboua,Sotouboua 1,Sotouboua,POINT (0.9874599999999999 8.557846666666666)
_mview_entreprisesvariees_entreprises_variees.fid-7111a9c0_19415ae4b4d_7212,Auto-école les Intègres,Non agréée,False,22466479/91169631,"{lundi,mardi,mercredi,jeudi,vendredi,samedi}",Sotouboua (lawaye),Sotouboua,Sotouboua 1,Sotouboua,POINT (0.9788183333333333 8.564878333333333)
_mview_entreprisesvariees_entreprises_variees.fid-7111a9c0_19415ae4b4d_7213,Auto-école la Référence Sotouboua,Antenne agréée,True,90770970,"{lundi,mardi,mercredi,jeudi,vendredi,samedi}",Sotouboua (zongo),Sotouboua,Sotouboua 1,Sotouboua,POINT (0.9757658000000002 8.5606435)
_mview_entreprisesvariees_entreprises_variees.fid-7111a9c0_19415ae4b4d_7214,Auto-école,Non agréée,False,,,Adeta,Kpélé-Novivé,Kpélé 1,Kpélé,POINT (0.7296441082691845 7.1305693779212325)
_mview_entreprisesvariees_entreprises_variees.fid-7111a9c0_19415ae4b4d_7215,Auto-école la Nouvelle Wassouwa,Non agréée,False,90981828/98393151,"{lundi,mardi,mercredi,jeudi,vendredi,samedi}",Wassouwa,Tchamba,Tchamba 1,Tchamba,POINT (1.4229366666666672 9.026503333333334)
_mview_entreprisesvariees_entreprises_variees.fid-7111a9c0_19415ae4b4d_7216,Auto-école la Nouvelle Djama,Non agréée,False,90981828/98393151,"{lundi,mardi,mercredi,jeudi,vendredi,samedi}",Djama,Kaboli,Tchamba 3,Tchamba,POINT (1.586553333333333 8.751013333333331)
_mview_entreprisesvariees_entreprises_variees.fid-7111a9c0_19415ae4b4d_7217,Auto-école à Dieu la Gloire Akamadé,Antenne agréée,True,,"{lundi,mardi,mercredi,jeudi,samedi}",Akamade,Sokodè (Komah),Tchaoudjo 1,Tchaoudjo,POINT (1.1166703303761731 8.989919613829478)
_mview_entreprisesvariees_entreprises_variees.fid-7111a9c0_19415ae4b4d_7218,Auto-école l'Identite,Agréée,True,,,Lomegan,Bè-Ouest,Golfe 3,Golfe,POINT (1.2054697306598223 6.18199980788579)
_mview_entreprisesvariees_entreprises_variees.fid-7111a9c0_19415ae4b4d_7219,Auto-école Mawena,Non agréée,False,,"{lundi,mardi,mercredi,jeudi,vendredi,samedi}",Tchawanda,Sokodè (Komah),Tchaoudjo 1,Tchaoudjo,POINT (1.1330576606949863 8.987355843236807)
_mview_entreprisesvariees_entreprises_variees.fid-7111a9c0_19415ae4b4d_721a,Auto-école Sourou,Non agréée,False,,,Komah 2,Sokodè (Komah),Tchaoudjo 1,Tchaoudjo,POINT (1.1440829024927996 8.977114560798848)
_mview_entreprisesvariees_entreprises_variees.fid-7111a9c0_19415ae4b4d_721b,Auto-école Luli,Non agréée,False,Agodeké,"{jeudi, lundi, mardi, mercredi, samedi, vendredi}",Kpogan,Baguida,Golfe 6,Golfe,POINT (1.3694466666666671 6.1867)
_mview_entreprisesvariees_entreprises_variees.fid-7111a9c0_19415ae4b4d_721c,Auto-école Tu es Mon Berger,Non agréée,False,,"{jeudi, lundi, mardi, mercredi, samedi, vendredi}",Avepozo,Baguida,Golfe 6,Golfe,POINT (1.349706666666667 6.1797683333333335)
_mview_entreprisesvariees_entreprises_variees.fid-7111a9c0_19415ae4b4d_721d,Auto-école Damaris Avépozo,Antenne agréée,True,,"{jeudi, lundi, mardi, mercredi, samedi, vendredi}",Avekpozo,Baguida,Golfe 6,Golfe,POINT (1.3442716666666674 6.169588333333333)
_mview_entreprisesvariees_entreprises_variees.fid-7111a9c0_19415ae4b4d_721e,Auto-école Shalom Paix,Agréée,True,,"{jeudi, lundi, mardi, mercredi, vendredi}",Baguida,Baguida,Golfe 6,Golfe,POINT (1.307971666666667 6.158628333333334)
_mview_entreprisesvariees_entreprises_variees.fid-7111a9c0_19415ae4b4d_721f,Auto-école  Shalom,Non agréée,False,Avepozo Mawuvi,"{jeudi, lundi, mardi, mercredi, samedi, vendredi}",Avepozo Mawuvi,Baguida,Golfe 6,Golfe,POINT (1.3381516666666669 6.177006666666667)
_mview_entreprisesvariees_entreprises_variees.fid-7111a9c0_19415ae4b4d_7220,Auto-école le Rocher,Non agréée,False,,"{jeudi, lundi, mardi, mercredi, vendredi}",Agodeke,Baguida,Golfe 6,Golfe,POINT (1.3668733333333336 6.1765516666666676)
_mview_entreprisesvariees_entreprises_variees.fid-7111a9c0_19415ae4b4d_7221,Auto-école Bon Berger,Non agréée,False,,"{jeudi, lundi, mardi, mercredi, samedi, vendredi}",Baguida,Baguida,Golfe 6,Golfe,POINT (1.3267888098403935 6.171855029152451)
_mview_entreprisesvariees_entreprises_variees.fid-7111a9c0_19415ae4b4d_7222,Auto-école le Savoir,Agréée,True,,"{jeudi, lundi, mardi, mercredi, samedi, vendredi}",Agoe Zongo,Togblekope,Agoè-Nyivé 4,Agoè-Nyivé,POINT (1.2101729000000003 6.270193599999999)
_mview_entreprisesvariees_entreprises_variees.fid-7111a9c0_19415ae4b4d_7223,Auto-école Nzambe-Nzambe Agoè,Antenne agréée,True,,"{jeudi, lundi, mardi, mercredi, samedi, vendredi}",Agoe Zongo,Agoè-Nyivé,Agoè-Nyivé 1,Agoè-Nyivé,POINT (1.2085116666666667 6.251951666666669)
_mview_entreprisesvariees_entreprises_variees.fid-7111a9c0_19415ae4b4d_7224,Auto-école la Vie,Non agréée,False,,"{jeudi, lundi, mardi, mercredi, samedi, vendredi}",Zilidji,Togblekope,Agoè-Nyivé 4,Agoè-Nyivé,POINT (1.1992118 6.2589273)
_mview_entreprisesvariees_entreprises_variees.fid-7111a9c0_19415ae4b4d_7225,Auto-école Alito École,Non agréée,False,,,Haoussa Zongo,Togblekope,Agoè-Nyivé 4,Agoè-Nyivé,POINT (1.2062733333333333 6.255273333333333)
_mview_entreprisesvariees_entreprises_variees.fid-7111a9c0_19415ae4b4d_7226,Centre D'Instruction Routiere Togo,Non renseigné,False,16 BP 582,"{jeudi, lundi, mardi, mercredi, samedi, vendredi}",Demakpoe,Agoè-Nyivé,Agoè-Nyivé 1,Agoè-Nyivé,POINT (1.1943683333333324 6.243238333333332)
_mview_entreprisesvariees_entreprises_variees.fid-7111a9c0_19415ae4b4d_7227,Auto-école la Sainte Etoile,Non agréée,False,,,Telessou,Agoè-Nyivé,Agoè-Nyivé 1,Agoè-Nyivé,POINT (1.182878333333334 6.218123333333334)
_mview_entreprisesvariees_entreprises_variees.fid-7111a9c0_19415ae4b4d_7228,Auto-école MKAF Togo,Agréée,True,01 BP 1676,,Gbonve,Agoè-Nyivé,Agoè-Nyivé 1,Agoè-Nyivé,POINT (1.1875208076772852 6.21689412969734)
_mview_entreprisesvariees_entreprises_variees.fid-7111a9c0_19415ae4b4d_7229,Auto-école du Golfe Klévé,Agréée,True,,"{jeudi, lundi, mardi, mercredi, samedi, vendredi}",Kleve,Agoè-Nyivé,Agoè-Nyivé 1,Agoè-Nyivé,POINT (1.198125836166056 6.2220870576389915)
_mview_entreprisesvariees_entreprises_variees.fid-7111a9c0_19415ae4b4d_722a,Auto-école Oumar,Non agréée,False,,,Sorade,Agoè-Nyivé,Agoè-Nyivé 1,Agoè-Nyivé,POINT (1.2114981964243627 6.232188129077177)
_mview_entreprisesvariees_entreprises_variees.fid-7111a9c0_19415ae4b4d_722b,Auto-école Korgo,Agréée,True,,,Atchanve,Agoè-Nyivé,Agoè-Nyivé 1,Agoè-Nyivé,POINT (1.214936433860318 6.224957843022701)
_mview_entreprisesvariees_entreprises_variees.fid-7111a9c0_19415ae4b4d_722c,Auto-école le Courage,Non agréée,False,,"{jeudi, lundi, mardi, mercredi, samedi, vendredi}",Anokoui,Agoè-Nyivé,Agoè-Nyivé 1,Agoè-Nyivé,POINT (1.1799283947236716 6.243413469411037)
_mview_entreprisesvariees_entreprises_variees.fid-7111a9c0_19415ae4b4d_722d,Auto-école du Golfe Adétikopé,Antenne agréée,True,90036506/90159906,"{jeudi, lundi, mardi, mercredi, samedi, vendredi}",Adeticope,Adétikopé,Agoè-Nyivé 6,Agoè-Nyivé,POINT (1.2183549999999999 6.325763333333334)
_mview_entreprisesvariees_entreprises_variees.fid-7111a9c0_19415ae4b4d_722e,Auto-école les Elus de Dieu,Non agréée,False,Téléssou,"{jeudi, lundi, mardi, mercredi, samedi, vendredi}",Telessou,Agoè-Nyivé,Agoè-Nyivé 1,Agoè-Nyivé,POINT (1.1750101774679038 6.225657994972941)
_mview_entreprisesvariees_entreprises_variees.fid-7111a9c0_19415ae4b4d_722f,Auto-école Sous les Ailes de Dieu Anomé,Antenne agréée,True,Anome,"{jeudi, lundi, mardi, mercredi, samedi, vendredi}",Anome,Agoè-Nyivé,Agoè-Nyivé 1,Agoè-Nyivé,POINT (1.1847008123261473 6.215990873100693)
_mview_entreprisesvariees_entreprises_variees.fid-7111a9c0_19415ae4b4d_7230,Auto-école du Golfe Carefour bleu,Agréée,True,Carrefour Bleu,"{jeudi, lundi, mardi, mercredi, samedi, vendredi}",Carrefour Bleu,Agoè-Nyivé,Agoè-Nyivé 1,Agoè-Nyivé,POINT (1.2052416666666668 6.225473333333334)
_mview_entreprisesvariees_entreprises_variees.fid-7111a9c0_19415ae4b4d_7231,Auto-école Sissonne,Non agréée,False,Atchanvé,"{jeudi, lundi, mardi, mercredi, samedi, vendredi}",Atchanve,Agoè-Nyivé,Agoè-Nyivé 1,Agoè-Nyivé,POINT (1.2111716666666668 6.229001666666666)
_mview_entreprisesvariees_entreprises_variees.fid-7111a9c0_19415ae4b4d_7232,Auto-école Caba,Non agréée,False,Sorade,"{jeudi, lundi, mardi, mercredi, samedi, vendredi}",Sorade,Agoè-Nyivé,Agoè-Nyivé 1,Agoè-Nyivé,POINT (1.2128364567012713 6.230940105142965)
_mview_entreprisesvariees_entreprises_variees.fid-7111a9c0_19415ae4b4d_7233,Auto-école defi Focus,Non agréée,False,Adjougba,"{jeudi, lundi, mardi, mercredi, samedi, vendredi}",Adjougba,Agoè-Nyivé,Agoè-Nyivé 1,Agoè-Nyivé,POINT (1.2220273444157101 6.226362919403873)
_mview_entreprisesvariees_entreprises_variees.fid-7111a9c0_19415ae4b4d_7234,Auto-école les Experts,Non agréée,False,Aucune,"{jeudi, lundi, mardi, mercredi, samedi, vendredi}",Adewi,Adétikopé,Agoè-Nyivé 6,Agoè-Nyivé,POINT (1.2216147556130292 6.3152280934768354)
_mview_entreprisesvariees_entreprises_variees.fid-7111a9c0_19415ae4b4d_7235,Auto-école ma Reussite Annexe Amarinta,Non agréée,False,,,Amarinta,Sanguera,Agoè-Nyivé 5,Agoè-Nyivé,POINT (1.1403716666666663 6.2476216666666655)
_mview_entreprisesvariees_entreprises_variees.fid-7111a9c0_19415ae4b4d_7236,Auto-école TNI (Togo Nouvelle Impression) Cacavéli,Antenne agréée,True,92648819/97702424,"{jeudi, lundi, mardi, mercredi, samedi, vendredi}",Cacaveli,Agoè-Nyivé,Agoè-Nyivé 1,Agoè-Nyivé,POINT (1.199216666666667 6.211294999999999)
_mview_entreprisesvariees_entreprises_variees.fid-7111a9c0_19415ae4b4d_7237,Auto-école MHJH,Non agréée,False,,"{jeudi, lundi, mardi, mercredi, samedi, vendredi}",Avenou,Aflao-Gakli,Golfe 5,Golfe,POINT (1.1913633333333327 6.172861666666667)
_mview_entreprisesvariees_entreprises_variees.fid-7111a9c0_19415ae4b4d_7238,Auto-école Baptrans,Agréée,True,12 BP 278 Lome,"{jeudi, lundi, mardi, mercredi, vendredi}",Soviepe,Aflao-Gakli,Golfe 5,Golfe,POINT (1.1805528107437013 6.177851106070137)
_mview_entreprisesvariees_entreprises_variees.fid-7111a9c0_19415ae4b4d_7239,Auto-école du Golfe Legbasokpé,Agréée,True,,"{jeudi, lundi, mardi, mercredi, samedi, vendredi}",Legbasokpe,Légbassito,Agoè-Nyivé 2,Agoè-Nyivé,POINT (1.1634919181941068 6.260329073759687)
_mview_entreprisesvariees_entreprises_variees.fid-7111a9c0_19415ae4b4d_723a,Auto-école Winner Sogbossito,Non agréée,False,,"{jeudi, lundi, mardi, mercredi, samedi, vendredi}",Sogbossito,Agoè-Nyivé,Agoè-Nyivé 1,Agoè-Nyivé,POINT (1.1663251666793775 6.2575615883776035)
_mview_entreprisesvariees_entreprises_variees.fid-7111a9c0_19415ae4b4d_723b,Auto-école St Kotey,Non agréée,False,90789684/98796009,"{jeudi, lundi, mardi, mercredi, samedi, vendredi}",Vakpossito Telessou,Vakpossito,Agoè-Nyivé 3,Agoè-Nyivé,POINT (1.1702883333333327 6.217493333333334)
_mview_entreprisesvariees_entreprises_variees.fid-7111a9c0_19415ae4b4d_723c,Auto-école J.le Rocher,Agréée,True,BP S/c3408,"{jeudi, lundi, mardi, mercredi, samedi, vendredi}",Djidjolé,Aflao-Gakli,Golfe 5,Golfe,POINT (1.1917650000000002 6.189650000000001)
_mview_entreprisesvariees_entreprises_variees.fid-7111a9c0_19415ae4b4d_723d,Auto-école BAMB-SIS Agbalédogan,Agréée,True,,"{jeudi, lundi, mardi, mercredi, samedi, vendredi}",Agbalédogan,Agoè-Nyivé,Agoè-Nyivé 1,Agoè-Nyivé,POINT (1.1972710786259 6.2015930306613996)
_mview_entreprisesvariees_entreprises_variees.fid-7111a9c0_19415ae4b4d_723e,Auto-école  Saint Christophe Agbalépédo,Agréée,True,,"{jeudi, lundi, mardi, mercredi, vendredi}",Agbalepedo,Aflao-Gakli,Golfe 5,Golfe,POINT (1.1964545431925169 6.200091141807959)
_mview_entreprisesvariees_entreprises_variees.fid-7111a9c0_19415ae4b4d_723f,Auto-école le Gold,Non agréée,False,,"{jeudi, lundi, mardi, mercredi, vendredi}",Djidjole,Aflao-Gakli,Golfe 5,Golfe,POINT (1.1968700000000008 6.182664999999998)
_mview_entreprisesvariees_entreprises_variees.fid-7111a9c0_19415ae4b4d_7240,Auto-école ma Reussite Téléssou,Non agréée,False,90974929/99510494,"{jeudi, lundi, mardi, mercredi, samedi, vendredi}",Agoe Telessou,Vakpossito,Agoè-Nyivé 3,Agoè-Nyivé,POINT (1.170595456631288 6.2144122192188425)
_mview_entreprisesvariees_entreprises_variees.fid-7111a9c0_19415ae4b4d_7241,Auto-école Gnamassigan,Non agréée,False,,,Gnamassigan,Togblekope,Agoè-Nyivé 4,Agoè-Nyivé,POINT (1.177750775808559 6.266452865653485)
_mview_entreprisesvariees_entreprises_variees.fid-7111a9c0_19415ae4b4d_7242,Auto-école la Gracieuse Légbassito,Antenne agréée,True,,"{jeudi, lundi, mardi, mercredi, samedi, vendredi}",Legbassito,Légbassito,Agoè-Nyivé 2,Agoè-Nyivé,POINT (1.1497758856224451 6.266675862585643)
_mview_entreprisesvariees_entreprises_variees.fid-7111a9c0_19415ae4b4d_7243,Auto-école le Genie Sogbossito,Agréée,True,,"{jeudi, lundi, mardi, mercredi, samedi, vendredi}",Sogbossito,Agoè-Nyivé,Agoè-Nyivé 1,Agoè-Nyivé,POINT (1.1752599999999995 6.251276666666666)
_mview_entreprisesvariees_entreprises_variees.fid-7111a9c0_19415ae4b4d_7244,Auto-école Abraham Lincoln,Agréée,True,,"{jeudi, lundi, mardi, mercredi, samedi, vendredi}",Vakpossito,Vakpossito,Agoè-Nyivé 3,Agoè-Nyivé,POINT (1.1745693225887075 6.214430782681505)
_mview_entreprisesvariees_entreprises_variees.fid-7111a9c0_19415ae4b4d_7245,Auto-école la Liberté Doumasséssé,Agréée,True,"Doumassesse, Rue, Lomé ; BP S/c 15BP298","{jeudi, lundi, mardi, mercredi, samedi, vendredi}",Doumassesse,Bè-Ouest,Golfe 3,Golfe,POINT (1.2154208808748534 6.163382809299719)
_mview_entreprisesvariees_entreprises_variees.fid-7111a9c0_19415ae4b4d_7246,Auto-école Afrique C.A,Non agréée,False,,"{jeudi, lundi, mardi, mercredi, samedi, vendredi}",Lomegan,Bè-Ouest,Golfe 3,Golfe,POINT (1.2057187052469736 6.184199894810828)
_mview_entreprisesvariees_entreprises_variees.fid-7111a9c0_19415ae4b4d_7247,Auto-école le Retour,Non agréée,False,,"{jeudi, lundi, mardi, mercredi, vendredi}",Tokoin Doumassesse,Bè-Ouest,Golfe 3,Golfe,POINT (1.2162033333333337 6.157608333333332)
_mview_entreprisesvariees_entreprises_variees.fid-7111a9c0_19415ae4b4d_7248,Auto-école CF le leader,Non agréée,False,,"{jeudi, lundi, mardi, mercredi, vendredi}",Agbalepedo,Bè-Ouest,Golfe 3,Golfe,POINT (1.2067283333333338 6.185483333333333)
_mview_entreprisesvariees_entreprises_variees.fid-7111a9c0_19415ae4b4d_7249,Auto-école B Groupe,Non agréée,False,,"{jeudi, lundi, mardi, mercredi, samedi, vendredi}",Sogbossito,Agoè-Nyivé,Agoè-Nyivé 1,Agoè-Nyivé,POINT (1.177406666666667 6.250873333333333)
_mview_entreprisesvariees_entreprises_variees.fid-7111a9c0_19415ae4b4d_724a,Auto-école Adjrad_Togo,Non agréée,False,13 BP 544,"{jeudi, lundi, mardi, mercredi, samedi, vendredi}",Demakpoe,Agoè-Nyivé,Agoè-Nyivé 1,Agoè-Nyivé,POINT (1.1982482311710527 6.24216359911231)
_mview_entreprisesvariees_entreprises_variees.fid-7111a9c0_19415ae4b4d_724b,Auto-école TNI (Togo Nouvelle Impression) Démakpoè,Antenne agréée,True,,"{jeudi, lundi, mardi, mercredi, samedi, vendredi}",Demakpoe,Agoè-Nyivé,Agoè-Nyivé 1,Agoè-Nyivé,POINT (1.2016347551628122 6.241847379845974)
_mview_entreprisesvariees_entreprises_variees.fid-7111a9c0_19415ae4b4d_724c,Auto-école Winner Assiyéyé,Non agréée,False,,"{jeudi, lundi, mardi, mercredi, samedi, vendredi}",Assiyeye,Agoè-Nyivé,Agoè-Nyivé 1,Agoè-Nyivé,POINT (1.1987866666666673 6.230588333333333)
_mview_entreprisesvariees_entreprises_variees.fid-7111a9c0_19415ae4b4d_724d,Auto-école Basililela Soted,Antenne agréée,True,,"{jeudi, lundi, mardi, mercredi, samedi, vendredi}",Soted,Bè-Ouest,Golfe 3,Golfe,POINT (1.2206866666666671 6.152381666666667)
_mview_entreprisesvariees_entreprises_variees.fid-7111a9c0_19415ae4b4d_724e,Auto-école la Gracieuse Doumasséssé,Agréée,True,,"{jeudi, lundi, mardi, mercredi, samedi, vendredi}",Doumassesse,Bè-Ouest,Golfe 3,Golfe,POINT (1.220859012567111 6.164817876690038)
_mview_entreprisesvariees_entreprises_variees.fid-7111a9c0_19415ae4b4d_724f,Auto-école Nzambe-Nzambe Ramco,Antenne agréée,True,Aucun,"{jeudi, lundi, mardi, mercredi, samedi, vendredi}",Ramco,Amoutivé,Golfe 4,Golfe,POINT (1.2201200000000005 6.143261666666664)
_mview_entreprisesvariees_entreprises_variees.fid-7111a9c0_19415ae4b4d_7250,Auto-école Togo Express,Non agréée,False,,,Forever,Bè-Ouest,Golfe 3,Golfe,POINT (1.2278808960433485 6.162413241361006)
_mview_entreprisesvariees_entreprises_variees.fid-7111a9c0_19415ae4b4d_7251,Auto-école Gratia,Agréée,True,,"{jeudi, lundi, mardi, mercredi, samedi, vendredi}",Hedzranawoe,Bè-Ouest,Golfe 3,Golfe,POINT (1.2366550000000003 6.187848333333332)
_mview_entreprisesvariees_entreprises_variees.fid-7111a9c0_19415ae4b4d_7252,Auto-école l'Eternel,Agréée,True,90158330,"{jeudi, lundi, mardi, mercredi, vendredi}",Avedji,Aflao-Gakli,Golfe 5,Golfe,POINT (1.179964355010482 6.201641865417299)
_mview_entreprisesvariees_entreprises_variees.fid-7111a9c0_19415ae4b4d_7253,Auto-école Sous les Ailes de Dieu Amadahomé,Antenne agréée,True,,"{jeudi, lundi, mardi, mercredi, samedi, vendredi}",Amadahome,Aflao-Gakli,Golfe 5,Golfe,POINT (1.1556788990828957 6.200394037600347)
_mview_entreprisesvariees_entreprises_variees.fid-7111a9c0_19415ae4b4d_7254,Auto-école Dieudonne Wognomé,Antenne agréée,True,,"{jeudi, lundi, mardi, mercredi, samedi, vendredi}",Woyome,Aflao-Sagbado,Golfe 7,Golfe,POINT (1.1447733333333334 6.201136666666668)
_mview_entreprisesvariees_entreprises_variees.fid-7111a9c0_19415ae4b4d_7255,Auto-école les Amis Ségbé,Antenne agréée,True,,"{jeudi, lundi, mardi, mercredi, samedi, vendredi}",Segbe,Aflao-Sagbado,Golfe 7,Golfe,POINT (1.1015266666666672 6.199731666666665)
_mview_entreprisesvariees_entreprises_variees.fid-7111a9c0_19415ae4b4d_7256,Auto-école GPS Togo,Non agréée,False,,"{jeudi, lundi, mardi, mercredi, samedi, vendredi}",Segbe,Aflao-Sagbado,Golfe 7,Golfe,POINT (1.1031101312830456 6.199796319483418)
_mview_entreprisesvariees_entreprises_variees.fid-7111a9c0_19415ae4b4d_7257,Auto-école TNI (Togo Nouvelle Impression) Vakpossito,Agréée,True,22567160/90203980/92526687,"{jeudi, lundi, mardi, mercredi, samedi, vendredi}",Vakpossito,Vakpossito,Agoè-Nyivé 3,Agoè-Nyivé,POINT (1.161558333333334 6.218114296993237)
_mview_entreprisesvariees_entreprises_variees.fid-7111a9c0_19415ae4b4d_7258,Auto-école Sainte Famille Logogomé,Antenne agréée,True,90292127/93485258/91102621,"{jeudi, lundi, mardi, mercredi, samedi, vendredi}",Logogome,Sanguera,Agoè-Nyivé 5,Agoè-Nyivé,POINT (1.1508166666666668 6.213768333333334)
_mview_entreprisesvariees_entreprises_variees.fid-7111a9c0_19415ae4b4d_7259,Auto-école le Bonheur,Non agréée,False,,"{jeudi, lundi, mardi, mercredi, samedi, vendredi}",Nokopé,Agoè-Nyivé,Agoè-Nyivé 1,Agoè-Nyivé,POINT (1.1727650000000005 6.238208333333334)
_mview_entreprisesvariees_entreprises_variees.fid-7111a9c0_19415ae4b4d_725a,Auto-école Mercy,Non agréée,False,,"{jeudi, lundi, mardi, mercredi, vendredi}",Agoe Assiyeye,Agoè-Nyivé,Agoè-Nyivé 1,Agoè-Nyivé,POINT (1.191038333333333 6.2325)
_mview_entreprisesvariees_entreprises_variees.fid-7111a9c0_19415ae4b4d_725b,Auto-école la Joie Wognomé,Non agréée,False,,"{jeudi, lundi, mardi, mercredi, samedi, vendredi}",Wonyome,Aflao-Sagbado,Golfe 7,Golfe,POINT (1.1502500000000002 6.191404999999998)
_mview_entreprisesvariees_entreprises_variees.fid-7111a9c0_19415ae4b4d_725c,Auto-école VCP,Non agréée,False,,"{jeudi, lundi, mardi, mercredi, samedi, vendredi}",Wugomedekpo,Aflao-Sagbado,Golfe 7,Golfe,POINT (1.1130311414048273 6.218912416896335)
_mview_entreprisesvariees_entreprises_variees.fid-7111a9c0_19415ae4b4d_725d,Auto-école Marcoly,Non agréée,False,,"{jeudi, lundi, mardi, mercredi, samedi, vendredi}",Apedokoe,Aflao-Sagbado,Golfe 7,Golfe,POINT (1.1374942137275974 6.209690400732908)
_mview_entreprisesvariees_entreprises_variees.fid-7111a9c0_19415ae4b4d_725e,Auto-école Emmanuel Conduite,Non agréée,False,Carrefour Logote,"{jeudi, lundi, mardi, mercredi, samedi, vendredi}",Logote,Aflao-Sagbado,Golfe 7,Golfe,POINT (1.126058333333333 6.193166666666667)
_mview_entreprisesvariees_entreprises_variees.fid-7111a9c0_19415ae4b4d_725f,Auto-école la Renaissance Logoté,Agréée,True,,"{jeudi, lundi, mardi, mercredi, samedi, vendredi}",Logote,Aflao-Sagbado,Golfe 7,Golfe,POINT (1.1316522605103156 6.193425399029946)
_mview_entreprisesvariees_entreprises_variees.fid-7111a9c0_19415ae4b4d_7260,Auto-école Forever,Non agréée,False,,"{jeudi, lundi, mardi, mercredi, samedi, vendredi}",Sagbado,Aflao-Sagbado,Golfe 7,Golfe,POINT (1.1423415197699514 6.193226629802008)
_mview_entreprisesvariees_entreprises_variees.fid-7111a9c0_19415ae4b4d_7261,Auto-école Chara,Non agréée,False,,"{jeudi, lundi, mardi, mercredi, samedi, vendredi}",Wonyome,Aflao-Sagbado,Golfe 7,Golfe,POINT (1.1444983333333334 6.1936149999999985)
_mview_entreprisesvariees_entreprises_variees.fid-7111a9c0_19415ae4b4d_7262,Auto-école Sainte Famille Wognomé,Agréée,True,,"{jeudi, lundi, mardi, mercredi, samedi, vendredi}",Wonyome,Aflao-Sagbado,Golfe 7,Golfe,POINT (1.1584337877419204 6.189068834586941)
_mview_entreprisesvariees_entreprises_variees.fid-7111a9c0_19415ae4b4d_7263,Auto-école le Permis Yokoè,Non agréée,False,BP: 14267 Lomé Togo,"{jeudi, lundi, mardi, mercredi, samedi, vendredi}",Yokoe,Aflao-Sagbado,Golfe 7,Golfe,POINT (1.1430919671290058 6.176499461154605)
_mview_entreprisesvariees_entreprises_variees.fid-7111a9c0_19415ae4b4d_7264,Auto-école Tam 228,Non agréée,False,,"{jeudi, lundi, mardi, mercredi, samedi, vendredi}",Dassakope,Vakpossito,Agoè-Nyivé 3,Agoè-Nyivé,POINT (1.159803333333333 6.209399999999999)
_mview_entreprisesvariees_entreprises_variees.fid-7111a9c0_19415ae4b4d_7265,Auto-école Beraca Bered,Non agréée,False,,"{jeudi, lundi, mardi, mercredi, samedi, vendredi}",Logogome,Sanguera,Agoè-Nyivé 5,Agoè-Nyivé,POINT (1.1521166666666678 6.217698333333333)
_mview_entreprisesvariees_entreprises_variees.fid-7111a9c0_19415ae4b4d_7266,Auto-école KMK Téléssou,Non agréée,False,,"{jeudi, lundi, mardi, mercredi, samedi, vendredi}",Avedji Telessou,Aflao-Gakli,Golfe 5,Golfe,POINT (1.1762416666666673 6.1957533333333314)
_mview_entreprisesvariees_entreprises_variees.fid-7111a9c0_19415ae4b4d_7267,Auto-école Citoyenne Inclusive,Non agréée,False,,"{jeudi, lundi, mardi, mercredi, samedi, vendredi}",Amadahome,Aflao-Gakli,Golfe 5,Golfe,POINT (1.1662933333333334 6.20357)
_mview_entreprisesvariees_entreprises_variees.fid-7111a9c0_19415ae4b4d_7268,Auto-école la Capitale,Non agréée,False,,"{jeudi, lundi, mardi, mercredi, samedi, vendredi}",Vakpossito,Vakpossito,Agoè-Nyivé 3,Agoè-Nyivé,POINT (1.1596534261198543 6.220302674772593)
_mview_entreprisesvariees_entreprises_variees.fid-7111a9c0_19415ae4b4d_7269,Auto-école Dieudonne Nanégbé,Agréée,True,,"{jeudi, lundi, mardi, mercredi, samedi, vendredi}",Nanegbe,Vakpossito,Agoè-Nyivé 3,Agoè-Nyivé,POINT (1.1570192320255284 6.229642333244105)
_mview_entreprisesvariees_entreprises_variees.fid-7111a9c0_19415ae4b4d_726a,Auto-école le Reveil,Non agréée,False,,"{jeudi, lundi, mardi, mercredi, samedi, vendredi}",Atigangome,Aflao-Gakli,Golfe 5,Golfe,POINT (1.146595 6.2055533333333335)
_mview_entreprisesvariees_entreprises_variees.fid-7111a9c0_19415ae4b4d_726b,Auto-école Groupe Chez Toi,Non agréée,False,,"{jeudi, lundi, mardi, mercredi, samedi, vendredi}",Sakpleto Kope,Agoè-Nyivé,Agoè-Nyivé 1,Agoè-Nyivé,POINT (1.1631633333333333 6.2437700000000005)
_mview_entreprisesvariees_entreprises_variees.fid-7111a9c0_19415ae4b4d_726c,Auto-école la Nature,Non agréée,False,,,Dalime,Agoè-Nyivé,Agoè-Nyivé 1,Agoè-Nyivé,POINT (1.1626453146736735 6.236132855456439)
_mview_entreprisesvariees_entreprises_variees.fid-7111a9c0_19415ae4b4d_726d,Auto-école St Justin,Non agréée,False,,"{jeudi, lundi, mardi, mercredi, samedi, vendredi}",Doumassesse,Bè-Ouest,Golfe 3,Golfe,POINT (1.2170666666666674 6.155031666666667)
_mview_entreprisesvariees_entreprises_variees.fid-7111a9c0_19415ae4b4d_726e,Auto-école L'Itineraire Forever,Agréée,True,93494613,"{jeudi, lundi, mardi, mercredi, samedi, vendredi}",Forever,Bè-Ouest,Golfe 3,Golfe,POINT (1.2268650000000008 6.160558333333332)
_mview_entreprisesvariees_entreprises_variees.fid-7111a9c0_19415ae4b4d_726f,Auto-école Dieu Seul Suffit,Agréée,True,,"{jeudi, lundi, mardi, mercredi, samedi, vendredi}",Lome 2,Bè-Ouest,Golfe 3,Golfe,POINT (1.2343572757854386 6.17814728040377)
_mview_entreprisesvariees_entreprises_variees.fid-7111a9c0_19415ae4b4d_7270,Auto-école à Dieu la Gloire Agbalépédogan,Antenne agréée,True,,"{jeudi, lundi, mardi, mercredi, samedi, vendredi}",Agbalepedogan,Aflao-Gakli,Golfe 5,Golfe,POINT (1.199397840217735 6.1973694520591405)
_mview_entreprisesvariees_entreprises_variees.fid-7111a9c0_19415ae4b4d_7271,Auto-école Gloire à Dieu Aflao-Gakli,Antenne agréée,True,,"{jeudi, lundi, mardi, mercredi, vendredi}",N/a,Aflao-Gakli,Golfe 5,Golfe,POINT (1.1889133333333333 6.17233)
_mview_entreprisesvariees_entreprises_variees.fid-7111a9c0_19415ae4b4d_7272,Auto-école Saint Elie Annexe,Antenne agréée,True,,"{jeudi, lundi, mardi, mercredi, samedi, vendredi}",N/a,Aflao-Gakli,Golfe 5,Golfe,POINT (1.1992415792649476 6.170103008168669)
_mview_entreprisesvariees_entreprises_variees.fid-7111a9c0_19415ae4b4d_7273,Auto-école le leader Totsi,Non agréée,False,,"{jeudi, lundi, mardi, mercredi, vendredi}",Totsi,Aflao-Gakli,Golfe 5,Golfe,POINT (1.1884950000000003 6.197031666666668)
_mview_entreprisesvariees_entreprises_variees.fid-7111a9c0_19415ae4b4d_7274,Auto-école Dieu Grace,Non agréée,False,19BP40,"{jeudi, lundi, mardi, mercredi}",Akplome,Adétikopé,Agoè-Nyivé 6,Agoè-Nyivé,POINT (1.229066666666667 6.3212866666666665)
_mview_entreprisesvariees_entreprises_variees.fid-7111a9c0_19415ae4b4d_7275,Auto-école  Saint Christophe Annexe Tsivé,Antenne agréée,True,,"{jeudi, lundi, mardi, mercredi, samedi, vendredi}",Tsive,Adétikopé,Agoè-Nyivé 6,Agoè-Nyivé,POINT (1.2149700000000008 6.3178849999999995)
_mview_entreprisesvariees_entreprises_variees.fid-7111a9c0_19415ae4b4d_7276,Auto-école Dakopas,Non agréée,False,,"{jeudi, lundi, mardi, mercredi, samedi, vendredi}",Yokoe,Aflao-Sagbado,Golfe 7,Golfe,POINT (1.1533070021818277 6.180571356135353)
_mview_entreprisesvariees_entreprises_variees.fid-7111a9c0_19415ae4b4d_7277,Auto-école CFC Sarl,Non agréée,False,,"{jeudi, lundi, mardi, mercredi, samedi, vendredi}",Agbalepedogan,Aflao-Gakli,Golfe 5,Golfe,POINT (1.201546731895331 6.179983556574924)
_mview_entreprisesvariees_entreprises_variees.fid-7111a9c0_19415ae4b4d_7278,Auto-école Jesus T'aime,Non agréée,False,,"{jeudi, lundi, mardi, mercredi, samedi, vendredi}",Yokoe,Aflao-Sagbado,Golfe 7,Golfe,POINT (1.146415 6.178336666666667)
_mview_entreprisesvariees_entreprises_variees.fid-7111a9c0_19415ae4b4d_7279,Auto-école la Joie Awatamé,Non agréée,False,,"{jeudi, lundi, mardi, mercredi, samedi, vendredi}",Awatame,Aflao-Sagbado,Golfe 7,Golfe,POINT (1.1624308854453222 6.180061693446676)
_mview_entreprisesvariees_entreprises_variees.fid-7111a9c0_19415ae4b4d_727a,Auto-école Bon Conducteur,Non agréée,False,A Côté De L'école Primaire Yokoe Copegan,"{jeudi, lundi, mardi, mercredi, samedi, vendredi}",Yokoe,Aflao-Sagbado,Golfe 7,Golfe,POINT (1.1384963168719777 6.17741434898323)
_mview_entreprisesvariees_entreprises_variees.fid-7111a9c0_19415ae4b4d_727b,Auto-école Basileia Klikamé,Antenne agréée,True,,"{jeudi, lundi, mardi, mercredi, samedi, vendredi}",Klikame,Sanguera,Agoè-Nyivé 5,Agoè-Nyivé,POINT (1.1145445758428403 6.250722010179545)
_mview_entreprisesvariees_entreprises_variees.fid-7111a9c0_19415ae4b4d_727c,Auto-école Mega Succès,Non agréée,False,,"{jeudi, lundi, mardi, mercredi, samedi, vendredi}",Dekpo,Sanguera,Agoè-Nyivé 5,Agoè-Nyivé,POINT (1.117213163454005 6.227652510561415)
_mview_entreprisesvariees_entreprises_variees.fid-7111a9c0_19415ae4b4d_727d,Auto-école le Génie Zopomahé,Antenne agréée,True,,"{jeudi, lundi, mardi, mercredi, samedi, vendredi}",Zopomahe,Sanguera,Agoè-Nyivé 5,Agoè-Nyivé,POINT (1.1474848457778564 6.23363345884964)
_mview_entreprisesvariees_entreprises_variees.fid-7111a9c0_19415ae4b4d_727e,Auto-école des Grape,Non agréée,False,,"{jeudi, lundi, mardi, mercredi, samedi, vendredi}",Djidjole,Aflao-Gakli,Golfe 5,Golfe,POINT (1.1874166666666666 6.183361666666668)
_mview_entreprisesvariees_entreprises_variees.fid-7111a9c0_19415ae4b4d_727f,Auto-école la Dignite Sûr,Non agréée,False,,"{jeudi, lundi, mardi, mercredi, samedi, vendredi}",Agbalepedo,Aflao-Gakli,Golfe 5,Golfe,POINT (1.202668333333334 6.194548333333333)
_mview_entreprisesvariees_entreprises_variees.fid-7111a9c0_19415ae4b4d_7280,Auto-école Adonaï Adidogomé,Antenne agréée,True,,"{jeudi, mardi, mercredi, samedi, vendredi}",Adidogome,Aflao-Gakli,Golfe 5,Golfe,POINT (1.1787966666666672 6.176594999999998)
_mview_entreprisesvariees_entreprises_variees.fid-7111a9c0_19415ae4b4d_7281,Auto-école L2CI,Non agréée,False,,"{jeudi, lundi, mardi, mercredi, vendredi}",Agbalepedogan,Agoè-Nyivé,Agoè-Nyivé 1,Agoè-Nyivé,POINT (1.2001500918119163 6.1990899084027244)
_mview_entreprisesvariees_entreprises_variees.fid-7111a9c0_19415ae4b4d_7282,Auto-école Damaris Casablanca,Agréée,True,,"{jeudi, lundi, mardi, mercredi, samedi, vendredi}",Casablanca,Bè-Ouest,Golfe 3,Golfe,POINT (1.2020446 6.1486219)
_mview_entreprisesvariees_entreprises_variees.fid-7111a9c0_19415ae4b4d_7283,Auto-école Feu Vert,Agréée,True,BP 333,"{jeudi, lundi, mardi, mercredi, samedi, vendredi}",Djidjole,Aflao-Gakli,Golfe 5,Golfe,POINT (1.1967500000000006 6.177315000000002)
_mview_entreprisesvariees_entreprises_variees.fid-7111a9c0_19415ae4b4d_7284,Auto-école Amenouvévé,Non agréée,False,,"{jeudi, lundi, mardi, mercredi, samedi, vendredi}",Lomégan,Aflao-Gakli,Golfe 5,Golfe,POINT (1.2042450000000002 6.186493333333333)
_mview_entreprisesvariees_entreprises_variees.fid-7111a9c0_19415ae4b4d_7285,Auto-école la Renaissance Djidjolé,Agréée,True,,,Djidjole,Aflao-Gakli,Golfe 5,Golfe,POINT (1.1882133333333338 6.181489999999999)
_mview_entreprisesvariees_entreprises_variees.fid-7111a9c0_19415ae4b4d_7286,Auto-école la Vision,Non agréée,False,,"{jeudi, lundi, mardi, mercredi, vendredi}",Djidjole,Aflao-Gakli,Golfe 5,Golfe,POINT (1.2021816666666663 6.178543333333332)
_mview_entreprisesvariees_entreprises_variees.fid-7111a9c0_19415ae4b4d_7287,Auto-école la Sympatique,Non agréée,False,,"{jeudi, lundi, mardi, mercredi, vendredi}",Djidjole,Bè-Ouest,Golfe 3,Golfe,POINT (1.2044316666666668 6.176146666666667)
_mview_entreprisesvariees_entreprises_variees.fid-7111a9c0_19415ae4b4d_7288,Auto Ecole / Garage la Patience,Non agréée,False,,"{jeudi, lundi, mardi, samedi, vendredi}",Totsi,Aflao-Gakli,Golfe 5,Golfe,POINT (1.1841583333333332 6.198431666666666)
_mview_entreprisesvariees_entreprises_variees.fid-7111a9c0_19415ae4b4d_7289,Auto-école St Antoine Junior,Non agréée,False,,"{jeudi, lundi, mardi, mercredi, samedi, vendredi}",Totsi Gblinkome,Aflao-Gakli,Golfe 5,Golfe,POINT (1.1813957858779862 6.191757771230936)
_mview_entreprisesvariees_entreprises_variees.fid-7111a9c0_19415ae4b4d_728a,Auto-école les Prodiges,Agréée,True,BP 1853 Lome-Togo,"{jeudi, lundi, mardi, mercredi, vendredi}",Djidjole,Bè-Ouest,Golfe 3,Golfe,POINT (1.2024873838674335 6.173072176668036)
_mview_entreprisesvariees_entreprises_variees.fid-7111a9c0_19415ae4b4d_728b,Auto-école le Gar,Non agréée,False,,"{jeudi, lundi, mardi, mercredi, samedi, vendredi}",Lomegan,Bè-Ouest,Golfe 3,Golfe,POINT (1.2058822511445 6.180312585039518)
_mview_entreprisesvariees_entreprises_variees.fid-7111a9c0_19415ae4b4d_728c,Auto-école ICAE-Vie,Non agréée,False,,"{jeudi, lundi, mardi, mercredi, samedi, vendredi}",Totsi,Aflao-Gakli,Golfe 5,Golfe,POINT (1.1838816666666665 6.197978333333333)
_mview_entreprisesvariees_entreprises_variees.fid-7111a9c0_19415ae4b4d_728d,Auto-école Djifa,Non agréée,False,,"{jeudi, mardi, mercredi, samedi, vendredi}",Gblenkome,Aflao-Gakli,Golfe 5,Golfe,POINT (1.185565985539394 6.189940384627703)
_mview_entreprisesvariees_entreprises_variees.fid-7111a9c0_19415ae4b4d_728e,Auto-école le Creneau,Non agréée,False,BP 8798,"{jeudi, lundi, mardi, mercredi, vendredi}",Avedji,Aflao-Gakli,Golfe 5,Golfe,POINT (1.1751366666666674 6.190169999999999)
_mview_entreprisesvariees_entreprises_variees.fid-7111a9c0_19415ae4b4d_728f,Auto-école Rabbouni,Non agréée,False,BP 14008,"{jeudi, lundi, mardi, mercredi, samedi, vendredi}",Sagbado,Aflao-Gakli,Golfe 5,Golfe,POINT (1.1500399999999995 6.199046666666666)
_mview_entreprisesvariees_entreprises_variees.fid-7111a9c0_19415ae4b4d_7290,Auto-école CFCP,Non agréée,False,,"{jeudi, lundi, mardi, mercredi, samedi, vendredi}",Avedji,Aflao-Gakli,Golfe 5,Golfe,POINT (1.1713509698210836 6.200422422515475)
_mview_entreprisesvariees_entreprises_variees.fid-7111a9c0_19415ae4b4d_7291,Auto-Ecole CV-AV,Non agréée,False,,"{jeudi, lundi, mardi, mercredi, vendredi}",Amadahome,Aflao-Gakli,Golfe 5,Golfe,POINT (1.1533746648672873 6.199544222765724)
_mview_entreprisesvariees_entreprises_variees.fid-7111a9c0_19415ae4b4d_7292,Auto-école la Prudence Adidogomé,Non agréée,False,,"{jeudi, lundi, mardi, mercredi, samedi, vendredi}",Adidogome Franciscain,Aflao-Gakli,Golfe 5,Golfe,POINT (1.1791084573644872 6.185009058894415)
_mview_entreprisesvariees_entreprises_variees.fid-7111a9c0_19415ae4b4d_7293,Auto-école les Amis Adidogomé,Antenne agréée,True,04 Lome 762,"{jeudi, lundi, mardi, mercredi, samedi, vendredi}",Adidogome,Aflao-Gakli,Golfe 5,Golfe,POINT (1.1681049999999993 6.181533333333335)
_mview_entreprisesvariees_entreprises_variees.fid-7111a9c0_19415ae4b4d_7294,Auto-école Ava-Togo Adidogomé,Agréée,True,,"{jeudi, lundi, mardi, mercredi, vendredi}",Adidogome,Aflao-Gakli,Golfe 5,Golfe,POINT (1.1508349999999994 6.203371666666668)
_mview_entreprisesvariees_entreprises_variees.fid-7111a9c0_19415ae4b4d_7295,Auto-école le Jalon,Agréée,True,,"{jeudi, lundi, mardi, mercredi, samedi, vendredi}",Amadahome,Aflao-Gakli,Golfe 5,Golfe,POINT (1.1588466666666668 6.1987016666666666)
_mview_entreprisesvariees_entreprises_variees.fid-7111a9c0_19415ae4b4d_7296,Auto-école Merveilles de Paris,Non agréée,False,,"{jeudi, lundi, mardi, mercredi, samedi, vendredi}",Adidoadin,Agoè-Nyivé,Agoè-Nyivé 1,Agoè-Nyivé,POINT (1.1866331516324233 6.20740489002387)
_mview_entreprisesvariees_entreprises_variees.fid-7111a9c0_19415ae4b4d_7297,Auto-école Adonaï Agbalépédogan,Agréée,True,,"{jeudi, lundi, mardi, mercredi, samedi, vendredi}",Agbalepedogan,Bè-Ouest,Golfe 3,Golfe,POINT (1.2075833910232152 6.188512960678962)
_mview_entreprisesvariees_entreprises_variees.fid-7111a9c0_19415ae4b4d_7298,Auto-école Dieu Merci Agbalépédogan,Non agréée,False,,"{jeudi, lundi, mardi, mercredi, vendredi}",Agbalepedogan,Aflao-Gakli,Golfe 5,Golfe,POINT (1.1925266666666667 6.196786666666665)
_mview_entreprisesvariees_entreprises_variees.fid-7111a9c0_19415ae4b4d_7299,Auto-école la Colombe de Dieu Annexe,Non agréée,False,,"{jeudi, mardi, mercredi, samedi, vendredi}",Adidoadin,Agoè-Nyivé,Agoè-Nyivé 1,Agoè-Nyivé,POINT (1.187888333333334 6.206473333333335)
_mview_entreprisesvariees_entreprises_variees.fid-7111a9c0_19415ae4b4d_729a,Auto-école BM FEOP,Non agréée,False,,,Agbalepedo Dabla Kope,Agoè-Nyivé,Agoè-Nyivé 1,Agoè-Nyivé,POINT (1.2053166666666668 6.19956)
_mview_entreprisesvariees_entreprises_variees.fid-7111a9c0_19415ae4b4d_729b,Auto-école ONG Domino,Agréée,True,90053418,"{jeudi, lundi, mardi, mercredi, vendredi}",Be,Bè-Est,Golfe 1,Golfe,POINT (1.2453460894532717 6.1448207409752955)
_mview_entreprisesvariees_entreprises_variees.fid-7111a9c0_19415ae4b4d_729c,Auto-école la Référence Houvémé,Agréée,True,,"{jeudi, lundi, mardi, mercredi, samedi, vendredi}",Be Houveme,Bè-Est,Golfe 1,Golfe,POINT (1.2492262048428784 6.147984792036858)
_mview_entreprisesvariees_entreprises_variees.fid-7111a9c0_19415ae4b4d_729d,Auto-école Saint Antoine de Padoue,Agréée,True,91344868,"{jeudi, lundi, mardi, mercredi, samedi, vendredi}",Be Souza Kotokoukodzi,Bè-Est,Golfe 1,Golfe,POINT (1.2543852322066162 6.136101278951408)
_mview_entreprisesvariees_entreprises_variees.fid-7111a9c0_19415ae4b4d_729e,Auto-école Emmanuel Jules,Agréée,True,,"{jeudi, lundi, mardi, mercredi, samedi, vendredi}",Be Bassadji,Amoutivé,Golfe 4,Golfe,POINT (1.235801714109525 6.1435482418317715)
_mview_entreprisesvariees_entreprises_variees.fid-7111a9c0_19415ae4b4d_729f,Auto-école la Liberté Akato,Antenne agréée,True,Non Loin du Carrefour Akato Deme,"{jeudi, lundi, mardi, mercredi, samedi, vendredi}",Akato Deme,Aflao-Sagbado,Golfe 7,Golfe,POINT (1.0989683333333333 6.2033933333333335)
_mview_entreprisesvariees_entreprises_variees.fid-7111a9c0_19415ae4b4d_72a0,Auto-école Basileia Gbossimé,Antenne agréée,True,,"{jeudi, lundi, mardi, mercredi, samedi, vendredi}",Gbossime,Bè-Ouest,Golfe 3,Golfe,POINT (1.2047633333333334 6.159006666666667)
_mview_entreprisesvariees_entreprises_variees.fid-7111a9c0_19415ae4b4d_72a1,Auto-école Saint Kizito Bè Hédzé,Antenne agréée,True,,"{jeudi, lundi, mardi, mercredi, samedi, vendredi}",Be Hedze,Bè-Est,Golfe 1,Golfe,POINT (1.2439466666666663 6.147713333333332)
_mview_entreprisesvariees_entreprises_variees.fid-7111a9c0_19415ae4b4d_72a2,Auto-école THV,Non agréée,False,,"{jeudi, lundi, mardi, mercredi, samedi, vendredi}",Ablogame,Bè-Est,Golfe 1,Golfe,POINT (1.2558936734708845 6.13647974897605)
_mview_entreprisesvariees_entreprises_variees.fid-7111a9c0_19415ae4b4d_72a3,Auto-école Diipesha,Non agréée,False,,"{jeudi, lundi, mardi, mercredi, samedi, vendredi}",Gbenyedji,Bè-Est,Golfe 1,Golfe,POINT (1.2554529188558758 6.14785473696195)
_mview_entreprisesvariees_entreprises_variees.fid-7111a9c0_19415ae4b4d_72a4,Auto-école Rapha Bè Kpota,Agréée,True,,"{jeudi, lundi, mardi, mercredi, samedi, vendredi}",Be Kpota,Bè-Est,Golfe 1,Golfe,POINT (1.2467189225578386 6.152805466266955)
_mview_entreprisesvariees_entreprises_variees.fid-7111a9c0_19415ae4b4d_72a5,Auto-école du Mono,Non agréée,False,91991803,"{jeudi, lundi, mardi, mercredi, samedi, vendredi}",Ablogame,Bè-Est,Golfe 1,Golfe,POINT (1.2615141120257083 6.136625342074)
_mview_entreprisesvariees_entreprises_variees.fid-7111a9c0_19415ae4b4d_72a6,Auto-école Pas de Temps,Agréée,True,90243911,"{jeudi, lundi, mardi, mercredi, samedi, vendredi}",Be Kpota,Bè-Est,Golfe 1,Golfe,POINT (1.2449009123698282 6.15238311686108)
_mview_entreprisesvariees_entreprises_variees.fid-7111a9c0_19415ae4b4d_72a7,Auto-école le Genie Souza Nètimé,Antenne agréée,True,13BP: 538 Lomé-togo,"{jeudi, lundi, mardi, mercredi, samedi, vendredi}",Souza Netime,Bè-Est,Golfe 1,Golfe,POINT (1.2358171560192586 6.137109839428764)
_mview_entreprisesvariees_entreprises_variees.fid-7111a9c0_19415ae4b4d_72a8,Auto-école la Lumiere,Non agréée,False,,"{jeudi, lundi, mardi, mercredi, vendredi}",Be-kpota,Bè-Est,Golfe 1,Golfe,POINT (1.2660399999999998 6.157544999999999)
_mview_entreprisesvariees_entreprises_variees.fid-7111a9c0_19415ae4b4d_72a9,Auto-école Richmond,Non agréée,False,98736078,"{jeudi, lundi, mardi, mercredi, vendredi}",Souzanetime,Bè-Est,Golfe 1,Golfe,POINT (1.2432383333333334 6.137831666666666)
_mview_entreprisesvariees_entreprises_variees.fid-7111a9c0_19415ae4b4d_72aa,Auto-école Moderne,Non agréée,False,01BP1383,"{jeudi, lundi, mardi, mercredi, samedi, vendredi}",Akodessewa,Bè-Est,Golfe 1,Golfe,POINT (1.2649747812850825 6.153873266610683)
_mview_entreprisesvariees_entreprises_variees.fid-7111a9c0_19415ae4b4d_72ab,Auto-école St GK,Non agréée,False,,"{jeudi, lundi, mardi, mercredi, samedi, vendredi}",Sogbossito,Agoè-Nyivé,Agoè-Nyivé 1,Agoè-Nyivé,POINT (1.1716183333333337 6.252565000000001)
_mview_entreprisesvariees_entreprises_variees.fid-7111a9c0_19415ae4b4d_72ac,Auto-école le Requin,Non agréée,False,93207625,"{jeudi, lundi, mardi, mercredi, vendredi}",Hadi Kpota,Bè-Est,Golfe 1,Golfe,POINT (1.2666438518113032 6.16374566326345)
_mview_entreprisesvariees_entreprises_variees.fid-7111a9c0_19415ae4b4d_72ad,Auto-école à Dieu la Gloire Bè,Antenne agréée,True,92055124,"{jeudi, lundi, mardi, mercredi, samedi, vendredi}",N/a,Bè-Est,Golfe 1,Golfe,POINT (1.2753943770261118 6.175815977433112)
_mview_entreprisesvariees_entreprises_variees.fid-7111a9c0_19415ae4b4d_72ae,Auto-école Ecole JADS,Non agréée,False,92530809,"{jeudi, lundi, mardi, mercredi, vendredi}",Be Kpota,Bè-Est,Golfe 1,Golfe,POINT (1.262223218405205 6.160959381838679)
_mview_entreprisesvariees_entreprises_variees.fid-7111a9c0_19415ae4b4d_72af,Auto-école le Professeur,Agréée,True,90134934/99953737,"{jeudi, lundi, mardi, mercredi, samedi, vendredi}",Atiegou,Bè-Est,Golfe 1,Golfe,POINT (1.2676333371633681 6.1781458791487625)
_mview_entreprisesvariees_entreprises_variees.fid-7111a9c0_19415ae4b4d_72b0,Auto-école J.charmer,Non agréée,False,98447616/91694261,"{jeudi, lundi, mardi, mercredi, vendredi}",Be Kpota,Bè-Centre,Golfe 2,Golfe,POINT (1.2413744305875263 6.151178717573525)
_mview_entreprisesvariees_entreprises_variees.fid-7111a9c0_19415ae4b4d_72b1,Auto-école Emaris,Non agréée,False,91823279,"{jeudi, lundi, mardi, mercredi, samedi, vendredi}",Atiegou Kolas,Bè-Est,Golfe 1,Golfe,POINT (1.2755823000651545 6.1785082320962)
_mview_entreprisesvariees_entreprises_variees.fid-7111a9c0_19415ae4b4d_72b2,Auto-école le Genie Logopé,Agréée,True,,"{jeudi, lundi, mardi, mercredi, samedi, vendredi}",Logope,Agoè-Nyivé,Agoè-Nyivé 1,Agoè-Nyivé,POINT (1.1866553046907016 6.233949060373368)
_mview_entreprisesvariees_entreprises_variees.fid-7111a9c0_19415ae4b4d_72b3,Auto-école Awara,Agréée,True,Kossigan,"{jeudi, lundi, mardi, mercredi, samedi, vendredi}",Logope,Agoè-Nyivé,Agoè-Nyivé 1,Agoè-Nyivé,POINT (1.1851066666666674 6.234589999999998)
_mview_entreprisesvariees_entreprises_variees.fid-7111a9c0_19415ae4b4d_72b4,Auto-école KMK Sarl Annexe,Non agréée,False,,"{jeudi, lundi, mardi, mercredi, samedi, vendredi}",Logope,Agoè-Nyivé,Agoè-Nyivé 1,Agoè-Nyivé,POINT (1.182116666666667 6.230106666666667)
_mview_entreprisesvariees_entreprises_variees.fid-7111a9c0_19415ae4b4d_72b5,Auto-école le Genie Afamé,Antenne agréée,True,BP 4234,"{jeudi, lundi, mardi, mercredi, vendredi}",Afame,Bè-Est,Golfe 1,Golfe,POINT (1.2791200000000011 6.168874999999999)
_mview_entreprisesvariees_entreprises_variees.fid-7111a9c0_19415ae4b4d_72b6,Auto-école Dieu Merci,Non agréée,False,92806935,"{jeudi, lundi, mardi, mercredi, vendredi}",Adakpame,Bè-Est,Golfe 1,Golfe,POINT (1.2918499255797147 6.169704966522096)
_mview_entreprisesvariees_entreprises_variees.fid-7111a9c0_19415ae4b4d_72b7,Auto-école Saint Kizito Zoro Bar,Antenne agréée,True,90997375,"{jeudi, lundi, mardi, mercredi, vendredi}",Zoro Bar,Bè-Est,Golfe 1,Golfe,POINT (1.2831279110434608 6.167025768668737)
_mview_entreprisesvariees_entreprises_variees.fid-7111a9c0_19415ae4b4d_72b8,Auto-école Saint Kizito Kagomé,Antenne agréée,True,,"{jeudi, lundi, mardi, mercredi, vendredi}",Kagome,Bè-Est,Golfe 1,Golfe,POINT (1.2983703200552288 6.167819153285302)
_mview_entreprisesvariees_entreprises_variees.fid-7111a9c0_19415ae4b4d_72b9,Auto-école la Puissance Divine Sabeto,Non agréée,False,98949126,"{jeudi, lundi, mardi, mercredi, samedi, vendredi}",Sabeto,Bè-Est,Golfe 1,Golfe,POINT (1.2820816666666672 6.174011666666666)
_mview_entreprisesvariees_entreprises_variees.fid-7111a9c0_19415ae4b4d_72ba,Auto-école la Puissance Divine Adakpamé,Non agréée,False,,"{jeudi, lundi, mardi, mercredi, samedi, vendredi}",Adakpame,Bè-Est,Golfe 1,Golfe,POINT (1.2896603201688392 6.171071095937135)
_mview_entreprisesvariees_entreprises_variees.fid-7111a9c0_19415ae4b4d_72bb,Auto-école l'étoile,Non agréée,False,,"{jeudi, lundi, mardi, mercredi, samedi, vendredi}",Kelegougan,Bè-Est,Golfe 1,Golfe,POINT (1.2405699999999997 6.216573333333334)
_mview_entreprisesvariees_entreprises_variees.fid-7111a9c0_19415ae4b4d_72bc,Auto-école Dieu Merci Adakpamé,Non agréée,False,,"{jeudi, lundi, mardi, mercredi, samedi, vendredi}",Adakpame,Bè-Est,Golfe 1,Golfe,POINT (1.2891266666666668 6.167624999999998)
_mview_entreprisesvariees_entreprises_variees.fid-7111a9c0_19415ae4b4d_72bd,Auto-école St Paul,Non agréée,False,,"{jeudi, lundi, mardi, mercredi, samedi, vendredi}",Nukafu,Bè-Centre,Golfe 2,Golfe,POINT (1.2417716666666665 6.158188333333334)
_mview_entreprisesvariees_entreprises_variees.fid-7111a9c0_19415ae4b4d_72be,Auto-école Malembe Malembe,Non agréée,False,,"{jeudi, lundi, mardi, mercredi, vendredi}",Togo 2000,Bè-Centre,Golfe 2,Golfe,POINT (1.254828412999465 6.188855334180798)
_mview_entreprisesvariees_entreprises_variees.fid-7111a9c0_19415ae4b4d_72bf,Auto-école Rapha Wuiti-Nukafu,Antenne agréée,True,,"{jeudi, lundi, mardi, mercredi, vendredi}",Wuiti-nukafu,Bè-Centre,Golfe 2,Golfe,POINT (1.2399206163414642 6.163057762691574)
_mview_entreprisesvariees_entreprises_variees.fid-7111a9c0_19415ae4b4d_72c0,Auto-école la Perseverance,Non agréée,False,,"{jeudi, lundi, mardi, mercredi, vendredi}",Anoukopé,Amoutivé,Golfe 4,Golfe,POINT (1.2197308877142081 6.137236990088388)
_mview_entreprisesvariees_entreprises_variees.fid-7111a9c0_19415ae4b4d_72c1,Auto-école CFC-PRO SARL,Non agréée,False,,"{jeudi, lundi, mardi, mercredi, samedi, vendredi}",Be-clime,Bè-Ouest,Golfe 3,Golfe,POINT (1.208839037322003 6.179498213804031)
_mview_entreprisesvariees_entreprises_variees.fid-7111a9c0_19415ae4b4d_72c2,Auto-école Petit Jesus,Non agréée,False,,"{jeudi, lundi, mardi, mercredi, samedi, vendredi}",Tekoin Séminaire,Amoutivé,Golfe 4,Golfe,POINT (1.2112786628034622 6.148260670274587)
_mview_entreprisesvariees_entreprises_variees.fid-7111a9c0_19415ae4b4d_72c3,Auto-école Amen,Non agréée,False,90189654,"{jeudi, lundi, mardi, mercredi, samedi, vendredi}",Carrefour Commando,Agoè-Nyivé,Agoè-Nyivé 1,Agoè-Nyivé,POINT (1.1888566666666671 6.241486666666665)
_mview_entreprisesvariees_entreprises_variees.fid-7111a9c0_19415ae4b4d_72c4,Auto-école le Citoyen,Non agréée,False,Agoè Koshigan 2,"{jeudi, lundi, mardi, mercredi, samedi, vendredi}",Koshigan2,Agoè-Nyivé,Agoè-Nyivé 1,Agoè-Nyivé,POINT (1.1666043026445259 6.2435083548325325)
_mview_entreprisesvariees_entreprises_variees.fid-7111a9c0_19415ae4b4d_72c5,Auto-école les Benis,Non agréée,False,,,Agoe Assiyeye,Agoè-Nyivé,Agoè-Nyivé 1,Agoè-Nyivé,POINT (1.20052523971031 6.235151174169916)
_mview_entreprisesvariees_entreprises_variees.fid-7111a9c0_19415ae4b4d_72c6,Auto-école le Reccord,Non agréée,False,,"{jeudi, lundi, mardi, mercredi, vendredi}",Agoe Minamadou,Agoè-Nyivé,Agoè-Nyivé 1,Agoè-Nyivé,POINT (1.1932399999999992 6.224793333333335)
_mview_entreprisesvariees_entreprises_variees.fid-7111a9c0_19415ae4b4d_72c7,Auto-école Nzambe-Nzambe Dekon,Antenne agréée,True,92861212,"{lundi,mardi,mercredi,jeudi,vendredi,samedi}",Dekon,Bè-Est,Golfe 1,Golfe,POINT (1.2341946993006796 6.134486700471797)
_mview_entreprisesvariees_entreprises_variees.fid-7111a9c0_19415ae4b4d_72c8,Auto-école Nzambe-Nzambe Kegue,Agréée,True,Sise en face du stade de kegue,"{lundi,mardi,mercredi,vendredi,samedi}",Kégué,Bè-Centre,Golfe 2,Golfe,POINT (1.2411228581563578 6.201321012932121)
_mview_entreprisesvariees_entreprises_variees.fid-7111a9c0_19415ae4b4d_72c9,Auto-école Nzambe-Nzambe Hedzranawoe,Antenne agréée,True,,"{lundi,mardi,mercredi,jeudi,vendredi,samedi}",Hedzranawoe,Bè-Centre,Golfe 2,Golfe,POINT (1.2442916666666668 6.170398333333332)
_mview_entreprisesvariees_entreprises_variees.fid-7111a9c0_19415ae4b4d_72ca,Auto-école l'internationale Pilote,Non agréée,False,BP 4225,"{lundi,mardi,mercredi,jeudi,vendredi}",Amoutiévé,Amoutivé,Golfe 4,Golfe,POINT (1.22888 6.138706666666665)
_mview_entreprisesvariees_entreprises_variees.fid-7111a9c0_19415ae4b4d_72cb,Auto-école Basileia  Abové,Agréée,True,,"{lundi,mardi,mercredi,jeudi,vendredi,samedi}",Above,Bè-Ouest,Golfe 3,Golfe,POINT (1.2047504038396144 6.165303403778479)
_mview_entreprisesvariees_entreprises_variees.fid-7111a9c0_19415ae4b4d_72cc,Auto-école la Maitrise,Agréée,True,01BP 5040,"{lundi,mardi,mercredi,jeudi,vendredi,samedi}",Nyekonakpoe,Amoutivé,Golfe 4,Golfe,POINT (1.2043283333333341 6.126713333333333)
_mview_entreprisesvariees_entreprises_variees.fid-7111a9c0_19415ae4b4d_72cd,Auto-école le Gouverneur,Agréée,True,BP 2803,"{lundi,mardi,mercredi,jeudi,vendredi,samedi}",Kassamblaca,Bè-Ouest,Golfe 3,Golfe,POINT (1.2068400000000001 6.152945)
_mview_entreprisesvariees_entreprises_variees.fid-7111a9c0_19415ae4b4d_72ce,Auto-école Deo Compassion,Agréée,True,92233574,"{lundi,mardi,mercredi,jeudi,vendredi}",Nukafu,Bè-Centre,Golfe 2,Golfe,POINT (1.238105 6.159020000000001)
_mview_entreprisesvariees_entreprises_variees.fid-7111a9c0_19415ae4b4d_72cf,Auto-école Nzambe Nzambe Tinga,Antenne agréée,True,,"{lundi,mardi,jeudi,mercredi,samedi}",Tinga,Bè-Centre,Golfe 2,Golfe,POINT (1.2481522262201863 6.201197072965417)
_mview_entreprisesvariees_entreprises_variees.fid-7111a9c0_19415ae4b4d_72d0,Auto-école OCDI,Agréée,True,07BP448,"{lundi,mardi,mercredi,jeudi,vendredi}",Tokoin Séminaire,Bè-Ouest,Golfe 3,Golfe,POINT (1.2097865522019817 6.1490815635885605)
_mview_entreprisesvariees_entreprises_variees.fid-7111a9c0_19415ae4b4d_72d1,Auto-école FCAM,Agréée,True,,"{lundi,mardi,mercredi,jeudi,vendredi,samedi}",Nyekonakpoe,Amoutivé,Golfe 4,Golfe,POINT (1.2027983333333332 6.1263733333333334)
_mview_entreprisesvariees_entreprises_variees.fid-7111a9c0_19415ae4b4d_72d2,Auto-école la Patience,Non agréée,False,,"{lundi,mercredi,mardi,jeudi,vendredi}",Nyekonakpoe,Amoutivé,Golfe 4,Golfe,POINT (1.2136883333333335 6.131481666666667)
_mview_entreprisesvariees_entreprises_variees.fid-7111a9c0_19415ae4b4d_72d3,Auto-école AE,Non agréée,False,,"{lundi,mardi,mercredi,jeudi,vendredi}",Nukafu,Bè-Centre,Golfe 2,Golfe,POINT (1.2336333714600851 6.158349656503773)
_mview_entreprisesvariees_entreprises_variees.fid-7111a9c0_19415ae4b4d_72d4,Auto-école Guilgal,Agréée,True,,"{lundi,mardi,mercredi,jeudi,vendredi,samedi}",Hedzranawoe,Bè-Centre,Golfe 2,Golfe,POINT (1.2418071590434765 6.185811851383592)
_mview_entreprisesvariees_entreprises_variees.fid-7111a9c0_19415ae4b4d_72d5,Auto-école Grace Of God,Agréée,True,,"{lundi,mardi,mercredi,jeudi,vendredi,samedi}",Gbadago,Amoutivé,Golfe 4,Golfe,POINT (1.2146854314992657 6.148453335079997)
_mview_entreprisesvariees_entreprises_variees.fid-7111a9c0_19415ae4b4d_72d6,Auto-école Freeway,Agréée,True,,"{lundi,mardi,mercredi,jeudi,vendredi,samedi}",Sanguera,Sanguera,Agoè-Nyivé 5,Agoè-Nyivé,POINT (1.12098 6.230416116312027)
_mview_entreprisesvariees_entreprises_variees.fid-7111a9c0_19415ae4b4d_72d7,Auto-école Mega Succes,Non agréée,False,,"{lundi,mardi,mercredi,jeudi,vendredi,samedi}",Dekpo,Sanguera,Agoè-Nyivé 5,Agoè-Nyivé,POINT (1.1171966666666666 6.227661666666668)
_mview_entreprisesvariees_entreprises_variees.fid-7111a9c0_19415ae4b4d_72d8,Auto-école la Classe,Non agréée,False,,"{lundi,mardi,mercredi,jeudi,vendredi,samedi}",Logope,Légbassito,Agoè-Nyivé 2,Agoè-Nyivé,POINT (1.1588376871019987 6.249764266525649)
_mview_entreprisesvariees_entreprises_variees.fid-7111a9c0_19415ae4b4d_72d9,Auto-école Gloire à Dieu Légbassito,Antenne agréée,True,,"{lundi,mardi,mercredi,jeudi,vendredi}",Sogbassito,Agoè-Nyivé,Agoè-Nyivé 1,Agoè-Nyivé,POINT (1.1731267383815116 6.247622705924113)
_mview_entreprisesvariees_entreprises_variees.fid-7111a9c0_19415ae4b4d_72da,Auto-école St Francois,Non agréée,False,98048999,"{lundi,mardi,mercredi,vendredi,samedi}",Logopé,Légbassito,Agoè-Nyivé 2,Agoè-Nyivé,POINT (1.1576513448196448 6.255821814843985)
_mview_entreprisesvariees_entreprises_variees.fid-7111a9c0_19415ae4b4d_72db,Auto-école le Defi Septemtrion,Agréée,True,,"{lundi,mardi,mercredi,jeudi,vendredi,samedi,dimanche}",Fehing,Commune De Kara,Kozah 1,Kozah,POINT (1.217915000000001 9.562229999999998)
_mview_entreprisesvariees_entreprises_variees.fid-7111a9c0_19415ae4b4d_72dc,Auto-école Securite Pour Tous,Agréée,True,BP 679,"{lundi,mardi,mercredi,jeudi,vendredi}",Ewaou,Commune De Kara,Kozah 1,Kozah,POINT (1.197487640222207 9.54737364568313)
_mview_entreprisesvariees_entreprises_variees.fid-7111a9c0_19415ae4b4d_72dd,Auto-école Bon Courage Kparatao,Antenne agréée,True,,"{lundi,mardi,mercredi,jeudi,vendredi}",Kparantaou,Bafilo,Assoli 1,Assoli,POINT (1.2464165384878731 9.362072719279846)
_mview_entreprisesvariees_entreprises_variees.fid-7111a9c0_19415ae4b4d_72de,Auto-école la Connaissance,Non agréée,False,,,Andjaoude,Commune De Kara,Kozah 1,Kozah,POINT (1.2079083333333336 9.559028333333336)
_mview_entreprisesvariees_entreprises_variees.fid-7111a9c0_19415ae4b4d_72df,Auto-école Agbeteo,Non agréée,False,,"{lundi,mardi,mercredi,jeudi,vendredi,samedi}",Zongo,Commune De Kara,Kozah 1,Kozah,POINT (1.1858649999999993 9.545140000000002)
_mview_entreprisesvariees_entreprises_variees.fid-7111a9c0_19415ae4b4d_72e0,Auto-école la Bienvenue,Non agréée,False,,"{lundi,mercredi,jeudi,vendredi,dimanche,samedi,mardi}",Tomde,Commune De Kara,Kozah 1,Kozah,POINT (1.2051278936355518 9.556609215759348)
_mview_entreprisesvariees_entreprises_variees.fid-7111a9c0_19415ae4b4d_72e1,Auto-école Pugnus Dei Welade,Agréée,True,,"{samedi,vendredi,jeudi,mercredi,mardi,lundi}",Welade,Commune De Kara,Kozah 1,Kozah,POINT (1.1934021863481121 9.557288518275392)
_mview_entreprisesvariees_entreprises_variees.fid-7111a9c0_19415ae4b4d_72e2,Auto-école les Grands Patassoukomé,Antenne agréée,True,,"{lundi,mardi,mercredi,jeudi,vendredi,samedi}",Patassoukome,Commune De Kara,Kozah 1,Kozah,POINT (1.1883199999999998 9.547373333333335)
_mview_entreprisesvariees_entreprises_variees.fid-7111a9c0_19415ae4b4d_72e3,Auto-école Bon Courage Awaou,Agréée,True,BP 292,"{lundi,mardi,mercredi,jeudi,vendredi,samedi}",Ewaou,Commune De Kara,Kozah 1,Kozah,POINT (1.1973950000000002 9.545631666666665)
_mview_entreprisesvariees_entreprises_variees.fid-7111a9c0_19415ae4b4d_72e4,Auto-école le Sauveur Vient,Agréée,True,BP 147,"{lundi,mardi,mercredi,jeudi,vendredi,samedi}",Tomde,Commune De Kara,Kozah 1,Kozah,POINT (1.2026316666666665 9.551556666666666)
_mview_entreprisesvariees_entreprises_variees.fid-7111a9c0_19415ae4b4d_72e5,Auto-école de la Kozah,Non agréée,False,,"{dimanche,samedi,vendredi,jeudi,mercredi,mardi,lundi}",Tchalode,Commune De Kara,Kozah 1,Kozah,POINT (1.19315 9.568231666666666)
_mview_entreprisesvariees_entreprises_variees.fid-7111a9c0_19415ae4b4d_72e6,Auto-école Sajer,Non agréée,False,,"{lundi,mardi,mercredi,jeudi,vendredi,samedi}",Ewoou,Commune De Kara,Kozah 1,Kozah,POINT (1.1914700000000003 9.548641666666667)
_mview_entreprisesvariees_entreprises_variees.fid-7111a9c0_19415ae4b4d_72e7,Auto-école la Satisfaction,Non agréée,False,,"{lundi,mardi,mercredi,jeudi,vendredi,samedi,dimanche}",Nangbani,Bassar,Bassar 1,Bassar,POINT (0.7856883333333328 9.272320000000002)
_mview_entreprisesvariees_entreprises_variees.fid-7111a9c0_19415ae4b4d_72e8,Auto-école les Intégrés,Non agréée,False,,"{samedi,vendredi,jeudi,mercredi,mardi,lundi}",Biakpabe,Bassar,Bassar 1,Bassar,POINT (0.7799816666666667 9.273484999999996)
_mview_entreprisesvariees_entreprises_variees.fid-7111a9c0_19415ae4b4d_72e9,Auto-école Saint Jules Agbodan,Antenne agréée,True,99915996,"{samedi,vendredi,jeudi,mercredi,mardi,lundi}",Agbodan,Gbodjomé,Lacs 3,Lacs,POINT (1.4165491173625513 6.206722459544289)
_mview_entreprisesvariees_entreprises_variees.fid-7111a9c0_19415ae4b4d_72ea,Auto-école Damaris Agbavi,Antenne agréée,True,90047716,"{lundi,mardi,mercredi,jeudi,vendredi,samedi}",Agbavi,Gbodjomé,Lacs 3,Lacs,POINT (1.3947366666666672 6.189736666666666)
_mview_entreprisesvariees_entreprises_variees.fid-7111a9c0_19415ae4b4d_72eb,Auto-école le Berger,Non agréée,False,,"{lundi,mardi,mercredi,jeudi,vendredi,samedi}",Afoin Kpota,Anfoin,Lacs 4,Lacs,POINT (1.6101466666666668 6.327245)
_mview_entreprisesvariees_entreprises_variees.fid-7111a9c0_19415ae4b4d_72ec,Auto-école Merciful God,Agréée,True,BP 78 Tsévié,"{lundi,mardi,mercredi,jeudi,vendredi,samedi}",Agbalipe,Tsévié,Zio 1,Zio,POINT (1.212641027950797 6.4318829525443215)
_mview_entreprisesvariees_entreprises_variees.fid-7111a9c0_19415ae4b4d_72ed,Le Renouveau Centre de Formation Et d Éducation Routiere Aklakou,Non renseigné,False,,"{lundi,mardi,mercredi,jeudi,vendredi,samedi}",Aklakou Noblokome,Aklakou,Lacs 2,Lacs,POINT (1.7121201915079372 6.338482624851224)
_mview_entreprisesvariees_entreprises_variees.fid-7111a9c0_19415ae4b4d_72ee,Auto-école Domino,Agréée,True,99463827/91825854/98564654,"{lundi,mardi,mercredi,jeudi,vendredi,samedi}",Yesuvito,Vogan,Vo 1,Vo,POINT (1.529565847662365 6.333567118068137)
_mview_entreprisesvariees_entreprises_variees.fid-7111a9c0_19415ae4b4d_72ef,Auto-école Musai Togo,Non agréée,False,98254049 / 99044122,"{lundi,mardi,mercredi,jeudi,vendredi,samedi,dimanche}",Agbleta,Afagnangan,Bas-Mono 1,Bas-Mono,POINT (1.6252950000000002 6.493359999999999)
_mview_entreprisesvariees_entreprises_variees.fid-7111a9c0_19415ae4b4d_72f0,Auto-école Saint Kizito Agbemavo,Antenne agréée,True,98840953 Vogan,"{lundi,mardi,mercredi,jeudi,vendredi,samedi}",Agbemavo,Vogan,Vo 1,Vo,POINT (1.5232577074397766 6.340452162204777)
_mview_entreprisesvariees_entreprises_variees.fid-7111a9c0_19415ae4b4d_72f1,Auto-école Levireste,Non agréée,False,,"{lundi,mardi,mercredi,jeudi,vendredi,samedi}",Amadoto,Canton D’Aneho,Lacs 1,Lacs,POINT (1.6138872290738617 6.23845617168974)
_mview_entreprisesvariees_entreprises_variees.fid-7111a9c0_19415ae4b4d_72f2,Auto-école Amea,Non agréée,False,Cite A -togo,"{lundi,mardi,mercredi,jeudi,vendredi,samedi}",Cite A,Tabligbo,Yoto 1,Yoto,POINT (1.4962366666666669 6.595243333333333)
_mview_entreprisesvariees_entreprises_variees.fid-7111a9c0_19415ae4b4d_72f3,Auto-école  Nazareth,Non agréée,False,22485190/99553240/93737888,"{lundi,mardi,mercredi,jeudi,vendredi,samedi}",Lom Nava,Vogan,Vo 1,Vo,POINT (1.5365049999999998 6.332456666666667)
_mview_entreprisesvariees_entreprises_variees.fid-7111a9c0_19415ae4b4d_72f4,Auto-école Radji Badou,Antenne agréée,True,90136290,"{lundi,mardi,mercredi,jeudi,vendredi,samedi}",Badou Ville,Badou,Wawa 1,Wawa,POINT (0.6071514324499167 7.585032065377712)
_mview_entreprisesvariees_entreprises_variees.fid-7111a9c0_19415ae4b4d_72f5,Auto-école le Succès Badou,Antenne agréée,True,90683042,"{samedi,vendredi,jeudi,mercredi,mardi,lundi}",Badou Ville,Badou,Wawa 1,Wawa,POINT (0.6061234607489381 7.586761986776104)
_mview_entreprisesvariees_entreprises_variees.fid-7111a9c0_19415ae4b4d_72f6,Auto-école Radji Agbonou Gare,Agréée,True,BP: 437,"{lundi,mardi,mercredi,jeudi,vendredi,samedi}",Agbonou Gare,Djama,Ogou 1,Ogou,POINT (1.1555658408637117 7.514350263949505)
_mview_entreprisesvariees_entreprises_variees.fid-7111a9c0_19415ae4b4d_72f7,Auto-école El Dorado,Non agréée,False,,"{lundi,mardi,mercredi,jeudi,vendredi,samedi}",Amou Oblo,Amou-Oblo,Amou 2,Amou,POINT (0.8667490235678944 7.386249664445304)
_mview_entreprisesvariees_entreprises_variees.fid-7111a9c0_19415ae4b4d_72f8,Auto-école Alhamoudou,Agréée,True,,"{lundi,mardi,mercredi,jeudi,vendredi,samedi}",Anie,Anié,Anié 1,Anié,POINT (1.1934433333333334 7.776311666666667)
_mview_entreprisesvariees_entreprises_variees.fid-7111a9c0_19415ae4b4d_72f9,Auto-école le Permis Gadjépé,Non agréée,False,,"{lundi,mardi,mercredi,jeudi,vendredi,samedi}",Gadjepe,Agou-Tavié,Agou 1,Agou,POINT (0.7178183333333347 6.846978333333333)
_mview_entreprisesvariees_entreprises_variees.fid-7111a9c0_19415ae4b4d_72fa,Auto-école Dieu Seul T'aime,Agréée,True,,"{lundi,mardi,mercredi,jeudi,vendredi,samedi}",Totsoanyi,Agome-Kpalime,Kloto 1,Kloto,POINT (0.6312916958990441 6.9087690649124065)
_mview_entreprisesvariees_entreprises_variees.fid-7111a9c0_19415ae4b4d_72fb,Auto-école Ouro,Agréée,True,,"{lundi,mardi,mercredi,jeudi,vendredi,samedi}",Noumetukondzi,Agome-Kpalime,Kloto 1,Kloto,POINT (0.6355235702839034 6.9079452875345195)
_mview_entreprisesvariees_entreprises_variees.fid-7111a9c0_19415ae4b4d_72fc,Auto-école Radji Adéta,Antenne agréée,True,Adeta,"{samedi,vendredi,jeudi,mercredi,mardi}",Adeta,Kpélé-Novivé,Kpélé 1,Kpélé,POINT (0.7317775012483716 7.121065097049891)
_mview_entreprisesvariees_entreprises_variees.fid-7111a9c0_19415ae4b4d_72fd,Auto-école Gloire à Dieu Kpalimé,Agréée,True,,"{lundi,mardi,mercredi,jeudi,vendredi,samedi}",Kpalime,Agome-Kpalime,Kloto 1,Kloto,POINT (0.6350270646918732 6.899704692673049)
_mview_entreprisesvariees_entreprises_variees.fid-7111a9c0_19415ae4b4d_72fe,Auto-école Prospera,Non agréée,False,,"{lundi,mardi,mercredi,jeudi,vendredi,samedi}",Lantaba,Cinkassé,Cinkassé 1,Cinkassé,POINT (0.0080033333333343 11.099995000000002)
_mview_entreprisesvariees_entreprises_variees.fid-7111a9c0_19415ae4b4d_72ff,Auto-école Yendam,Non agréée,False,,"{lundi,mardi,mercredi,jeudi,vendredi,samedi}",Tantigou,Dapaong,Tône 1,Tône,POINT (0.1955800000000011 10.86337)
_mview_entreprisesvariees_entreprises_variees.fid-7111a9c0_19415ae4b4d_7300,Auto-école Ak Prosper Tin-Salingue Timgdal,Antenne agréée,True,,"{lundi,mardi,mercredi,jeudi,vendredi,samedi}",Timgbal,Dapaong,Tône 1,Tône,POINT (0.2034469523461212 10.87591216056162)
_mview_entreprisesvariees_entreprises_variees.fid-7111a9c0_19415ae4b4d_7301,Auto-école le Défi,Non agréée,False,92101984,"{lundi,mardi,mercredi,jeudi,vendredi,samedi}",Boumonga-ba,Dapaong,Tône 1,Tône,POINT (0.2114283333333338 10.856644999999999)
_mview_entreprisesvariees_entreprises_variees.fid-7111a9c0_19415ae4b4d_7302,Auto-école Prosper AK,Agréée,True,,"{lundi,mardi,mercredi,jeudi,vendredi,samedi}",Orkoiré,Dapaong,Tône 1,Tône,POINT (0.2104450000000004 10.85675)
_mview_entreprisesvariees_entreprises_variees.fid-7111a9c0_19415ae4b4d_7303,Auto-école les Grands Kombonloaga,Agréée,True,,"{lundi,mardi,mercredi,jeudi,vendredi,samedi}",Kombonloaga,Dapaong,Tône 1,Tône,POINT (0.1995183333333333 10.869764999999997)
_mview_entreprisesvariees_entreprises_variees.fid-7111a9c0_19415ae4b4d_7304,Auto-école Prosperak Annex Mango,Non agréée,False,90857026,"{lundi,mardi,mercredi,jeudi,vendredi,samedi}",Sangbana,Mango,Oti 1,Oti,POINT (0.4757084420586872 10.353916434151662)
_mview_entreprisesvariees_entreprises_variees.fid-7111a9c0_19415ae4b4d_7305,Auto-école Sawari,Non agréée,False,A Côté de L'église Catholique Mango,"{lundi,mardi,mercredi,jeudi,vendredi}",Gono,Mango,Oti 1,Oti,POINT (0.4747766666666678 10.354496666666666)
_mview_entreprisesvariees_entreprises_variees.fid-7111a9c0_19415ae4b4d_7306,Auto-école la delivrance,Non agréée,False,93237514,"{vendredi,jeudi,mercredi,mardi,lundi}",Chef Canton,Barkoissi,Oti 2,Oti,POINT (0.3030199436234801 10.553197156780227)
_mview_entreprisesvariees_entreprises_variees.fid-7111a9c0_19415ae4b4d_7307,Auto-école AK Prospere Tin-Salingue Cinkanssé,Agréée,True,90 57 37 37,"{lundi,mardi,mercredi,jeudi,vendredi,samedi,dimanche}",Cinkanssé Langtaba ,Cinkassé,Cinkassé 1,Cinkassé,POINT (0.0080716666666677 11.099934999999999)
_mview_entreprisesvariees_entreprises_variees.fid-7111a9c0_19415ae4b4d_7308,Auto-école Audacieux,Agréée,True,,"{samedi,vendredi,jeudi,mercredi,mardi,lundi}",Hedzranawoe,Bè-Centre,Golfe 2,Golfe,POINT (1.2445279304028796 6.191422924963468)
_mview_entreprisesvariees_entreprises_variees.fid-7111a9c0_19415ae4b4d_7309,Auto-école Ava Togo Amadahomé,Non agréée,False,,"{lundi,mardi,mercredi,jeudi,vendredi,samedi}",Amadahome,Aflao-Gakli,Golfe 5,Golfe,POINT (1.1508523991894193 6.20347046286229)
_mview_entreprisesvariees_entreprises_variees.fid-7111a9c0_19415ae4b4d_730a,Auto-école Blessing,Agréée,True,08Bp 81065,"{lundi,mardi,mercredi,jeudi,vendredi,samedi}",Agoè Fiovi,Agoè-Nyivé,Agoè-Nyivé 1,Agoè-Nyivé,POINT (1.1912042550545003 6.239286006144919)
_mview_entreprisesvariees_entreprises_variees.fid-7111a9c0_19415ae4b4d_730b,Auto-école ESCA (Ecole Supérieure de Conduite Automobile),Agréée,True,BP 60257 lomé Togo,"{lundi,mardi,mercredi,jeudi,vendredi,samedi}",Attiegou,Bè-Centre,Golfe 2,Golfe,POINT (1.2629522056674702 6.196486184784989)
_mview_entreprisesvariees_entreprises_variees.fid-7111a9c0_19415ae4b4d_730c,Auto-école Essofa,Agréée,True,,"{lundi,mardi,mercredi,jeudi,vendredi,samedi}",Cacaveli,Agoè-Nyivé,Agoè-Nyivé 1,Agoè-Nyivé,POINT (1.1978463240060298 6.209808656520399)
_mview_entreprisesvariees_entreprises_variees.fid-7111a9c0_19415ae4b4d_730d,Auto-école Forrever conduite,Agréée,True,,"{lundi,mardi,mercredi,jeudi,vendredi,samedi}",Tokoin Wuiti,Bè-Ouest,Golfe 3,Golfe,POINT (1.2301080993372802 6.16743063612345)
_mview_entreprisesvariees_entreprises_variees.fid-7111a9c0_19415ae4b4d_730e,Auto-école la Fierté,Agréée,True,"Sise à agoe Demakpoe sur la voie d'assiyeye échangeur peu avant les rails côté ouest, Lome","{lundi,mardi,mercredi,jeudi,vendredi,samedi}",Demakpoe,Agoè-Nyivé,Agoè-Nyivé 1,Agoè-Nyivé,POINT (1.2023910339040302 6.2375439855132795)
_mview_entreprisesvariees_entreprises_variees.fid-7111a9c0_19415ae4b4d_730f,Auto-école le Succès Atakpamé,Agréée,True,70246230,"{lundi,mardi,mercredi,jeudi,vendredi}",Atakpame,Gnagna,Ogou 1,Ogou,POINT (1.15530114700029 7.498069437651582)
_mview_entreprisesvariees_entreprises_variees.fid-7111a9c0_19415ae4b4d_7310,Auto-école le Paraclet Houmbi,Agréée,True,Sise à agir koffi Manou en face du bar palais russ,"{lundi,mardi,mercredi,jeudi,vendredi,samedi}",Houmbi,Agoè-Nyivé,Agoè-Nyivé 1,Agoè-Nyivé,POINT (1.22775833333333 6.21967)
_mview_entreprisesvariees_entreprises_variees.fid-7111a9c0_19415ae4b4d_7311,Auto-école le Salut,Agréée,True,Sise en face du lycée de tokoin entre l'hôte eda oba et la dpj lome,"{lundi,mardi,mercredi,jeudi,vendredi,samedi}",Tokoin Wuti ,Bè-Ouest,Golfe 3,Golfe,POINT (1.2311366666666703 6.15257166666667)
_mview_entreprisesvariees_entreprises_variees.fid-7111a9c0_19415ae4b4d_7312,Auto-école L'Itineraire Annexe Forever,Antenne agréée,True,"Sise tokoin forrever, derrière le siège du plan togo","{lundi,mardi,jeudi,mercredi,vendredi,samedi}",Forrever,Bè-Ouest,Golfe 3,Golfe,POINT (1.2286209403630899 6.160478995655309)
_mview_entreprisesvariees_entreprises_variees.fid-7111a9c0_19415ae4b4d_7313,Auto-école Pasteur,Agréée,True,"Rue de l'Entente, ex rue de l'Ocam face hôtel de la Paix, Bè château","{lundi,mardi,mercredi,jeudi,vendredi}",Bè Château,Bè-Est,Golfe 1,Golfe,POINT (1.2469795988164898 6.133015955516349)
_mview_entreprisesvariees_entreprises_variees.fid-7111a9c0_19415ae4b4d_7314,Auto-école Romana's,Agréée,True,"Non loin des rails face pharmacie Victoir, st AVEDJI wessome","{lundi,mardi,mercredi,jeudi,vendredi,samedi}",Avedji Wessome,Aflao-Gakli,Golfe 5,Golfe,POINT (1.1711899759907505 6.192601577802109)
_mview_entreprisesvariees_entreprises_variees.fid-7111a9c0_19415ae4b4d_7315,Auto-école Saint Elie,Agréée,True,"Sise à adidoadin, non loin du carrefour bodjona,en face de la direction sanol","{lundi,mardi,mercredi,jeudi,vendredi,samedi}",Adidoadin,Aflao-Gakli,Golfe 5,Golfe,POINT (1.1891524000000002 6.205183299999999)
_mview_entreprisesvariees_entreprises_variees.fid-7111a9c0_19415ae4b4d_7316,Auto-école Saint Imamiah quartier des Etoiles,Agréée,True,68 rue 52 Ayatome 90710127,"{lundi,mardi,mercredi,jeudi,vendredi,samedi}",Quartier Des Étoiles,Amoutivé,Golfe 4,Golfe,POINT (1.2208404398979298 6.132244552930801)
_mview_entreprisesvariees_entreprises_variees.fid-7111a9c0_19415ae4b4d_7317,Auto-école Saint Jules Avépozo,Agréée,True,Avepozo,"{lundi,mardi,mercredi,jeudi,vendredi,samedi}",Avepozo,Baguida,Golfe 6,Golfe,POINT (1.3417266666666705 6.168526666666669)
_mview_entreprisesvariees_entreprises_variees.fid-7111a9c0_19415ae4b4d_7318,Auto-école Saint Kizito Adakpamé,Agréée,True,,"{samedi,vendredi,jeudi,mercredi,mardi,lundi}",Adakpamé,Bè-Est,Golfe 1,Golfe,POINT (1.2679143702368199 6.163539702174259)
_mview_entreprisesvariees_entreprises_variees.fid-7111a9c0_19415ae4b4d_7319,Auto-école Saint Max,Agréée,True,,"{samedi,vendredi,jeudi,mercredi,mardi,lundi}",Avédji,Agoè-Nyivé,Agoè-Nyivé 1,Agoè-Nyivé,POINT (1.1815012195208312 6.207599322777879)
_mview_entreprisesvariees_entreprises_variees.fid-7111a9c0_19415ae4b4d_731a,Auto-école Sous les Ailles de Dieu Adidoadin,Agréée,True,,"{samedi,vendredi,jeudi,mercredi,mardi,lundi}",Adidoadin,Aflao-Gakli,Golfe 5,Golfe,POINT (1.1874419400658807 6.20284658592343)
_mview_entreprisesvariees_entreprises_variees.fid-7111a9c0_19415ae4b4d_731b,Auto-école Zebra Adidogomé,Agréée,True,,"{samedi,vendredi,jeudi,mercredi,mardi,lundi}",Adidogomé,Aflao-Gakli,Golfe 5,Golfe,POINT (1.15917832110672 6.191333287455262)
_mview_entreprisesvariees_entreprises_variees.fid-7111a9c0_19415ae4b4d_731c,Auto-école Lobokona Nzambe,Agréée,True,,"{jeudi, lundi, mardi, mercredi, vendredi}",Nyékonakpoè,Amoutivé,Golfe 4,Golfe,POINT (1.2056839780600226 6.129949759549678)
