Code,Énoncé,Verdict,Conséquence retenue,Conséquence affichée,Donnée manquante,Précision,Donnée manquante affichée,Source
S1,Les immatriculations annuelles ont plus que quadruplé en 20 ans,confirmée,"La page d’accueil affiche le multiplicateur mesuré (4,56 en 2022)","La page d’accueil affiche le multiplicateur mesuré (4,56 en 2022)",,,,09 §10
S2,Cette hausse est portée par les motos,confirmée,La moto est la catégorie de référence de O1 et de H1,La moto est la catégorie de référence,,,,09 §10
S3,Plus de 7 500 accidents et 683 morts en 2022,confirmée,"Le tableau de bord affiche le chiffre de la source, avec sa définition","Le tableau de bord affiche le chiffre de la source, avec sa définition",,,,09 §10
S4,Les accidents augmentent,nuancée,"Le message est « plus de véhicules », pas « une route plus dangereuse »","Le message est « plus de véhicules », pas « une route plus dangereuse »",,,,09 §10
S5,Le réseau est inégalement entretenu selon les régions,confirmée,"L’entretien se cible par territoire, pas seulement par tronçon","L’entretien se cible par territoire, pas seulement par tronçon",,,,09 §10
H1,L’écart immatriculations / permis est plus marqué pour les motos que pour les voitures et les poids lourds,confirmée,Le levier formation cible d’abord le permis moto,Le levier formation cible d’abord le permis moto,,,,09 §10
H2,Les motos sont surreprésentées parmi les véhicules impliqués et les victimes,confirmée,"Des mesures ciblées sur les motos (casque, permis moto) deviennent recommandables, en C. La surreprésentation est faible (indice de 1,01 à 1,10), mais elle tient sur toute la fourchette : le 10 l’écrit ainsi","Des mesures ciblées sur les motos (casque, permis moto) deviennent recommandables, après vérification. La surreprésentation est faible (indice de 1,01 à 1,10), mais elle tient sur toute la fourchette",Catégorie des véhicules impliqués (O2-08),pour les véhicules,Catégorie des véhicules impliqués,09 §10
H3,Les territoires au réseau dégradé ont un taux d’accidents plus élevé,non testable,Aucune recommandation ne s’y appuie ; le 13 dit quelle donnée les rendrait testables,Aucune recommandation ne s’y appuie,Accidents et tués par préfecture,,Accidents et tués par préfecture,09 §10
H4,Les territoires peu dotés en auto-écoles ont un taux d’accidents plus élevé,non testable,Aucune recommandation ne s’y appuie ; le 13 dit quelle donnée les rendrait testables,Aucune recommandation ne s’y appuie,Accidents et tués par préfecture,,Accidents et tués par préfecture,09 §10
H5,Les poids lourds en transit (corridor du port de Lomé vers le nord) pèsent sur l’accidentalité et l’usure de l’axe nord-sud,infirmée,Le corridor de la RN1 ne devient pas une cible commune d’entretien et de contrôle,Le corridor de la RN1 ne devient pas une cible commune d’entretien et de contrôle,,,,09 §10
H6,Le taux par habitant et le taux par véhicule évoluent en sens inverse,infirmée,La conséquence prévue (« la hausse du risque vient de l’exposition ») ne s’applique pas,La conséquence prévue (« la hausse du risque vient de l’exposition ») ne s’applique pas,,,,09 §10
H7,Le risque routier par habitant varie fortement d’un territoire à l’autre,non testable,Aucune recommandation ne s’y appuie ; le 13 dit quelle donnée les rendrait testables,Aucune recommandation ne s’y appuie,Accidents et tués par préfecture,,Accidents et tués par préfecture,09 §10
H8,Les auto-écoles sont concentrées dans les grandes villes,confirmée,Le déficit de formation est rural : ouverture d’auto-écoles hors des villes,Le déficit de formation est rural : ouverture d’auto-écoles hors des villes,,,,09 §10
H9,"Certains territoires cumulent forte pression de mobilité, risque élevé, réseau dégradé et faible offre de formation",non testable,Aucune recommandation ne s’y appuie ; le 13 dit quelle donnée les rendrait testables,Aucune recommandation ne s’y appuie,"Accidents par préfecture (risque) ; immatriculations au lieu d’usage, si la mobilité est retenue (`05_Priorisation`)",,Accidents par préfecture ; immatriculations au lieu d’usage,09 §10
H10,Les accidents augmentent en saison des pluies et aux périodes de fêtes,non testable,Aucune recommandation ne s’y appuie ; le 13 dit quelle donnée les rendrait testables,Aucune recommandation ne s’y appuie,Mois des accidents,,Mois des accidents,09 §10
H11,"Le Grand Lomé concentre les accidents en volume, mais le risque par habitant est plus élevé ailleurs, en milieu rural",non testable,Aucune recommandation ne s’y appuie ; le 13 dit quelle donnée les rendrait testables,Aucune recommandation ne s’y appuie,Accidents et tués par préfecture,,Accidents et tués par préfecture,09 §10
H12,Les jeunes conducteurs (18–25 ans) sont surreprésentés parmi les conducteurs impliqués,non testable,Aucune recommandation ne s’y appuie ; le 13 dit quelle donnée les rendrait testables,Aucune recommandation ne s’y appuie,Âge des conducteurs impliqués,,Âge des conducteurs impliqués,09 §10
