Année,Groupe,Borne basse,Valeur centrale,Borne haute,Durée de vie PA-01 (ans),Source,Niveau,Note
1990,Autres,,,,15 [10–20],"cumul des immatriculations de l'année (D1) sur la durée de vie PA-01 (R-11, écart 16)",C,"camionnettes : absentes de PA-01 (02, figé) ; 15 ans [10–20], la valeur des autres véhicules à 4 roues (05 §6)"
1991,Autres,,,,15 [10–20],"cumul des immatriculations de l'année (D1) sur la durée de vie PA-01 (R-11, écart 16)",C,"camionnettes : absentes de PA-01 (02, figé) ; 15 ans [10–20], la valeur des autres véhicules à 4 roues (05 §6)"
1992,Autres,,,,15 [10–20],"cumul des immatriculations de l'année (D1) sur la durée de vie PA-01 (R-11, écart 16)",C,"camionnettes : absentes de PA-01 (02, figé) ; 15 ans [10–20], la valeur des autres véhicules à 4 roues (05 §6)"
1993,Autres,,,,15 [10–20],"cumul des immatriculations de l'année (D1) sur la durée de vie PA-01 (R-11, écart 16)",C,"camionnettes : absentes de PA-01 (02, figé) ; 15 ans [10–20], la valeur des autres véhicules à 4 roues (05 §6)"
1994,Autres,,,,15 [10–20],"cumul des immatriculations de l'année (D1) sur la durée de vie PA-01 (R-11, écart 16)",C,"camionnettes : absentes de PA-01 (02, figé) ; 15 ans [10–20], la valeur des autres véhicules à 4 roues (05 §6)"
1995,Autres,,,,15 [10–20],"cumul des immatriculations de l'année (D1) sur la durée de vie PA-01 (R-11, écart 16)",C,"camionnettes : absentes de PA-01 (02, figé) ; 15 ans [10–20], la valeur des autres véhicules à 4 roues (05 §6)"
1996,Autres,,,,15 [10–20],"cumul des immatriculations de l'année (D1) sur la durée de vie PA-01 (R-11, écart 16)",C,"camionnettes : absentes de PA-01 (02, figé) ; 15 ans [10–20], la valeur des autres véhicules à 4 roues (05 §6)"
1997,Autres,,,,15 [10–20],"cumul des immatriculations de l'année (D1) sur la durée de vie PA-01 (R-11, écart 16)",C,"camionnettes : absentes de PA-01 (02, figé) ; 15 ans [10–20], la valeur des autres véhicules à 4 roues (05 §6)"
1998,Autres,,,,15 [10–20],"cumul des immatriculations de l'année (D1) sur la durée de vie PA-01 (R-11, écart 16)",C,"camionnettes : absentes de PA-01 (02, figé) ; 15 ans [10–20], la valeur des autres véhicules à 4 roues (05 §6)"
1999,Autres,11646,,,15 [10–20],"cumul des immatriculations de l'année (D1) sur la durée de vie PA-01 (R-11, écart 16)",C,"camionnettes : absentes de PA-01 (02, figé) ; 15 ans [10–20], la valeur des autres véhicules à 4 roues (05 §6)"
2000,Autres,11996,,,15 [10–20],"cumul des immatriculations de l'année (D1) sur la durée de vie PA-01 (R-11, écart 16)",C,"camionnettes : absentes de PA-01 (02, figé) ; 15 ans [10–20], la valeur des autres véhicules à 4 roues (05 §6)"
2001,Autres,12511,,,15 [10–20],"cumul des immatriculations de l'année (D1) sur la durée de vie PA-01 (R-11, écart 16)",C,"camionnettes : absentes de PA-01 (02, figé) ; 15 ans [10–20], la valeur des autres véhicules à 4 roues (05 §6)"
2002,Autres,13291,,,15 [10–20],"cumul des immatriculations de l'année (D1) sur la durée de vie PA-01 (R-11, écart 16)",C,"camionnettes : absentes de PA-01 (02, figé) ; 15 ans [10–20], la valeur des autres véhicules à 4 roues (05 §6)"
2003,Autres,14115,,,15 [10–20],"cumul des immatriculations de l'année (D1) sur la durée de vie PA-01 (R-11, écart 16)",C,"camionnettes : absentes de PA-01 (02, figé) ; 15 ans [10–20], la valeur des autres véhicules à 4 roues (05 §6)"
2004,Autres,15086,19380,,15 [10–20],"cumul des immatriculations de l'année (D1) sur la durée de vie PA-01 (R-11, écart 16)",C,"camionnettes : absentes de PA-01 (02, figé) ; 15 ans [10–20], la valeur des autres véhicules à 4 roues (05 §6)"
2005,Autres,15188,19229,,15 [10–20],"cumul des immatriculations de l'année (D1) sur la durée de vie PA-01 (R-11, écart 16)",C,"camionnettes : absentes de PA-01 (02, figé) ; 15 ans [10–20], la valeur des autres véhicules à 4 roues (05 §6)"
2006,Autres,15197,19482,,15 [10–20],"cumul des immatriculations de l'année (D1) sur la durée de vie PA-01 (R-11, écart 16)",C,"camionnettes : absentes de PA-01 (02, figé) ; 15 ans [10–20], la valeur des autres véhicules à 4 roues (05 §6)"
2007,Autres,14614,19858,,15 [10–20],"cumul des immatriculations de l'année (D1) sur la durée de vie PA-01 (R-11, écart 16)",C,"camionnettes : absentes de PA-01 (02, figé) ; 15 ans [10–20], la valeur des autres véhicules à 4 roues (05 §6)"
2008,Autres,13902,20398,,15 [10–20],"cumul des immatriculations de l'année (D1) sur la durée de vie PA-01 (R-11, écart 16)",C,"camionnettes : absentes de PA-01 (02, figé) ; 15 ans [10–20], la valeur des autres véhicules à 4 roues (05 §6)"
2009,Autres,13739,21091,25385,15 [10–20],"cumul des immatriculations de l'année (D1) sur la durée de vie PA-01 (R-11, écart 16)",C,"camionnettes : absentes de PA-01 (02, figé) ; 15 ans [10–20], la valeur des autres véhicules à 4 roues (05 §6)"
2010,Autres,13825,21780,25821,15 [10–20],"cumul des immatriculations de l'année (D1) sur la durée de vie PA-01 (R-11, écart 16)",C,"camionnettes : absentes de PA-01 (02, figé) ; 15 ans [10–20], la valeur des autres véhicules à 4 roues (05 §6)"
2011,Autres,14477,22703,26988,15 [10–20],"cumul des immatriculations de l'année (D1) sur la durée de vie PA-01 (R-11, écart 16)",C,"camionnettes : absentes de PA-01 (02, figé) ; 15 ans [10–20], la valeur des autres véhicules à 4 roues (05 §6)"
2012,Autres,14792,22839,28083,15 [10–20],"cumul des immatriculations de l'année (D1) sur la durée de vie PA-01 (R-11, écart 16)",C,"camionnettes : absentes de PA-01 (02, figé) ; 15 ans [10–20], la valeur des autres véhicules à 4 roues (05 §6)"
2013,Autres,15744,23363,29859,15 [10–20],"cumul des immatriculations de l'année (D1) sur la durée de vie PA-01 (R-11, écart 16)",C,"camionnettes : absentes de PA-01 (02, figé) ; 15 ans [10–20], la valeur des autres véhicules à 4 roues (05 §6)"
2014,Autres,16596,24330,31682,15 [10–20],"cumul des immatriculations de l'année (D1) sur la durée de vie PA-01 (R-11, écart 16)",C,"camionnettes : absentes de PA-01 (02, figé) ; 15 ans [10–20], la valeur des autres véhicules à 4 roues (05 §6)"
2015,Autres,18870,26103,34058,15 [10–20],"cumul des immatriculations de l'année (D1) sur la durée de vie PA-01 (R-11, écart 16)",C,"camionnettes : absentes de PA-01 (02, figé) ; 15 ans [10–20], la valeur des autres véhicules à 4 roues (05 §6)"
2016,Autres,20488,27459,35685,15 [10–20],"cumul des immatriculations de l'année (D1) sur la durée de vie PA-01 (R-11, écart 16)",C,"camionnettes : absentes de PA-01 (02, figé) ; 15 ans [10–20], la valeur des autres véhicules à 4 roues (05 §6)"
2017,Autres,22370,28937,36984,15 [10–20],"cumul des immatriculations de l'année (D1) sur la durée de vie PA-01 (R-11, écart 16)",C,"camionnettes : absentes de PA-01 (02, figé) ; 15 ans [10–20], la valeur des autres véhicules à 4 roues (05 §6)"
2018,Autres,24519,30802,38421,15 [10–20],"cumul des immatriculations de l'année (D1) sur la durée de vie PA-01 (R-11, écart 16)",C,"camionnettes : absentes de PA-01 (02, figé) ; 15 ans [10–20], la valeur des autres véhicules à 4 roues (05 §6)"
2019,Autres,26798,32803,40537,15 [10–20],"cumul des immatriculations de l'année (D1) sur la durée de vie PA-01 (R-11, écart 16)",C,"camionnettes : absentes de PA-01 (02, figé) ; 15 ans [10–20], la valeur des autres véhicules à 4 roues (05 §6)"
2020,Autres,29341,35933,43166,15 [10–20],"cumul des immatriculations de l'année (D1) sur la durée de vie PA-01 (R-11, écart 16)",C,"camionnettes : absentes de PA-01 (02, figé) ; 15 ans [10–20], la valeur des autres véhicules à 4 roues (05 §6)"
2021,Autres,32063,39569,46540,15 [10–20],"cumul des immatriculations de l'année (D1) sur la durée de vie PA-01 (R-11, écart 16)",C,"camionnettes : absentes de PA-01 (02, figé) ; 15 ans [10–20], la valeur des autres véhicules à 4 roues (05 §6)"
2022,Autres,34703,42928,49495,15 [10–20],"cumul des immatriculations de l'année (D1) sur la durée de vie PA-01 (R-11, écart 16)",C,"camionnettes : absentes de PA-01 (02, figé) ; 15 ans [10–20], la valeur des autres véhicules à 4 roues (05 §6)"
2023,Autres,36833,46294,52577,15 [10–20],"cumul des immatriculations de l'année (D1) sur la durée de vie PA-01 (R-11, écart 16)",C,"camionnettes : absentes de PA-01 (02, figé) ; 15 ans [10–20], la valeur des autres véhicules à 4 roues (05 §6)"
2024,Autres,38969,49560,55565,15 [10–20],"cumul des immatriculations de l'année (D1) sur la durée de vie PA-01 (R-11, écart 16)",C,"camionnettes : absentes de PA-01 (02, figé) ; 15 ans [10–20], la valeur des autres véhicules à 4 roues (05 §6)"
1990,Bus et car,,,,15 [10–20],"cumul des immatriculations de l'année (D1) sur la durée de vie PA-01 (R-11, écart 16)",C,
1991,Bus et car,,,,15 [10–20],"cumul des immatriculations de l'année (D1) sur la durée de vie PA-01 (R-11, écart 16)",C,
1992,Bus et car,,,,15 [10–20],"cumul des immatriculations de l'année (D1) sur la durée de vie PA-01 (R-11, écart 16)",C,
1993,Bus et car,,,,15 [10–20],"cumul des immatriculations de l'année (D1) sur la durée de vie PA-01 (R-11, écart 16)",C,
1994,Bus et car,,,,15 [10–20],"cumul des immatriculations de l'année (D1) sur la durée de vie PA-01 (R-11, écart 16)",C,
1995,Bus et car,,,,15 [10–20],"cumul des immatriculations de l'année (D1) sur la durée de vie PA-01 (R-11, écart 16)",C,
1996,Bus et car,,,,15 [10–20],"cumul des immatriculations de l'année (D1) sur la durée de vie PA-01 (R-11, écart 16)",C,
1997,Bus et car,,,,15 [10–20],"cumul des immatriculations de l'année (D1) sur la durée de vie PA-01 (R-11, écart 16)",C,
1998,Bus et car,,,,15 [10–20],"cumul des immatriculations de l'année (D1) sur la durée de vie PA-01 (R-11, écart 16)",C,
1999,Bus et car,274,,,15 [10–20],"cumul des immatriculations de l'année (D1) sur la durée de vie PA-01 (R-11, écart 16)",C,
2000,Bus et car,245,,,15 [10–20],"cumul des immatriculations de l'année (D1) sur la durée de vie PA-01 (R-11, écart 16)",C,
2001,Bus et car,246,,,15 [10–20],"cumul des immatriculations de l'année (D1) sur la durée de vie PA-01 (R-11, écart 16)",C,
2002,Bus et car,243,,,15 [10–20],"cumul des immatriculations de l'année (D1) sur la durée de vie PA-01 (R-11, écart 16)",C,
2003,Bus et car,261,,,15 [10–20],"cumul des immatriculations de l'année (D1) sur la durée de vie PA-01 (R-11, écart 16)",C,
2004,Bus et car,249,403,,15 [10–20],"cumul des immatriculations de l'année (D1) sur la durée de vie PA-01 (R-11, écart 16)",C,
2005,Bus et car,252,362,,15 [10–20],"cumul des immatriculations de l'année (D1) sur la durée de vie PA-01 (R-11, écart 16)",C,
2006,Bus et car,264,359,,15 [10–20],"cumul des immatriculations de l'année (D1) sur la durée de vie PA-01 (R-11, écart 16)",C,
2007,Bus et car,258,349,,15 [10–20],"cumul des immatriculations de l'année (D1) sur la durée de vie PA-01 (R-11, écart 16)",C,
2008,Bus et car,241,364,,15 [10–20],"cumul des immatriculations de l'année (D1) sur la durée de vie PA-01 (R-11, écart 16)",C,
2009,Bus et car,251,371,525,15 [10–20],"cumul des immatriculations de l'année (D1) sur la durée de vie PA-01 (R-11, écart 16)",C,
2010,Bus et car,317,452,562,15 [10–20],"cumul des immatriculations de l'année (D1) sur la durée de vie PA-01 (R-11, écart 16)",C,
2011,Bus et car,382,533,628,15 [10–20],"cumul des immatriculations de l'année (D1) sur la durée de vie PA-01 (R-11, écart 16)",C,
2012,Bus et car,455,607,698,15 [10–20],"cumul des immatriculations de l'année (D1) sur la durée de vie PA-01 (R-11, écart 16)",C,
2013,Bus et car,528,666,789,15 [10–20],"cumul des immatriculations de l'année (D1) sur la durée de vie PA-01 (R-11, écart 16)",C,
2014,Bus et car,614,743,863,15 [10–20],"cumul des immatriculations de l'année (D1) sur la durée de vie PA-01 (R-11, écart 16)",C,
2015,Bus et car,683,800,935,15 [10–20],"cumul des immatriculations de l'année (D1) sur la durée de vie PA-01 (R-11, écart 16)",C,
2016,Bus et car,717,830,981,15 [10–20],"cumul des immatriculations de l'année (D1) sur la durée de vie PA-01 (R-11, écart 16)",C,
2017,Bus et car,768,874,1026,15 [10–20],"cumul des immatriculations de l'année (D1) sur la durée de vie PA-01 (R-11, écart 16)",C,
2018,Bus et car,833,936,1074,15 [10–20],"cumul des immatriculations de l'année (D1) sur la durée de vie PA-01 (R-11, écart 16)",C,
2019,Bus et car,930,1052,1181,15 [10–20],"cumul des immatriculations de l'année (D1) sur la durée de vie PA-01 (R-11, écart 16)",C,
2020,Bus et car,925,1125,1242,15 [10–20],"cumul des immatriculations de l'année (D1) sur la durée de vie PA-01 (R-11, écart 16)",C,
2021,Bus et car,929,1198,1311,15 [10–20],"cumul des immatriculations de l'année (D1) sur la durée de vie PA-01 (R-11, écart 16)",C,
2022,Bus et car,972,1321,1427,15 [10–20],"cumul des immatriculations de l'année (D1) sur la durée de vie PA-01 (R-11, écart 16)",C,
2023,Bus et car,1067,1492,1595,15 [10–20],"cumul des immatriculations de l'année (D1) sur la durée de vie PA-01 (R-11, écart 16)",C,
2024,Bus et car,1086,1578,1700,15 [10–20],"cumul des immatriculations de l'année (D1) sur la durée de vie PA-01 (R-11, écart 16)",C,
1990,Ensemble,,,,par groupe,"cumul des immatriculations de l'année (D1) sur la durée de vie PA-01 (R-11, écart 16)",C,somme des groupes ; vide si un groupe est vide
1991,Ensemble,,,,par groupe,"cumul des immatriculations de l'année (D1) sur la durée de vie PA-01 (R-11, écart 16)",C,somme des groupes ; vide si un groupe est vide
1992,Ensemble,,,,par groupe,"cumul des immatriculations de l'année (D1) sur la durée de vie PA-01 (R-11, écart 16)",C,somme des groupes ; vide si un groupe est vide
1993,Ensemble,,,,par groupe,"cumul des immatriculations de l'année (D1) sur la durée de vie PA-01 (R-11, écart 16)",C,somme des groupes ; vide si un groupe est vide
1994,Ensemble,,,,par groupe,"cumul des immatriculations de l'année (D1) sur la durée de vie PA-01 (R-11, écart 16)",C,somme des groupes ; vide si un groupe est vide
1995,Ensemble,,,,par groupe,"cumul des immatriculations de l'année (D1) sur la durée de vie PA-01 (R-11, écart 16)",C,somme des groupes ; vide si un groupe est vide
1996,Ensemble,,,,par groupe,"cumul des immatriculations de l'année (D1) sur la durée de vie PA-01 (R-11, écart 16)",C,somme des groupes ; vide si un groupe est vide
1997,Ensemble,,,,par groupe,"cumul des immatriculations de l'année (D1) sur la durée de vie PA-01 (R-11, écart 16)",C,somme des groupes ; vide si un groupe est vide
1998,Ensemble,,,,par groupe,"cumul des immatriculations de l'année (D1) sur la durée de vie PA-01 (R-11, écart 16)",C,somme des groupes ; vide si un groupe est vide
1999,Ensemble,138315,,,par groupe,"cumul des immatriculations de l'année (D1) sur la durée de vie PA-01 (R-11, écart 16)",C,somme des groupes ; vide si un groupe est vide
2000,Ensemble,139096,,,par groupe,"cumul des immatriculations de l'année (D1) sur la durée de vie PA-01 (R-11, écart 16)",C,somme des groupes ; vide si un groupe est vide
2001,Ensemble,137583,,,par groupe,"cumul des immatriculations de l'année (D1) sur la durée de vie PA-01 (R-11, écart 16)",C,somme des groupes ; vide si un groupe est vide
2002,Ensemble,138082,,,par groupe,"cumul des immatriculations de l'année (D1) sur la durée de vie PA-01 (R-11, écart 16)",C,somme des groupes ; vide si un groupe est vide
2003,Ensemble,152985,,,par groupe,"cumul des immatriculations de l'année (D1) sur la durée de vie PA-01 (R-11, écart 16)",C,somme des groupes ; vide si un groupe est vide
2004,Ensemble,184025,231542,,par groupe,"cumul des immatriculations de l'année (D1) sur la durée de vie PA-01 (R-11, écart 16)",C,somme des groupes ; vide si un groupe est vide
2005,Ensemble,206847,257037,,par groupe,"cumul des immatriculations de l'année (D1) sur la durée de vie PA-01 (R-11, écart 16)",C,somme des groupes ; vide si un groupe est vide
2006,Ensemble,239410,287887,,par groupe,"cumul des immatriculations de l'année (D1) sur la durée de vie PA-01 (R-11, écart 16)",C,somme des groupes ; vide si un groupe est vide
2007,Ensemble,268360,319131,,par groupe,"cumul des immatriculations de l'année (D1) sur la durée de vie PA-01 (R-11, écart 16)",C,somme des groupes ; vide si un groupe est vide
2008,Ensemble,303979,365079,,par groupe,"cumul des immatriculations de l'année (D1) sur la durée de vie PA-01 (R-11, écart 16)",C,somme des groupes ; vide si un groupe est vide
2009,Ensemble,303925,397122,448890,par groupe,"cumul des immatriculations de l'année (D1) sur la durée de vie PA-01 (R-11, écart 16)",C,somme des groupes ; vide si un groupe est vide
2010,Ensemble,316171,426417,482313,par groupe,"cumul des immatriculations de l'année (D1) sur la durée de vie PA-01 (R-11, écart 16)",C,somme des groupes ; vide si un groupe est vide
2011,Ensemble,325096,439788,523868,par groupe,"cumul des immatriculations de l'année (D1) sur la durée de vie PA-01 (R-11, écart 16)",C,somme des groupes ; vide si un groupe est vide
2012,Ensemble,338008,461374,568914,par groupe,"cumul des immatriculations de l'année (D1) sur la durée de vie PA-01 (R-11, écart 16)",C,somme des groupes ; vide si un groupe est vide
2013,Ensemble,334959,473651,611520,par groupe,"cumul des immatriculations de l'année (D1) sur la durée de vie PA-01 (R-11, écart 16)",C,somme des groupes ; vide si un groupe est vide
2014,Ensemble,353436,497179,642271,par groupe,"cumul des immatriculations de l'année (D1) sur la durée de vie PA-01 (R-11, écart 16)",C,somme des groupes ; vide si un groupe est vide
2015,Ensemble,386923,529177,692275,par groupe,"cumul des immatriculations de l'année (D1) sur la durée de vie PA-01 (R-11, écart 16)",C,somme des groupes ; vide si un groupe est vide
2016,Ensemble,395285,546182,712463,par groupe,"cumul des immatriculations de l'année (D1) sur la durée de vie PA-01 (R-11, écart 16)",C,somme des groupes ; vide si un groupe est vide
2017,Ensemble,399459,556592,729068,par groupe,"cumul des immatriculations de l'année (D1) sur la durée de vie PA-01 (R-11, écart 16)",C,somme des groupes ; vide si un groupe est vide
2018,Ensemble,408569,561912,738939,par groupe,"cumul des immatriculations de l'année (D1) sur la durée de vie PA-01 (R-11, écart 16)",C,somme des groupes ; vide si un groupe est vide
2019,Ensemble,428014,583155,770890,par groupe,"cumul des immatriculations de l'année (D1) sur la durée de vie PA-01 (R-11, écart 16)",C,somme des groupes ; vide si un groupe est vide
2020,Ensemble,420415,596442,791651,par groupe,"cumul des immatriculations de l'année (D1) sur la durée de vie PA-01 (R-11, écart 16)",C,somme des groupes ; vide si un groupe est vide
2021,Ensemble,455778,625777,832474,par groupe,"cumul des immatriculations de l'année (D1) sur la durée de vie PA-01 (R-11, écart 16)",C,somme des groupes ; vide si un groupe est vide
2022,Ensemble,492831,640910,870566,par groupe,"cumul des immatriculations de l'année (D1) sur la durée de vie PA-01 (R-11, écart 16)",C,somme des groupes ; vide si un groupe est vide
2023,Ensemble,564354,713022,942852,par groupe,"cumul des immatriculations de l'année (D1) sur la durée de vie PA-01 (R-11, écart 16)",C,somme des groupes ; vide si un groupe est vide
2024,Ensemble,579845,751398,965702,par groupe,"cumul des immatriculations de l'année (D1) sur la durée de vie PA-01 (R-11, écart 16)",C,somme des groupes ; vide si un groupe est vide
1990,Moto,,,,7 [5–10],"cumul des immatriculations de l'année (D1) sur la durée de vie PA-01 (R-11, écart 16)",C,
1991,Moto,,,,7 [5–10],"cumul des immatriculations de l'année (D1) sur la durée de vie PA-01 (R-11, écart 16)",C,
1992,Moto,,,,7 [5–10],"cumul des immatriculations de l'année (D1) sur la durée de vie PA-01 (R-11, écart 16)",C,
1993,Moto,,,,7 [5–10],"cumul des immatriculations de l'année (D1) sur la durée de vie PA-01 (R-11, écart 16)",C,
1994,Moto,7624,,,7 [5–10],"cumul des immatriculations de l'année (D1) sur la durée de vie PA-01 (R-11, écart 16)",C,
1995,Moto,19994,,,7 [5–10],"cumul des immatriculations de l'année (D1) sur la durée de vie PA-01 (R-11, écart 16)",C,
1996,Moto,33776,36890,,7 [5–10],"cumul des immatriculations de l'année (D1) sur la durée de vie PA-01 (R-11, écart 16)",C,
1997,Moto,46580,49822,,7 [5–10],"cumul des immatriculations de l'année (D1) sur la durée de vie PA-01 (R-11, écart 16)",C,
1998,Moto,56201,58824,,7 [5–10],"cumul des immatriculations de l'année (D1) sur la durée de vie PA-01 (R-11, écart 16)",C,
1999,Moto,67231,70100,74855,7 [5–10],"cumul des immatriculations de l'année (D1) sur la durée de vie PA-01 (R-11, écart 16)",C,
2000,Moto,63987,79757,83981,7 [5–10],"cumul des immatriculations de l'année (D1) sur la durée de vie PA-01 (R-11, écart 16)",C,
2001,Moto,57104,86370,90880,7 [5–10],"cumul des immatriculations de l'année (D1) sur la durée de vie PA-01 (R-11, écart 16)",C,
2002,Moto,51291,81119,97871,7 [5–10],"cumul des immatriculations de l'année (D1) sur la durée de vie PA-01 (R-11, écart 16)",C,
2003,Moto,52818,77866,109019,7 [5–10],"cumul des immatriculations de l'année (D1) sur la durée de vie PA-01 (R-11, écart 16)",C,
2004,Moto,73881,97401,141112,7 [5–10],"cumul des immatriculations de l'année (D1) sur la durée de vie PA-01 (R-11, écart 16)",C,
2005,Moto,91033,114589,155020,7 [5–10],"cumul des immatriculations de l'année (D1) sur la durée de vie PA-01 (R-11, écart 16)",C,
2006,Moto,118293,137432,175397,7 [5–10],"cumul des immatriculations de l'année (D1) sur la durée de vie PA-01 (R-11, écart 16)",C,
2007,Moto,144115,161247,195406,7 [5–10],"cumul des immatriculations de l'année (D1) sur la durée de vie PA-01 (R-11, écart 16)",C,
2008,Moto,176394,197156,229212,7 [5–10],"cumul des immatriculations de l'année (D1) sur la durée de vie PA-01 (R-11, écart 16)",C,
2009,Moto,178691,224801,252572,7 [5–10],"cumul des immatriculations de l'année (D1) sur la durée de vie PA-01 (R-11, écart 16)",C,
2010,Moto,189538,251309,280571,7 [5–10],"cumul des immatriculations de l'année (D1) sur la durée de vie PA-01 (R-11, écart 16)",C,
2011,Moto,196061,259612,314354,7 [5–10],"cumul des immatriculations de l'année (D1) sur la durée de vie PA-01 (R-11, écart 16)",C,
2012,Moto,205364,275578,349479,7 [5–10],"cumul des immatriculations de l'année (D1) sur la durée de vie PA-01 (R-11, écart 16)",C,
2013,Moto,202785,281648,379179,7 [5–10],"cumul des immatriculations de l'année (D1) sur la durée de vie PA-01 (R-11, écart 16)",C,
2014,Moto,217642,298328,396333,7 [5–10],"cumul des immatriculations de l'année (D1) sur la durée de vie PA-01 (R-11, écart 16)",C,
2015,Moto,244603,319518,434141,7 [5–10],"cumul des immatriculations de l'année (D1) sur la durée de vie PA-01 (R-11, écart 16)",C,
2016,Moto,247661,328582,443722,7 [5–10],"cumul des immatriculations de l'année (D1) sur la durée de vie PA-01 (R-11, écart 16)",C,
2017,Moto,245091,331131,450455,7 [5–10],"cumul des immatriculations de l'année (D1) sur la durée de vie PA-01 (R-11, écart 16)",C,
2018,Moto,246324,331911,449109,7 [5–10],"cumul des immatriculations de l'année (D1) sur la durée de vie PA-01 (R-11, écart 16)",C,
2019,Moto,250063,343027,467705,7 [5–10],"cumul des immatriculations de l'année (D1) sur la durée de vie PA-01 (R-11, écart 16)",C,
2020,Moto,229314,346047,473917,7 [5–10],"cumul des immatriculations de l'année (D1) sur la durée de vie PA-01 (R-11, écart 16)",C,
2021,Moto,249336,360276,496997,7 [5–10],"cumul des immatriculations de l'année (D1) sur la durée de vie PA-01 (R-11, écart 16)",C,
2022,Moto,275788,362316,520879,7 [5–10],"cumul des immatriculations de l'année (D1) sur la durée de vie PA-01 (R-11, écart 16)",C,
2023,Moto,340570,424820,586894,7 [5–10],"cumul des immatriculations de l'année (D1) sur la durée de vie PA-01 (R-11, écart 16)",C,
2024,Moto,351290,449226,601353,7 [5–10],"cumul des immatriculations de l'année (D1) sur la durée de vie PA-01 (R-11, écart 16)",C,
1990,Poids lourd,,,,15 [10–20],"cumul des immatriculations de l'année (D1) sur la durée de vie PA-01 (R-11, écart 16)",C,
1991,Poids lourd,,,,15 [10–20],"cumul des immatriculations de l'année (D1) sur la durée de vie PA-01 (R-11, écart 16)",C,
1992,Poids lourd,,,,15 [10–20],"cumul des immatriculations de l'année (D1) sur la durée de vie PA-01 (R-11, écart 16)",C,
1993,Poids lourd,,,,15 [10–20],"cumul des immatriculations de l'année (D1) sur la durée de vie PA-01 (R-11, écart 16)",C,
1994,Poids lourd,,,,15 [10–20],"cumul des immatriculations de l'année (D1) sur la durée de vie PA-01 (R-11, écart 16)",C,
1995,Poids lourd,,,,15 [10–20],"cumul des immatriculations de l'année (D1) sur la durée de vie PA-01 (R-11, écart 16)",C,
1996,Poids lourd,,,,15 [10–20],"cumul des immatriculations de l'année (D1) sur la durée de vie PA-01 (R-11, écart 16)",C,
1997,Poids lourd,,,,15 [10–20],"cumul des immatriculations de l'année (D1) sur la durée de vie PA-01 (R-11, écart 16)",C,
1998,Poids lourd,,,,15 [10–20],"cumul des immatriculations de l'année (D1) sur la durée de vie PA-01 (R-11, écart 16)",C,
1999,Poids lourd,4660,,,15 [10–20],"cumul des immatriculations de l'année (D1) sur la durée de vie PA-01 (R-11, écart 16)",C,
2000,Poids lourd,5024,,,15 [10–20],"cumul des immatriculations de l'année (D1) sur la durée de vie PA-01 (R-11, écart 16)",C,
2001,Poids lourd,5413,,,15 [10–20],"cumul des immatriculations de l'année (D1) sur la durée de vie PA-01 (R-11, écart 16)",C,
2002,Poids lourd,5748,,,15 [10–20],"cumul des immatriculations de l'année (D1) sur la durée de vie PA-01 (R-11, écart 16)",C,
2003,Poids lourd,6868,,,15 [10–20],"cumul des immatriculations de l'année (D1) sur la durée de vie PA-01 (R-11, écart 16)",C,
2004,Poids lourd,7683,9310,,15 [10–20],"cumul des immatriculations de l'année (D1) sur la durée de vie PA-01 (R-11, écart 16)",C,
2005,Poids lourd,8668,10315,,15 [10–20],"cumul des immatriculations de l'année (D1) sur la durée de vie PA-01 (R-11, écart 16)",C,
2006,Poids lourd,9228,11115,,15 [10–20],"cumul des immatriculations de l'année (D1) sur la durée de vie PA-01 (R-11, écart 16)",C,
2007,Poids lourd,9756,11786,,15 [10–20],"cumul des immatriculations de l'année (D1) sur la durée de vie PA-01 (R-11, écart 16)",C,
2008,Poids lourd,10306,12858,,15 [10–20],"cumul des immatriculations de l'année (D1) sur la durée de vie PA-01 (R-11, écart 16)",C,
2009,Poids lourd,10999,14032,15659,15 [10–20],"cumul des immatriculations de l'année (D1) sur la durée de vie PA-01 (R-11, écart 16)",C,
2010,Poids lourd,13171,16548,18195,15 [10–20],"cumul des immatriculations de l'année (D1) sur la durée de vie PA-01 (R-11, écart 16)",C,
2011,Poids lourd,16069,19595,21482,15 [10–20],"cumul des immatriculations de l'année (D1) sur la durée de vie PA-01 (R-11, écart 16)",C,
2012,Poids lourd,19734,23452,25482,15 [10–20],"cumul des immatriculations de l'année (D1) sur la durée de vie PA-01 (R-11, écart 16)",C,
2013,Poids lourd,22828,27144,29696,15 [10–20],"cumul des immatriculations de l'année (D1) sur la durée de vie PA-01 (R-11, écart 16)",C,
2014,Poids lourd,26636,31286,34319,15 [10–20],"cumul des immatriculations de l'année (D1) sur la durée de vie PA-01 (R-11, écart 16)",C,
2015,Poids lourd,27627,32918,36295,15 [10–20],"cumul des immatriculations de l'année (D1) sur la durée de vie PA-01 (R-11, écart 16)",C,
2016,Poids lourd,28161,33863,37389,15 [10–20],"cumul des immatriculations de l'année (D1) sur la durée de vie PA-01 (R-11, écart 16)",C,
2017,Poids lourd,29336,35374,39092,15 [10–20],"cumul des immatriculations de l'année (D1) sur la durée de vie PA-01 (R-11, écart 16)",C,
2018,Poids lourd,30381,36371,40687,15 [10–20],"cumul des immatriculations de l'année (D1) sur la durée de vie PA-01 (R-11, écart 16)",C,
2019,Poids lourd,31390,37739,42389,15 [10–20],"cumul des immatriculations de l'année (D1) sur la durée de vie PA-01 (R-11, écart 16)",C,
2020,Poids lourd,31845,39725,45016,15 [10–20],"cumul des immatriculations de l'année (D1) sur la durée de vie PA-01 (R-11, écart 16)",C,
2021,Poids lourd,31403,41770,47472,15 [10–20],"cumul des immatriculations de l'année (D1) sur la durée de vie PA-01 (R-11, écart 16)",C,
2022,Poids lourd,30246,43942,49980,15 [10–20],"cumul des immatriculations de l'année (D1) sur la durée de vie PA-01 (R-11, écart 16)",C,
2023,Poids lourd,28400,45238,51228,15 [10–20],"cumul des immatriculations de l'année (D1) sur la durée de vie PA-01 (R-11, écart 16)",C,
2024,Poids lourd,25995,46282,52631,15 [10–20],"cumul des immatriculations de l'année (D1) sur la durée de vie PA-01 (R-11, écart 16)",C,
1990,Voiture,,,,15 [10–20],"cumul des immatriculations de l'année (D1) sur la durée de vie PA-01 (R-11, écart 16)",C,
1991,Voiture,,,,15 [10–20],"cumul des immatriculations de l'année (D1) sur la durée de vie PA-01 (R-11, écart 16)",C,
1992,Voiture,,,,15 [10–20],"cumul des immatriculations de l'année (D1) sur la durée de vie PA-01 (R-11, écart 16)",C,
1993,Voiture,,,,15 [10–20],"cumul des immatriculations de l'année (D1) sur la durée de vie PA-01 (R-11, écart 16)",C,
1994,Voiture,,,,15 [10–20],"cumul des immatriculations de l'année (D1) sur la durée de vie PA-01 (R-11, écart 16)",C,
1995,Voiture,,,,15 [10–20],"cumul des immatriculations de l'année (D1) sur la durée de vie PA-01 (R-11, écart 16)",C,
1996,Voiture,,,,15 [10–20],"cumul des immatriculations de l'année (D1) sur la durée de vie PA-01 (R-11, écart 16)",C,
1997,Voiture,,,,15 [10–20],"cumul des immatriculations de l'année (D1) sur la durée de vie PA-01 (R-11, écart 16)",C,
1998,Voiture,,,,15 [10–20],"cumul des immatriculations de l'année (D1) sur la durée de vie PA-01 (R-11, écart 16)",C,
1999,Voiture,54504,,,15 [10–20],"cumul des immatriculations de l'année (D1) sur la durée de vie PA-01 (R-11, écart 16)",C,
2000,Voiture,57844,,,15 [10–20],"cumul des immatriculations de l'année (D1) sur la durée de vie PA-01 (R-11, écart 16)",C,
2001,Voiture,62309,,,15 [10–20],"cumul des immatriculations de l'année (D1) sur la durée de vie PA-01 (R-11, écart 16)",C,
2002,Voiture,67509,,,15 [10–20],"cumul des immatriculations de l'année (D1) sur la durée de vie PA-01 (R-11, écart 16)",C,
2003,Voiture,78923,,,15 [10–20],"cumul des immatriculations de l'année (D1) sur la durée de vie PA-01 (R-11, écart 16)",C,
2004,Voiture,87126,105048,,15 [10–20],"cumul des immatriculations de l'année (D1) sur la durée de vie PA-01 (R-11, écart 16)",C,
2005,Voiture,91706,112542,,15 [10–20],"cumul des immatriculations de l'année (D1) sur la durée de vie PA-01 (R-11, écart 16)",C,
2006,Voiture,96428,119499,,15 [10–20],"cumul des immatriculations de l'année (D1) sur la durée de vie PA-01 (R-11, écart 16)",C,
2007,Voiture,99617,125891,,15 [10–20],"cumul des immatriculations de l'année (D1) sur la durée de vie PA-01 (R-11, écart 16)",C,
2008,Voiture,103136,134303,,15 [10–20],"cumul des immatriculations de l'année (D1) sur la durée de vie PA-01 (R-11, écart 16)",C,
2009,Voiture,100245,136827,154749,15 [10–20],"cumul des immatriculations de l'année (D1) sur la durée de vie PA-01 (R-11, écart 16)",C,
2010,Voiture,99320,136328,157164,15 [10–20],"cumul des immatriculations de l'année (D1) sur la durée de vie PA-01 (R-11, écart 16)",C,
2011,Voiture,98107,137345,160416,15 [10–20],"cumul des immatriculations de l'année (D1) sur la durée de vie PA-01 (R-11, écart 16)",C,
2012,Voiture,97663,138898,165172,15 [10–20],"cumul des immatriculations de l'année (D1) sur la durée de vie PA-01 (R-11, écart 16)",C,
2013,Voiture,93074,140830,171997,15 [10–20],"cumul des immatriculations de l'année (D1) sur la durée de vie PA-01 (R-11, écart 16)",C,
2014,Voiture,91948,142492,179074,15 [10–20],"cumul des immatriculations de l'année (D1) sur la durée de vie PA-01 (R-11, écart 16)",C,
2015,Voiture,95140,149838,186846,15 [10–20],"cumul des immatriculations de l'année (D1) sur la durée de vie PA-01 (R-11, écart 16)",C,
2016,Voiture,98258,155448,194686,15 [10–20],"cumul des immatriculations de l'année (D1) sur la durée de vie PA-01 (R-11, écart 16)",C,
2017,Voiture,101894,160276,201511,15 [10–20],"cumul des immatriculations de l'année (D1) sur la durée de vie PA-01 (R-11, écart 16)",C,
2018,Voiture,106512,161892,209648,15 [10–20],"cumul des immatriculations de l'année (D1) sur la durée de vie PA-01 (R-11, écart 16)",C,
2019,Voiture,118833,168534,219078,15 [10–20],"cumul des immatriculations de l'année (D1) sur la durée de vie PA-01 (R-11, écart 16)",C,
2020,Voiture,128990,173612,228310,15 [10–20],"cumul des immatriculations de l'année (D1) sur la durée de vie PA-01 (R-11, écart 16)",C,
2021,Voiture,142047,182964,240154,15 [10–20],"cumul des immatriculations de l'année (D1) sur la durée de vie PA-01 (R-11, écart 16)",C,
2022,Voiture,151122,190403,248785,15 [10–20],"cumul des immatriculations de l'année (D1) sur la durée de vie PA-01 (R-11, écart 16)",C,
2023,Voiture,157484,195178,250558,15 [10–20],"cumul des immatriculations de l'année (D1) sur la durée de vie PA-01 (R-11, écart 16)",C,
2024,Voiture,162505,204752,254453,15 [10–20],"cumul des immatriculations de l'année (D1) sur la durée de vie PA-01 (R-11, écart 16)",C,
