Année,Catégorie,Libellé,Permis délivrés,Statut,Source,Niveau,Rupture
2007,A,Moto,205,publié,portail : permis_par_categorie.csv,A,False
2007,B,Voiture légère,6148,publié,portail : permis_par_categorie.csv,A,False
2007,C,Poids lourd,459,publié,portail : permis_par_categorie.csv,A,False
2007,D,Transport en commun,87,publié,portail : permis_par_categorie.csv,A,False
2007,E,Semi-remorque,32,publié,portail : permis_par_categorie.csv,A,False
2007,F,Voiture spéciale,0,publié,portail : permis_par_categorie.csv,A,False
2008,A,Moto,198,publié,portail : permis_par_categorie.csv,A,False
2008,B,Voiture légère,6334,publié,portail : permis_par_categorie.csv,A,False
2008,C,Poids lourd,433,publié,portail : permis_par_categorie.csv,A,False
2008,D,Transport en commun,86,publié,portail : permis_par_categorie.csv,A,False
2008,E,Semi-remorque,18,publié,portail : permis_par_categorie.csv,A,False
2008,F,Voiture spéciale,0,publié,portail : permis_par_categorie.csv,A,False
2009,A,Moto,398,publié,portail : permis_par_categorie.csv,A,False
2009,B,Voiture légère,4771,publié,portail : permis_par_categorie.csv,A,False
2009,C,Poids lourd,236,publié,portail : permis_par_categorie.csv,A,False
2009,D,Transport en commun,45,publié,portail : permis_par_categorie.csv,A,False
2009,E,Semi-remorque,38,publié,portail : permis_par_categorie.csv,A,False
2009,F,Voiture spéciale,0,publié,portail : permis_par_categorie.csv,A,False
2010,A,Moto,206,publié,portail : permis_par_categorie.csv,A,False
2010,B,Voiture légère,4690,publié,portail : permis_par_categorie.csv,A,False
2010,C,Poids lourd,299,publié,portail : permis_par_categorie.csv,A,False
2010,D,Transport en commun,83,publié,portail : permis_par_categorie.csv,A,False
2010,E,Semi-remorque,35,publié,portail : permis_par_categorie.csv,A,False
2010,F,Voiture spéciale,0,publié,portail : permis_par_categorie.csv,A,False
2011,A,Moto,157,publié,portail : permis_par_categorie.csv,A,False
2011,B,Voiture légère,5628,publié,portail : permis_par_categorie.csv,A,False
2011,C,Poids lourd,327,publié,portail : permis_par_categorie.csv,A,False
2011,D,Transport en commun,71,publié,portail : permis_par_categorie.csv,A,False
2011,E,Semi-remorque,42,publié,portail : permis_par_categorie.csv,A,False
2011,F,Voiture spéciale,0,publié,portail : permis_par_categorie.csv,A,False
2012,A,Moto,129,publié,portail : permis_par_categorie.csv,A,False
2012,B,Voiture légère,6307,publié,portail : permis_par_categorie.csv,A,False
2012,C,Poids lourd,428,publié,portail : permis_par_categorie.csv,A,False
2012,D,Transport en commun,77,publié,portail : permis_par_categorie.csv,A,False
2012,E,Semi-remorque,28,publié,portail : permis_par_categorie.csv,A,False
2012,F,Voiture spéciale,0,publié,portail : permis_par_categorie.csv,A,False
2013,A,Moto,,non renseigné,portail : permis_par_categorie.csv (2013 non publiée),A,False
2013,B,Voiture légère,,non renseigné,portail : permis_par_categorie.csv (2013 non publiée),A,False
2013,C,Poids lourd,,non renseigné,portail : permis_par_categorie.csv (2013 non publiée),A,False
2013,D,Transport en commun,,non renseigné,portail : permis_par_categorie.csv (2013 non publiée),A,False
2013,E,Semi-remorque,,non renseigné,portail : permis_par_categorie.csv (2013 non publiée),A,False
2013,F,Voiture spéciale,,non renseigné,portail : permis_par_categorie.csv (2013 non publiée),A,False
2014,A,Moto,283,publié,portail : permis_par_categorie.csv,A,False
2014,B,Voiture légère,11787,publié,portail : permis_par_categorie.csv,A,False
2014,C,Poids lourd,1016,publié,portail : permis_par_categorie.csv,A,False
2014,D,Transport en commun,202,publié,portail : permis_par_categorie.csv,A,False
2014,E,Semi-remorque,74,publié,portail : permis_par_categorie.csv,A,False
2014,F,Voiture spéciale,0,publié,portail : permis_par_categorie.csv,A,False
2015,A,Moto,104,publié,portail : permis_par_categorie.csv,A,False
2015,B,Voiture légère,7193,publié,portail : permis_par_categorie.csv,A,False
2015,C,Poids lourd,308,publié,portail : permis_par_categorie.csv,A,False
2015,D,Transport en commun,90,publié,portail : permis_par_categorie.csv,A,False
2015,E,Semi-remorque,370,publié,portail : permis_par_categorie.csv,A,False
2015,F,Voiture spéciale,7,publié,portail : permis_par_categorie.csv,A,False
2016,A,Moto,387,publié,portail : permis_par_categorie.csv,A,True
2016,B,Voiture légère,23467,publié,portail : permis_par_categorie.csv,A,True
2016,C,Poids lourd,1642,publié,portail : permis_par_categorie.csv,A,True
2016,D,Transport en commun,292,publié,portail : permis_par_categorie.csv,A,True
2016,E,Semi-remorque,2635,publié,portail : permis_par_categorie.csv,A,True
2016,F,Voiture spéciale,28,publié,portail : permis_par_categorie.csv,A,True
2017,A,Moto,312,publié,portail : permis_par_categorie.csv,A,False
2017,B,Voiture légère,16299,publié,portail : permis_par_categorie.csv,A,False
2017,C,Poids lourd,1353,publié,portail : permis_par_categorie.csv,A,False
2017,D,Transport en commun,337,publié,portail : permis_par_categorie.csv,A,False
2017,E,Semi-remorque,1514,publié,portail : permis_par_categorie.csv,A,False
2017,F,Voiture spéciale,24,publié,portail : permis_par_categorie.csv,A,False
2018,A,Moto,406,publié,portail : permis_par_categorie.csv,A,False
2018,B,Voiture légère,15855,publié,portail : permis_par_categorie.csv,A,False
2018,C,Poids lourd,1015,publié,portail : permis_par_categorie.csv,A,False
2018,D,Transport en commun,297,publié,portail : permis_par_categorie.csv,A,False
2018,E,Semi-remorque,1263,publié,portail : permis_par_categorie.csv,A,False
2018,F,Voiture spéciale,18,publié,portail : permis_par_categorie.csv,A,False
2019,A,Moto,2425,publié,portail : permis_par_categorie.csv,A,True
2019,B,Voiture légère,16377,publié,portail : permis_par_categorie.csv,A,True
2019,C,Poids lourd,898,publié,portail : permis_par_categorie.csv,A,True
2019,D,Transport en commun,299,publié,portail : permis_par_categorie.csv,A,True
2019,E,Semi-remorque,1073,publié,portail : permis_par_categorie.csv,A,True
2019,F,Voiture spéciale,26,publié,portail : permis_par_categorie.csv,A,True
2020,A,Moto,236,publié,portail : permis_par_categorie.csv,A,False
2020,B,Voiture légère,11017,publié,portail : permis_par_categorie.csv,A,False
2020,C,Poids lourd,763,publié,portail : permis_par_categorie.csv,A,False
2020,D,Transport en commun,230,publié,portail : permis_par_categorie.csv,A,False
2020,E,Semi-remorque,806,publié,portail : permis_par_categorie.csv,A,False
2020,F,Voiture spéciale,21,publié,portail : permis_par_categorie.csv,A,False
2021,A,Moto,211,publié,portail : permis_par_categorie.csv,A,False
2021,B,Voiture légère,16857,publié,portail : permis_par_categorie.csv,A,False
2021,C,Poids lourd,1160,publié,portail : permis_par_categorie.csv,A,False
2021,D,Transport en commun,389,publié,portail : permis_par_categorie.csv,A,False
2021,E,Semi-remorque,1060,publié,portail : permis_par_categorie.csv,A,False
2021,F,Voiture spéciale,38,publié,portail : permis_par_categorie.csv,A,False
2022,A,Moto,4837,publié,portail : permis_par_categorie.csv,A,True
2022,B,Voiture légère,16988,publié,portail : permis_par_categorie.csv,A,True
2022,C,Poids lourd,1216,publié,portail : permis_par_categorie.csv,A,True
2022,D,Transport en commun,410,publié,portail : permis_par_categorie.csv,A,True
2022,E,Semi-remorque,1119,publié,portail : permis_par_categorie.csv,A,True
2022,F,Voiture spéciale,28,publié,portail : permis_par_categorie.csv,A,True
2023,A,Moto,1538,publié,"annuaire statistique 2024, tableau 40.4",A,False
2023,B,Voiture légère,19641,publié,"annuaire statistique 2024, tableau 40.4",A,False
2023,C,Poids lourd,1532,publié,"annuaire statistique 2024, tableau 40.4",A,False
2023,D,Transport en commun,542,publié,"annuaire statistique 2024, tableau 40.4",A,False
2023,E,Semi-remorque,1260,publié,"annuaire statistique 2024, tableau 40.4",A,False
2023,F,Voiture spéciale,35,publié,"annuaire statistique 2024, tableau 40.4",A,False
2024,A,Moto,10165,publié,"annuaire statistique 2024, tableau 40.4",A,False
2024,B,Voiture légère,23538,publié,"annuaire statistique 2024, tableau 40.4",A,False
2024,C,Poids lourd,1973,publié,"annuaire statistique 2024, tableau 40.4",A,False
2024,D,Transport en commun,679,publié,"annuaire statistique 2024, tableau 40.4",A,False
2024,E,Semi-remorque,1554,publié,"annuaire statistique 2024, tableau 40.4",A,False
2024,F,Voiture spéciale,622,publié,"annuaire statistique 2024, tableau 40.4",A,False
