Année,Mesure,Valeur,Source,Niveau,Note
2010,Accidents constatés,3101,portail : transports_statistiques_cles.csv,A,constatés par la police et la gendarmerie ; aucune source ne les dit corporels (écart 15)
2010,Blessés,6241,portail : transports_statistiques_cles.csv,A,
2010,Tués,470,portail : transports_statistiques_cles.csv,A,aucune définition publiée du tué
2011,Accidents constatés,7889,portail : transports_statistiques_cles.csv,A,constatés par la police et la gendarmerie ; aucune source ne les dit corporels (écart 15)
2011,Blessés,9376,portail : transports_statistiques_cles.csv,A,
2011,Tués,739,portail : transports_statistiques_cles.csv,A,aucune définition publiée du tué
2012,Accidents constatés,8155,portail : transports_statistiques_cles.csv,A,constatés par la police et la gendarmerie ; aucune source ne les dit corporels (écart 15)
2012,Blessés,9589,portail : transports_statistiques_cles.csv,A,
2012,Tués,753,portail : transports_statistiques_cles.csv,A,aucune définition publiée du tué
2013,Accidents constatés,5401,portail : transports_statistiques_cles.csv,A,constatés par la police et la gendarmerie ; aucune source ne les dit corporels (écart 15)
2013,Blessés,7636,portail : transports_statistiques_cles.csv,A,
2013,Tués,640,portail : transports_statistiques_cles.csv,A,aucune définition publiée du tué
2014,Accidents constatés,5390,portail : transports_statistiques_cles.csv,A,constatés par la police et la gendarmerie ; aucune source ne les dit corporels (écart 15)
2014,Blessés,5565,portail : transports_statistiques_cles.csv,A,
2014,Tués,802,portail : transports_statistiques_cles.csv,A,aucune définition publiée du tué
2015,Accidents constatés,2851,portail : transports_statistiques_cles.csv,A,constatés par la police et la gendarmerie ; aucune source ne les dit corporels (écart 15)
2015,Blessés,3871,portail : transports_statistiques_cles.csv,A,
2015,Tués,473,portail : transports_statistiques_cles.csv,A,aucune définition publiée du tué
2016,Accidents constatés,5393,portail : transports_statistiques_cles.csv,A,constatés par la police et la gendarmerie ; aucune source ne les dit corporels (écart 15)
2016,Blessés,6846,portail : transports_statistiques_cles.csv,A,
2016,Tués,514,portail : transports_statistiques_cles.csv,A,aucune définition publiée du tué
2017,Accidents constatés,5181,portail : transports_statistiques_cles.csv,A,constatés par la police et la gendarmerie ; aucune source ne les dit corporels (écart 15)
2017,Blessés,8624,portail : transports_statistiques_cles.csv,A,
2017,Tués,580,portail : transports_statistiques_cles.csv,A,aucune définition publiée du tué
2018,Accidents constatés,5814,portail : transports_statistiques_cles.csv,A,constatés par la police et la gendarmerie ; aucune source ne les dit corporels (écart 15)
2018,Blessés,7951,portail : transports_statistiques_cles.csv,A,
2018,Tués,592,portail : transports_statistiques_cles.csv,A,aucune définition publiée du tué
2019,Accidents constatés,5402,portail : transports_statistiques_cles.csv,A,constatés par la police et la gendarmerie ; aucune source ne les dit corporels (écart 15)
2019,Blessés,7520,portail : transports_statistiques_cles.csv,A,
2019,Tués,580,portail : transports_statistiques_cles.csv,A,aucune définition publiée du tué
2020,Accidents constatés,7130,portail : transports_statistiques_cles.csv,A,constatés par la police et la gendarmerie ; aucune source ne les dit corporels (écart 15)
2020,Blessés,9514,portail : transports_statistiques_cles.csv,A,
2020,Tués,576,portail : transports_statistiques_cles.csv,A,aucune définition publiée du tué
2021,Accidents constatés,7392,portail : transports_statistiques_cles.csv,A,constatés par la police et la gendarmerie ; aucune source ne les dit corporels (écart 15)
2021,Blessés,9376,portail : transports_statistiques_cles.csv,A,
2021,Tués,680,portail : transports_statistiques_cles.csv,A,aucune définition publiée du tué
2022,Accidents constatés,7507,portail : transports_statistiques_cles.csv,A,constatés par la police et la gendarmerie ; aucune source ne les dit corporels (écart 15)
2022,Blessés,9918,portail : transports_statistiques_cles.csv,A,
2022,Tués,683,portail : transports_statistiques_cles.csv,A,aucune définition publiée du tué
2023,Accidents constatés,6906,"annuaire statistique 2024, tableau 7.2",A,constatés par la police et la gendarmerie ; aucune source ne les dit corporels (écart 15)
2023,Blessés,9504,"annuaire statistique 2024, tableau 7.2",A,
2023,Tués,546,"annuaire statistique 2024, tableau 7.2",A,aucune définition publiée du tué
2024,Accidents constatés,6529,"annuaire statistique 2024, tableau 7.2",A,constatés par la police et la gendarmerie ; aucune source ne les dit corporels (écart 15)
2024,Blessés,9079,"annuaire statistique 2024, tableau 7.2",A,
2024,Tués,597,"annuaire statistique 2024, tableau 7.2",A,aucune définition publiée du tué
