Préfecture,Région,Zone,Type de route,km,Année,Source,Niveau,Note
Agou,Plateaux,Plateaux,Route nationale revêtue,75.098,collecte 2021-2022,"routes classées (D5), découpées par préfecture (R-15), longueurs en UTM 31N",B,
Agou,Plateaux,Plateaux,Route nationale non revêtue,40.147,collecte 2021-2022,"routes classées (D5), découpées par préfecture (R-15), longueurs en UTM 31N",B,
Agou,Plateaux,Plateaux,Piste rurale,14.943,collecte 2021-2022,"routes classées (D5), découpées par préfecture (R-15), longueurs en UTM 31N",B,
Agou,Plateaux,Plateaux,Voirie urbaine,0.0,collecte 2021-2022,"routes classées (D5), découpées par préfecture (R-15), longueurs en UTM 31N",B,0 km : aucun tronçon de ce type dans le polygone
Agoè-Nyivé,Maritime,Grand Lomé,Route nationale revêtue,35.679,collecte 2021-2022,"routes classées (D5), découpées par préfecture (R-15), longueurs en UTM 31N",B,
Agoè-Nyivé,Maritime,Grand Lomé,Route nationale non revêtue,0.0,collecte 2021-2022,"routes classées (D5), découpées par préfecture (R-15), longueurs en UTM 31N",B,0 km : aucun tronçon de ce type dans le polygone
Agoè-Nyivé,Maritime,Grand Lomé,Piste rurale,0.0,collecte 2021-2022,"routes classées (D5), découpées par préfecture (R-15), longueurs en UTM 31N",B,0 km : aucun tronçon de ce type dans le polygone
Agoè-Nyivé,Maritime,Grand Lomé,Voirie urbaine,29.574,collecte 2021-2022,"routes classées (D5), découpées par préfecture (R-15), longueurs en UTM 31N",B,
Akébou,Plateaux,Plateaux,Route nationale revêtue,0.611,collecte 2021-2022,"routes classées (D5), découpées par préfecture (R-15), longueurs en UTM 31N",B,
Akébou,Plateaux,Plateaux,Route nationale non revêtue,3.867,collecte 2021-2022,"routes classées (D5), découpées par préfecture (R-15), longueurs en UTM 31N",B,
Akébou,Plateaux,Plateaux,Piste rurale,0.0,collecte 2021-2022,"routes classées (D5), découpées par préfecture (R-15), longueurs en UTM 31N",B,0 km : aucun tronçon de ce type dans le polygone
Akébou,Plateaux,Plateaux,Voirie urbaine,2.481,collecte 2021-2022,"routes classées (D5), découpées par préfecture (R-15), longueurs en UTM 31N",B,
Amou,Plateaux,Plateaux,Route nationale revêtue,60.475,collecte 2021-2022,"routes classées (D5), découpées par préfecture (R-15), longueurs en UTM 31N",B,
Amou,Plateaux,Plateaux,Route nationale non revêtue,28.479,collecte 2021-2022,"routes classées (D5), découpées par préfecture (R-15), longueurs en UTM 31N",B,
Amou,Plateaux,Plateaux,Piste rurale,0.0,collecte 2021-2022,"routes classées (D5), découpées par préfecture (R-15), longueurs en UTM 31N",B,0 km : aucun tronçon de ce type dans le polygone
Amou,Plateaux,Plateaux,Voirie urbaine,4.803,collecte 2021-2022,"routes classées (D5), découpées par préfecture (R-15), longueurs en UTM 31N",B,
Anié,Plateaux,Plateaux,Route nationale revêtue,25.392,collecte 2021-2022,"routes classées (D5), découpées par préfecture (R-15), longueurs en UTM 31N",B,
Anié,Plateaux,Plateaux,Route nationale non revêtue,14.417,collecte 2021-2022,"routes classées (D5), découpées par préfecture (R-15), longueurs en UTM 31N",B,
Anié,Plateaux,Plateaux,Piste rurale,0.0,collecte 2021-2022,"routes classées (D5), découpées par préfecture (R-15), longueurs en UTM 31N",B,0 km : aucun tronçon de ce type dans le polygone
Anié,Plateaux,Plateaux,Voirie urbaine,0.0,collecte 2021-2022,"routes classées (D5), découpées par préfecture (R-15), longueurs en UTM 31N",B,0 km : aucun tronçon de ce type dans le polygone
Assoli,Kara,Kara,Route nationale revêtue,46.701,collecte 2021-2022,"routes classées (D5), découpées par préfecture (R-15), longueurs en UTM 31N",B,
Assoli,Kara,Kara,Route nationale non revêtue,32.732,collecte 2021-2022,"routes classées (D5), découpées par préfecture (R-15), longueurs en UTM 31N",B,
Assoli,Kara,Kara,Piste rurale,0.0,collecte 2021-2022,"routes classées (D5), découpées par préfecture (R-15), longueurs en UTM 31N",B,0 km : aucun tronçon de ce type dans le polygone
Assoli,Kara,Kara,Voirie urbaine,0.326,collecte 2021-2022,"routes classées (D5), découpées par préfecture (R-15), longueurs en UTM 31N",B,
Avé,Maritime,Maritime hors Grand Lomé,Route nationale revêtue,55.979,collecte 2021-2022,"routes classées (D5), découpées par préfecture (R-15), longueurs en UTM 31N",B,
Avé,Maritime,Maritime hors Grand Lomé,Route nationale non revêtue,49.338,collecte 2021-2022,"routes classées (D5), découpées par préfecture (R-15), longueurs en UTM 31N",B,
Avé,Maritime,Maritime hors Grand Lomé,Piste rurale,0.0,collecte 2021-2022,"routes classées (D5), découpées par préfecture (R-15), longueurs en UTM 31N",B,0 km : aucun tronçon de ce type dans le polygone
Avé,Maritime,Maritime hors Grand Lomé,Voirie urbaine,15.501,collecte 2021-2022,"routes classées (D5), découpées par préfecture (R-15), longueurs en UTM 31N",B,
Bas-Mono,Maritime,Maritime hors Grand Lomé,Route nationale revêtue,7.53,collecte 2021-2022,"routes classées (D5), découpées par préfecture (R-15), longueurs en UTM 31N",B,
Bas-Mono,Maritime,Maritime hors Grand Lomé,Route nationale non revêtue,24.574,collecte 2021-2022,"routes classées (D5), découpées par préfecture (R-15), longueurs en UTM 31N",B,
Bas-Mono,Maritime,Maritime hors Grand Lomé,Piste rurale,0.0,collecte 2021-2022,"routes classées (D5), découpées par préfecture (R-15), longueurs en UTM 31N",B,0 km : aucun tronçon de ce type dans le polygone
Bas-Mono,Maritime,Maritime hors Grand Lomé,Voirie urbaine,2.762,collecte 2021-2022,"routes classées (D5), découpées par préfecture (R-15), longueurs en UTM 31N",B,
Bassar,Kara,Kara,Route nationale revêtue,122.31,collecte 2021-2022,"routes classées (D5), découpées par préfecture (R-15), longueurs en UTM 31N",B,
Bassar,Kara,Kara,Route nationale non revêtue,59.781,collecte 2021-2022,"routes classées (D5), découpées par préfecture (R-15), longueurs en UTM 31N",B,
Bassar,Kara,Kara,Piste rurale,0.0,collecte 2021-2022,"routes classées (D5), découpées par préfecture (R-15), longueurs en UTM 31N",B,0 km : aucun tronçon de ce type dans le polygone
Bassar,Kara,Kara,Voirie urbaine,11.775,collecte 2021-2022,"routes classées (D5), découpées par préfecture (R-15), longueurs en UTM 31N",B,
Binah,Kara,Kara,Route nationale revêtue,21.422,collecte 2021-2022,"routes classées (D5), découpées par préfecture (R-15), longueurs en UTM 31N",B,
Binah,Kara,Kara,Route nationale non revêtue,23.819,collecte 2021-2022,"routes classées (D5), découpées par préfecture (R-15), longueurs en UTM 31N",B,
Binah,Kara,Kara,Piste rurale,0.0,collecte 2021-2022,"routes classées (D5), découpées par préfecture (R-15), longueurs en UTM 31N",B,0 km : aucun tronçon de ce type dans le polygone
Binah,Kara,Kara,Voirie urbaine,0.0,collecte 2021-2022,"routes classées (D5), découpées par préfecture (R-15), longueurs en UTM 31N",B,0 km : aucun tronçon de ce type dans le polygone
Blitta,Centrale,Centrale,Route nationale revêtue,118.258,collecte 2021-2022,"routes classées (D5), découpées par préfecture (R-15), longueurs en UTM 31N",B,
Blitta,Centrale,Centrale,Route nationale non revêtue,0.223,collecte 2021-2022,"routes classées (D5), découpées par préfecture (R-15), longueurs en UTM 31N",B,
Blitta,Centrale,Centrale,Piste rurale,0.0,collecte 2021-2022,"routes classées (D5), découpées par préfecture (R-15), longueurs en UTM 31N",B,0 km : aucun tronçon de ce type dans le polygone
Blitta,Centrale,Centrale,Voirie urbaine,10.156,collecte 2021-2022,"routes classées (D5), découpées par préfecture (R-15), longueurs en UTM 31N",B,
Cinkassé,Savanes,Savanes,Route nationale revêtue,27.692,collecte 2021-2022,"routes classées (D5), découpées par préfecture (R-15), longueurs en UTM 31N",B,
Cinkassé,Savanes,Savanes,Route nationale non revêtue,11.59,collecte 2021-2022,"routes classées (D5), découpées par préfecture (R-15), longueurs en UTM 31N",B,
Cinkassé,Savanes,Savanes,Piste rurale,0.0,collecte 2021-2022,"routes classées (D5), découpées par préfecture (R-15), longueurs en UTM 31N",B,0 km : aucun tronçon de ce type dans le polygone
Cinkassé,Savanes,Savanes,Voirie urbaine,0.0,collecte 2021-2022,"routes classées (D5), découpées par préfecture (R-15), longueurs en UTM 31N",B,0 km : aucun tronçon de ce type dans le polygone
Dankpen,Kara,Kara,Route nationale revêtue,45.127,collecte 2021-2022,"routes classées (D5), découpées par préfecture (R-15), longueurs en UTM 31N",B,
Dankpen,Kara,Kara,Route nationale non revêtue,0.0,collecte 2021-2022,"routes classées (D5), découpées par préfecture (R-15), longueurs en UTM 31N",B,0 km : aucun tronçon de ce type dans le polygone
Dankpen,Kara,Kara,Piste rurale,0.0,collecte 2021-2022,"routes classées (D5), découpées par préfecture (R-15), longueurs en UTM 31N",B,0 km : aucun tronçon de ce type dans le polygone
Dankpen,Kara,Kara,Voirie urbaine,0.0,collecte 2021-2022,"routes classées (D5), découpées par préfecture (R-15), longueurs en UTM 31N",B,0 km : aucun tronçon de ce type dans le polygone
Danyi,Plateaux,Plateaux,Route nationale revêtue,22.334,collecte 2021-2022,"routes classées (D5), découpées par préfecture (R-15), longueurs en UTM 31N",B,
Danyi,Plateaux,Plateaux,Route nationale non revêtue,7.771,collecte 2021-2022,"routes classées (D5), découpées par préfecture (R-15), longueurs en UTM 31N",B,
Danyi,Plateaux,Plateaux,Piste rurale,0.0,collecte 2021-2022,"routes classées (D5), découpées par préfecture (R-15), longueurs en UTM 31N",B,0 km : aucun tronçon de ce type dans le polygone
Danyi,Plateaux,Plateaux,Voirie urbaine,18.827,collecte 2021-2022,"routes classées (D5), découpées par préfecture (R-15), longueurs en UTM 31N",B,
Doufelgou,Kara,Kara,Route nationale revêtue,66.075,collecte 2021-2022,"routes classées (D5), découpées par préfecture (R-15), longueurs en UTM 31N",B,
Doufelgou,Kara,Kara,Route nationale non revêtue,25.37,collecte 2021-2022,"routes classées (D5), découpées par préfecture (R-15), longueurs en UTM 31N",B,
Doufelgou,Kara,Kara,Piste rurale,7.968,collecte 2021-2022,"routes classées (D5), découpées par préfecture (R-15), longueurs en UTM 31N",B,
Doufelgou,Kara,Kara,Voirie urbaine,0.406,collecte 2021-2022,"routes classées (D5), découpées par préfecture (R-15), longueurs en UTM 31N",B,
Est-Mono,Plateaux,Plateaux,Route nationale revêtue,10.804,collecte 2021-2022,"routes classées (D5), découpées par préfecture (R-15), longueurs en UTM 31N",B,
Est-Mono,Plateaux,Plateaux,Route nationale non revêtue,88.403,collecte 2021-2022,"routes classées (D5), découpées par préfecture (R-15), longueurs en UTM 31N",B,
Est-Mono,Plateaux,Plateaux,Piste rurale,0.0,collecte 2021-2022,"routes classées (D5), découpées par préfecture (R-15), longueurs en UTM 31N",B,0 km : aucun tronçon de ce type dans le polygone
Est-Mono,Plateaux,Plateaux,Voirie urbaine,11.188,collecte 2021-2022,"routes classées (D5), découpées par préfecture (R-15), longueurs en UTM 31N",B,
Golfe,Maritime,Grand Lomé,Route nationale revêtue,78.569,collecte 2021-2022,"routes classées (D5), découpées par préfecture (R-15), longueurs en UTM 31N",B,
Golfe,Maritime,Grand Lomé,Route nationale non revêtue,0.0,collecte 2021-2022,"routes classées (D5), découpées par préfecture (R-15), longueurs en UTM 31N",B,0 km : aucun tronçon de ce type dans le polygone
Golfe,Maritime,Grand Lomé,Piste rurale,0.0,collecte 2021-2022,"routes classées (D5), découpées par préfecture (R-15), longueurs en UTM 31N",B,0 km : aucun tronçon de ce type dans le polygone
Golfe,Maritime,Grand Lomé,Voirie urbaine,18.186,collecte 2021-2022,"routes classées (D5), découpées par préfecture (R-15), longueurs en UTM 31N",B,
Haho,Plateaux,Plateaux,Route nationale revêtue,96.94,collecte 2021-2022,"routes classées (D5), découpées par préfecture (R-15), longueurs en UTM 31N",B,
Haho,Plateaux,Plateaux,Route nationale non revêtue,29.475,collecte 2021-2022,"routes classées (D5), découpées par préfecture (R-15), longueurs en UTM 31N",B,
Haho,Plateaux,Plateaux,Piste rurale,0.0,collecte 2021-2022,"routes classées (D5), découpées par préfecture (R-15), longueurs en UTM 31N",B,0 km : aucun tronçon de ce type dans le polygone
Haho,Plateaux,Plateaux,Voirie urbaine,5.057,collecte 2021-2022,"routes classées (D5), découpées par préfecture (R-15), longueurs en UTM 31N",B,
Kloto,Plateaux,Plateaux,Route nationale revêtue,66.668,collecte 2021-2022,"routes classées (D5), découpées par préfecture (R-15), longueurs en UTM 31N",B,
Kloto,Plateaux,Plateaux,Route nationale non revêtue,0.0,collecte 2021-2022,"routes classées (D5), découpées par préfecture (R-15), longueurs en UTM 31N",B,0 km : aucun tronçon de ce type dans le polygone
Kloto,Plateaux,Plateaux,Piste rurale,1.709,collecte 2021-2022,"routes classées (D5), découpées par préfecture (R-15), longueurs en UTM 31N",B,
Kloto,Plateaux,Plateaux,Voirie urbaine,10.282,collecte 2021-2022,"routes classées (D5), découpées par préfecture (R-15), longueurs en UTM 31N",B,
Kozah,Kara,Kara,Route nationale revêtue,143.703,collecte 2021-2022,"routes classées (D5), découpées par préfecture (R-15), longueurs en UTM 31N",B,
Kozah,Kara,Kara,Route nationale non revêtue,14.715,collecte 2021-2022,"routes classées (D5), découpées par préfecture (R-15), longueurs en UTM 31N",B,
Kozah,Kara,Kara,Piste rurale,0.0,collecte 2021-2022,"routes classées (D5), découpées par préfecture (R-15), longueurs en UTM 31N",B,0 km : aucun tronçon de ce type dans le polygone
Kozah,Kara,Kara,Voirie urbaine,22.909,collecte 2021-2022,"routes classées (D5), découpées par préfecture (R-15), longueurs en UTM 31N",B,
Kpendjal,Savanes,Savanes,Route nationale revêtue,49.295,collecte 2021-2022,"routes classées (D5), découpées par préfecture (R-15), longueurs en UTM 31N",B,
Kpendjal,Savanes,Savanes,Route nationale non revêtue,8.515,collecte 2021-2022,"routes classées (D5), découpées par préfecture (R-15), longueurs en UTM 31N",B,
Kpendjal,Savanes,Savanes,Piste rurale,0.0,collecte 2021-2022,"routes classées (D5), découpées par préfecture (R-15), longueurs en UTM 31N",B,0 km : aucun tronçon de ce type dans le polygone
Kpendjal,Savanes,Savanes,Voirie urbaine,0.0,collecte 2021-2022,"routes classées (D5), découpées par préfecture (R-15), longueurs en UTM 31N",B,0 km : aucun tronçon de ce type dans le polygone
Kpendjal-Ouest,Savanes,Savanes,Route nationale revêtue,40.112,collecte 2021-2022,"routes classées (D5), découpées par préfecture (R-15), longueurs en UTM 31N",B,
Kpendjal-Ouest,Savanes,Savanes,Route nationale non revêtue,5.494,collecte 2021-2022,"routes classées (D5), découpées par préfecture (R-15), longueurs en UTM 31N",B,
Kpendjal-Ouest,Savanes,Savanes,Piste rurale,0.0,collecte 2021-2022,"routes classées (D5), découpées par préfecture (R-15), longueurs en UTM 31N",B,0 km : aucun tronçon de ce type dans le polygone
Kpendjal-Ouest,Savanes,Savanes,Voirie urbaine,0.0,collecte 2021-2022,"routes classées (D5), découpées par préfecture (R-15), longueurs en UTM 31N",B,0 km : aucun tronçon de ce type dans le polygone
Kpélé,Plateaux,Plateaux,Route nationale revêtue,40.412,collecte 2021-2022,"routes classées (D5), découpées par préfecture (R-15), longueurs en UTM 31N",B,
Kpélé,Plateaux,Plateaux,Route nationale non revêtue,0.0,collecte 2021-2022,"routes classées (D5), découpées par préfecture (R-15), longueurs en UTM 31N",B,0 km : aucun tronçon de ce type dans le polygone
Kpélé,Plateaux,Plateaux,Piste rurale,9.151,collecte 2021-2022,"routes classées (D5), découpées par préfecture (R-15), longueurs en UTM 31N",B,
Kpélé,Plateaux,Plateaux,Voirie urbaine,0.419,collecte 2021-2022,"routes classées (D5), découpées par préfecture (R-15), longueurs en UTM 31N",B,
Kéran,Kara,Kara,Route nationale revêtue,55.639,collecte 2021-2022,"routes classées (D5), découpées par préfecture (R-15), longueurs en UTM 31N",B,
Kéran,Kara,Kara,Route nationale non revêtue,28.387,collecte 2021-2022,"routes classées (D5), découpées par préfecture (R-15), longueurs en UTM 31N",B,
Kéran,Kara,Kara,Piste rurale,0.0,collecte 2021-2022,"routes classées (D5), découpées par préfecture (R-15), longueurs en UTM 31N",B,0 km : aucun tronçon de ce type dans le polygone
Kéran,Kara,Kara,Voirie urbaine,0.0,collecte 2021-2022,"routes classées (D5), découpées par préfecture (R-15), longueurs en UTM 31N",B,0 km : aucun tronçon de ce type dans le polygone
Lacs,Maritime,Maritime hors Grand Lomé,Route nationale revêtue,69.349,collecte 2021-2022,"routes classées (D5), découpées par préfecture (R-15), longueurs en UTM 31N",B,
Lacs,Maritime,Maritime hors Grand Lomé,Route nationale non revêtue,12.291,collecte 2021-2022,"routes classées (D5), découpées par préfecture (R-15), longueurs en UTM 31N",B,
Lacs,Maritime,Maritime hors Grand Lomé,Piste rurale,0.0,collecte 2021-2022,"routes classées (D5), découpées par préfecture (R-15), longueurs en UTM 31N",B,0 km : aucun tronçon de ce type dans le polygone
Lacs,Maritime,Maritime hors Grand Lomé,Voirie urbaine,7.146,collecte 2021-2022,"routes classées (D5), découpées par préfecture (R-15), longueurs en UTM 31N",B,
Moyen-Mono,Plateaux,Plateaux,Route nationale revêtue,12.497,collecte 2021-2022,"routes classées (D5), découpées par préfecture (R-15), longueurs en UTM 31N",B,
Moyen-Mono,Plateaux,Plateaux,Route nationale non revêtue,45.392,collecte 2021-2022,"routes classées (D5), découpées par préfecture (R-15), longueurs en UTM 31N",B,
Moyen-Mono,Plateaux,Plateaux,Piste rurale,0.0,collecte 2021-2022,"routes classées (D5), découpées par préfecture (R-15), longueurs en UTM 31N",B,0 km : aucun tronçon de ce type dans le polygone
Moyen-Mono,Plateaux,Plateaux,Voirie urbaine,0.0,collecte 2021-2022,"routes classées (D5), découpées par préfecture (R-15), longueurs en UTM 31N",B,0 km : aucun tronçon de ce type dans le polygone
Mô,Centrale,Centrale,Route nationale revêtue,0.0,collecte 2021-2022,"routes classées (D5), découpées par préfecture (R-15), longueurs en UTM 31N",B,0 km : aucun tronçon de ce type dans le polygone
Mô,Centrale,Centrale,Route nationale non revêtue,0.0,collecte 2021-2022,"routes classées (D5), découpées par préfecture (R-15), longueurs en UTM 31N",B,0 km : aucun tronçon de ce type dans le polygone
Mô,Centrale,Centrale,Piste rurale,0.0,collecte 2021-2022,"routes classées (D5), découpées par préfecture (R-15), longueurs en UTM 31N",B,0 km : aucun tronçon de ce type dans le polygone
Mô,Centrale,Centrale,Voirie urbaine,0.0,collecte 2021-2022,"routes classées (D5), découpées par préfecture (R-15), longueurs en UTM 31N",B,0 km : aucun tronçon de ce type dans le polygone
Ogou,Plateaux,Plateaux,Route nationale revêtue,61.494,collecte 2021-2022,"routes classées (D5), découpées par préfecture (R-15), longueurs en UTM 31N",B,
Ogou,Plateaux,Plateaux,Route nationale non revêtue,51.918,collecte 2021-2022,"routes classées (D5), découpées par préfecture (R-15), longueurs en UTM 31N",B,
Ogou,Plateaux,Plateaux,Piste rurale,0.0,collecte 2021-2022,"routes classées (D5), découpées par préfecture (R-15), longueurs en UTM 31N",B,0 km : aucun tronçon de ce type dans le polygone
Ogou,Plateaux,Plateaux,Voirie urbaine,19.101,collecte 2021-2022,"routes classées (D5), découpées par préfecture (R-15), longueurs en UTM 31N",B,
Oti,Savanes,Savanes,Route nationale revêtue,50.494,collecte 2021-2022,"routes classées (D5), découpées par préfecture (R-15), longueurs en UTM 31N",B,
Oti,Savanes,Savanes,Route nationale non revêtue,86.639,collecte 2021-2022,"routes classées (D5), découpées par préfecture (R-15), longueurs en UTM 31N",B,
Oti,Savanes,Savanes,Piste rurale,0.0,collecte 2021-2022,"routes classées (D5), découpées par préfecture (R-15), longueurs en UTM 31N",B,0 km : aucun tronçon de ce type dans le polygone
Oti,Savanes,Savanes,Voirie urbaine,0.0,collecte 2021-2022,"routes classées (D5), découpées par préfecture (R-15), longueurs en UTM 31N",B,0 km : aucun tronçon de ce type dans le polygone
Oti-Sud,Savanes,Savanes,Route nationale revêtue,55.86,collecte 2021-2022,"routes classées (D5), découpées par préfecture (R-15), longueurs en UTM 31N",B,
Oti-Sud,Savanes,Savanes,Route nationale non revêtue,72.629,collecte 2021-2022,"routes classées (D5), découpées par préfecture (R-15), longueurs en UTM 31N",B,
Oti-Sud,Savanes,Savanes,Piste rurale,0.0,collecte 2021-2022,"routes classées (D5), découpées par préfecture (R-15), longueurs en UTM 31N",B,0 km : aucun tronçon de ce type dans le polygone
Oti-Sud,Savanes,Savanes,Voirie urbaine,0.0,collecte 2021-2022,"routes classées (D5), découpées par préfecture (R-15), longueurs en UTM 31N",B,0 km : aucun tronçon de ce type dans le polygone
Sotouboua,Centrale,Centrale,Route nationale revêtue,81.247,collecte 2021-2022,"routes classées (D5), découpées par préfecture (R-15), longueurs en UTM 31N",B,
Sotouboua,Centrale,Centrale,Route nationale non revêtue,1.134,collecte 2021-2022,"routes classées (D5), découpées par préfecture (R-15), longueurs en UTM 31N",B,
Sotouboua,Centrale,Centrale,Piste rurale,0.0,collecte 2021-2022,"routes classées (D5), découpées par préfecture (R-15), longueurs en UTM 31N",B,0 km : aucun tronçon de ce type dans le polygone
Sotouboua,Centrale,Centrale,Voirie urbaine,0.412,collecte 2021-2022,"routes classées (D5), découpées par préfecture (R-15), longueurs en UTM 31N",B,
Tandjoaré,Savanes,Savanes,Route nationale revêtue,24.658,collecte 2021-2022,"routes classées (D5), découpées par préfecture (R-15), longueurs en UTM 31N",B,
Tandjoaré,Savanes,Savanes,Route nationale non revêtue,0.0,collecte 2021-2022,"routes classées (D5), découpées par préfecture (R-15), longueurs en UTM 31N",B,0 km : aucun tronçon de ce type dans le polygone
Tandjoaré,Savanes,Savanes,Piste rurale,0.0,collecte 2021-2022,"routes classées (D5), découpées par préfecture (R-15), longueurs en UTM 31N",B,0 km : aucun tronçon de ce type dans le polygone
Tandjoaré,Savanes,Savanes,Voirie urbaine,0.0,collecte 2021-2022,"routes classées (D5), découpées par préfecture (R-15), longueurs en UTM 31N",B,0 km : aucun tronçon de ce type dans le polygone
Tchamba,Centrale,Centrale,Route nationale revêtue,109.594,collecte 2021-2022,"routes classées (D5), découpées par préfecture (R-15), longueurs en UTM 31N",B,
Tchamba,Centrale,Centrale,Route nationale non revêtue,9.803,collecte 2021-2022,"routes classées (D5), découpées par préfecture (R-15), longueurs en UTM 31N",B,
Tchamba,Centrale,Centrale,Piste rurale,0.0,collecte 2021-2022,"routes classées (D5), découpées par préfecture (R-15), longueurs en UTM 31N",B,0 km : aucun tronçon de ce type dans le polygone
Tchamba,Centrale,Centrale,Voirie urbaine,3.684,collecte 2021-2022,"routes classées (D5), découpées par préfecture (R-15), longueurs en UTM 31N",B,
Tchaoudjo,Centrale,Centrale,Route nationale revêtue,115.039,collecte 2021-2022,"routes classées (D5), découpées par préfecture (R-15), longueurs en UTM 31N",B,
Tchaoudjo,Centrale,Centrale,Route nationale non revêtue,0.0,collecte 2021-2022,"routes classées (D5), découpées par préfecture (R-15), longueurs en UTM 31N",B,0 km : aucun tronçon de ce type dans le polygone
Tchaoudjo,Centrale,Centrale,Piste rurale,0.0,collecte 2021-2022,"routes classées (D5), découpées par préfecture (R-15), longueurs en UTM 31N",B,0 km : aucun tronçon de ce type dans le polygone
Tchaoudjo,Centrale,Centrale,Voirie urbaine,6.392,collecte 2021-2022,"routes classées (D5), découpées par préfecture (R-15), longueurs en UTM 31N",B,
Tône,Savanes,Savanes,Route nationale revêtue,65.22,collecte 2021-2022,"routes classées (D5), découpées par préfecture (R-15), longueurs en UTM 31N",B,
Tône,Savanes,Savanes,Route nationale non revêtue,14.621,collecte 2021-2022,"routes classées (D5), découpées par préfecture (R-15), longueurs en UTM 31N",B,
Tône,Savanes,Savanes,Piste rurale,0.0,collecte 2021-2022,"routes classées (D5), découpées par préfecture (R-15), longueurs en UTM 31N",B,0 km : aucun tronçon de ce type dans le polygone
Tône,Savanes,Savanes,Voirie urbaine,15.175,collecte 2021-2022,"routes classées (D5), découpées par préfecture (R-15), longueurs en UTM 31N",B,
Vo,Maritime,Maritime hors Grand Lomé,Route nationale revêtue,51.738,collecte 2021-2022,"routes classées (D5), découpées par préfecture (R-15), longueurs en UTM 31N",B,
Vo,Maritime,Maritime hors Grand Lomé,Route nationale non revêtue,11.367,collecte 2021-2022,"routes classées (D5), découpées par préfecture (R-15), longueurs en UTM 31N",B,
Vo,Maritime,Maritime hors Grand Lomé,Piste rurale,0.0,collecte 2021-2022,"routes classées (D5), découpées par préfecture (R-15), longueurs en UTM 31N",B,0 km : aucun tronçon de ce type dans le polygone
Vo,Maritime,Maritime hors Grand Lomé,Voirie urbaine,0.046,collecte 2021-2022,"routes classées (D5), découpées par préfecture (R-15), longueurs en UTM 31N",B,
Wawa,Plateaux,Plateaux,Route nationale revêtue,109.641,collecte 2021-2022,"routes classées (D5), découpées par préfecture (R-15), longueurs en UTM 31N",B,
Wawa,Plateaux,Plateaux,Route nationale non revêtue,17.459,collecte 2021-2022,"routes classées (D5), découpées par préfecture (R-15), longueurs en UTM 31N",B,
Wawa,Plateaux,Plateaux,Piste rurale,0.0,collecte 2021-2022,"routes classées (D5), découpées par préfecture (R-15), longueurs en UTM 31N",B,0 km : aucun tronçon de ce type dans le polygone
Wawa,Plateaux,Plateaux,Voirie urbaine,6.3,collecte 2021-2022,"routes classées (D5), découpées par préfecture (R-15), longueurs en UTM 31N",B,
Yoto,Maritime,Maritime hors Grand Lomé,Route nationale revêtue,32.598,collecte 2021-2022,"routes classées (D5), découpées par préfecture (R-15), longueurs en UTM 31N",B,
Yoto,Maritime,Maritime hors Grand Lomé,Route nationale non revêtue,25.547,collecte 2021-2022,"routes classées (D5), découpées par préfecture (R-15), longueurs en UTM 31N",B,
Yoto,Maritime,Maritime hors Grand Lomé,Piste rurale,0.0,collecte 2021-2022,"routes classées (D5), découpées par préfecture (R-15), longueurs en UTM 31N",B,0 km : aucun tronçon de ce type dans le polygone
Yoto,Maritime,Maritime hors Grand Lomé,Voirie urbaine,0.313,collecte 2021-2022,"routes classées (D5), découpées par préfecture (R-15), longueurs en UTM 31N",B,
Zio,Maritime,Maritime hors Grand Lomé,Route nationale revêtue,82.307,collecte 2021-2022,"routes classées (D5), découpées par préfecture (R-15), longueurs en UTM 31N",B,
Zio,Maritime,Maritime hors Grand Lomé,Route nationale non revêtue,14.297,collecte 2021-2022,"routes classées (D5), découpées par préfecture (R-15), longueurs en UTM 31N",B,
Zio,Maritime,Maritime hors Grand Lomé,Piste rurale,0.0,collecte 2021-2022,"routes classées (D5), découpées par préfecture (R-15), longueurs en UTM 31N",B,0 km : aucun tronçon de ce type dans le polygone
Zio,Maritime,Maritime hors Grand Lomé,Voirie urbaine,9.603,collecte 2021-2022,"routes classées (D5), découpées par préfecture (R-15), longueurs en UTM 31N",B,
