Année,Catégorie,Âge minimal,Population en âge de conduire,Note,Source,Niveau
2007,A,18,2948776,,population nationale par âge (D7) ; groupe coupé à l'âge minimal par les âges simples de WPP ; âges de PA-05,C
2007,B,18,2948776,,population nationale par âge (D7) ; groupe coupé à l'âge minimal par les âges simples de WPP ; âges de PA-05,C
2007,C,21,2603849,,population nationale par âge (D7) ; groupe coupé à l'âge minimal par les âges simples de WPP ; âges de PA-05,C
2007,D,21,2603849,,population nationale par âge (D7) ; groupe coupé à l'âge minimal par les âges simples de WPP ; âges de PA-05,C
2007,E,18,2948776,,population nationale par âge (D7) ; groupe coupé à l'âge minimal par les âges simples de WPP ; âges de PA-05,C
2007,F,18,2948776,,population nationale par âge (D7) ; groupe coupé à l'âge minimal par les âges simples de WPP ; âges de PA-05,C
2008,A,18,3041626,,population nationale par âge (D7) ; groupe coupé à l'âge minimal par les âges simples de WPP ; âges de PA-05,C
2008,B,18,3041626,,population nationale par âge (D7) ; groupe coupé à l'âge minimal par les âges simples de WPP ; âges de PA-05,C
2008,C,21,2688282,,population nationale par âge (D7) ; groupe coupé à l'âge minimal par les âges simples de WPP ; âges de PA-05,C
2008,D,21,2688282,,population nationale par âge (D7) ; groupe coupé à l'âge minimal par les âges simples de WPP ; âges de PA-05,C
2008,E,18,3041626,,population nationale par âge (D7) ; groupe coupé à l'âge minimal par les âges simples de WPP ; âges de PA-05,C
2008,F,18,3041626,,population nationale par âge (D7) ; groupe coupé à l'âge minimal par les âges simples de WPP ; âges de PA-05,C
2009,A,18,3133765,,population nationale par âge (D7) ; groupe coupé à l'âge minimal par les âges simples de WPP ; âges de PA-05,C
2009,B,18,3133765,,population nationale par âge (D7) ; groupe coupé à l'âge minimal par les âges simples de WPP ; âges de PA-05,C
2009,C,21,2772446,,population nationale par âge (D7) ; groupe coupé à l'âge minimal par les âges simples de WPP ; âges de PA-05,C
2009,D,21,2772446,,population nationale par âge (D7) ; groupe coupé à l'âge minimal par les âges simples de WPP ; âges de PA-05,C
2009,E,18,3133765,,population nationale par âge (D7) ; groupe coupé à l'âge minimal par les âges simples de WPP ; âges de PA-05,C
2009,F,18,3133765,,population nationale par âge (D7) ; groupe coupé à l'âge minimal par les âges simples de WPP ; âges de PA-05,C
2010,A,18,3221461,,population nationale par âge (D7) ; groupe coupé à l'âge minimal par les âges simples de WPP ; âges de PA-05,C
2010,B,18,3221461,,population nationale par âge (D7) ; groupe coupé à l'âge minimal par les âges simples de WPP ; âges de PA-05,C
2010,C,21,2852821,,population nationale par âge (D7) ; groupe coupé à l'âge minimal par les âges simples de WPP ; âges de PA-05,C
2010,D,21,2852821,,population nationale par âge (D7) ; groupe coupé à l'âge minimal par les âges simples de WPP ; âges de PA-05,C
2010,E,18,3221461,,population nationale par âge (D7) ; groupe coupé à l'âge minimal par les âges simples de WPP ; âges de PA-05,C
2010,F,18,3221461,,population nationale par âge (D7) ; groupe coupé à l'âge minimal par les âges simples de WPP ; âges de PA-05,C
2011,A,18,3195240,,population nationale par âge (D7) ; groupe coupé à l'âge minimal par les âges simples de WPP ; âges de PA-05,C
2011,B,18,3195240,,population nationale par âge (D7) ; groupe coupé à l'âge minimal par les âges simples de WPP ; âges de PA-05,C
2011,C,21,2839179,,population nationale par âge (D7) ; groupe coupé à l'âge minimal par les âges simples de WPP ; âges de PA-05,C
2011,D,21,2839179,,population nationale par âge (D7) ; groupe coupé à l'âge minimal par les âges simples de WPP ; âges de PA-05,C
2011,E,18,3195240,,population nationale par âge (D7) ; groupe coupé à l'âge minimal par les âges simples de WPP ; âges de PA-05,C
2011,F,18,3195240,,population nationale par âge (D7) ; groupe coupé à l'âge minimal par les âges simples de WPP ; âges de PA-05,C
2012,A,18,3284434,,population nationale par âge (D7) ; groupe coupé à l'âge minimal par les âges simples de WPP ; âges de PA-05,C
2012,B,18,3284434,,population nationale par âge (D7) ; groupe coupé à l'âge minimal par les âges simples de WPP ; âges de PA-05,C
2012,C,21,2919588,,population nationale par âge (D7) ; groupe coupé à l'âge minimal par les âges simples de WPP ; âges de PA-05,C
2012,D,21,2919588,,population nationale par âge (D7) ; groupe coupé à l'âge minimal par les âges simples de WPP ; âges de PA-05,C
2012,E,18,3284434,,population nationale par âge (D7) ; groupe coupé à l'âge minimal par les âges simples de WPP ; âges de PA-05,C
2012,F,18,3284434,,population nationale par âge (D7) ; groupe coupé à l'âge minimal par les âges simples de WPP ; âges de PA-05,C
2013,A,18,3376517,,population nationale par âge (D7) ; groupe coupé à l'âge minimal par les âges simples de WPP ; âges de PA-05,C
2013,B,18,3376517,,population nationale par âge (D7) ; groupe coupé à l'âge minimal par les âges simples de WPP ; âges de PA-05,C
2013,C,21,3002587,,population nationale par âge (D7) ; groupe coupé à l'âge minimal par les âges simples de WPP ; âges de PA-05,C
2013,D,21,3002587,,population nationale par âge (D7) ; groupe coupé à l'âge minimal par les âges simples de WPP ; âges de PA-05,C
2013,E,18,3376517,,population nationale par âge (D7) ; groupe coupé à l'âge minimal par les âges simples de WPP ; âges de PA-05,C
2013,F,18,3376517,,population nationale par âge (D7) ; groupe coupé à l'âge minimal par les âges simples de WPP ; âges de PA-05,C
2014,A,18,3468917,,population nationale par âge (D7) ; groupe coupé à l'âge minimal par les âges simples de WPP ; âges de PA-05,C
2014,B,18,3468917,,population nationale par âge (D7) ; groupe coupé à l'âge minimal par les âges simples de WPP ; âges de PA-05,C
2014,C,21,3084992,,population nationale par âge (D7) ; groupe coupé à l'âge minimal par les âges simples de WPP ; âges de PA-05,C
2014,D,21,3084992,,population nationale par âge (D7) ; groupe coupé à l'âge minimal par les âges simples de WPP ; âges de PA-05,C
2014,E,18,3468917,,population nationale par âge (D7) ; groupe coupé à l'âge minimal par les âges simples de WPP ; âges de PA-05,C
2014,F,18,3468917,,population nationale par âge (D7) ; groupe coupé à l'âge minimal par les âges simples de WPP ; âges de PA-05,C
2015,A,18,3570716,,population nationale par âge (D7) ; groupe coupé à l'âge minimal par les âges simples de WPP ; âges de PA-05,C
2015,B,18,3570716,,population nationale par âge (D7) ; groupe coupé à l'âge minimal par les âges simples de WPP ; âges de PA-05,C
2015,C,21,3175304,,population nationale par âge (D7) ; groupe coupé à l'âge minimal par les âges simples de WPP ; âges de PA-05,C
2015,D,21,3175304,,population nationale par âge (D7) ; groupe coupé à l'âge minimal par les âges simples de WPP ; âges de PA-05,C
2015,E,18,3570716,,population nationale par âge (D7) ; groupe coupé à l'âge minimal par les âges simples de WPP ; âges de PA-05,C
2015,F,18,3570716,,population nationale par âge (D7) ; groupe coupé à l'âge minimal par les âges simples de WPP ; âges de PA-05,C
2016,A,18,3681007,,population nationale par âge (D7) ; groupe coupé à l'âge minimal par les âges simples de WPP ; âges de PA-05,C
2016,B,18,3681007,,population nationale par âge (D7) ; groupe coupé à l'âge minimal par les âges simples de WPP ; âges de PA-05,C
2016,C,21,3270966,,population nationale par âge (D7) ; groupe coupé à l'âge minimal par les âges simples de WPP ; âges de PA-05,C
2016,D,21,3270966,,population nationale par âge (D7) ; groupe coupé à l'âge minimal par les âges simples de WPP ; âges de PA-05,C
2016,E,18,3681007,,population nationale par âge (D7) ; groupe coupé à l'âge minimal par les âges simples de WPP ; âges de PA-05,C
2016,F,18,3681007,,population nationale par âge (D7) ; groupe coupé à l'âge minimal par les âges simples de WPP ; âges de PA-05,C
2017,A,18,3794850,,population nationale par âge (D7) ; groupe coupé à l'âge minimal par les âges simples de WPP ; âges de PA-05,C
2017,B,18,3794850,,population nationale par âge (D7) ; groupe coupé à l'âge minimal par les âges simples de WPP ; âges de PA-05,C
2017,C,21,3366341,,population nationale par âge (D7) ; groupe coupé à l'âge minimal par les âges simples de WPP ; âges de PA-05,C
2017,D,21,3366341,,population nationale par âge (D7) ; groupe coupé à l'âge minimal par les âges simples de WPP ; âges de PA-05,C
2017,E,18,3794850,,population nationale par âge (D7) ; groupe coupé à l'âge minimal par les âges simples de WPP ; âges de PA-05,C
2017,F,18,3794850,,population nationale par âge (D7) ; groupe coupé à l'âge minimal par les âges simples de WPP ; âges de PA-05,C
2018,A,18,3915009,,population nationale par âge (D7) ; groupe coupé à l'âge minimal par les âges simples de WPP ; âges de PA-05,C
2018,B,18,3915009,,population nationale par âge (D7) ; groupe coupé à l'âge minimal par les âges simples de WPP ; âges de PA-05,C
2018,C,21,3464752,,population nationale par âge (D7) ; groupe coupé à l'âge minimal par les âges simples de WPP ; âges de PA-05,C
2018,D,21,3464752,,population nationale par âge (D7) ; groupe coupé à l'âge minimal par les âges simples de WPP ; âges de PA-05,C
2018,E,18,3915009,,population nationale par âge (D7) ; groupe coupé à l'âge minimal par les âges simples de WPP ; âges de PA-05,C
2018,F,18,3915009,,population nationale par âge (D7) ; groupe coupé à l'âge minimal par les âges simples de WPP ; âges de PA-05,C
2019,A,18,4040709,,population nationale par âge (D7) ; groupe coupé à l'âge minimal par les âges simples de WPP ; âges de PA-05,C
2019,B,18,4040709,,population nationale par âge (D7) ; groupe coupé à l'âge minimal par les âges simples de WPP ; âges de PA-05,C
2019,C,21,3567053,,population nationale par âge (D7) ; groupe coupé à l'âge minimal par les âges simples de WPP ; âges de PA-05,C
2019,D,21,3567053,,population nationale par âge (D7) ; groupe coupé à l'âge minimal par les âges simples de WPP ; âges de PA-05,C
2019,E,18,4040709,,population nationale par âge (D7) ; groupe coupé à l'âge minimal par les âges simples de WPP ; âges de PA-05,C
2019,F,18,4040709,,population nationale par âge (D7) ; groupe coupé à l'âge minimal par les âges simples de WPP ; âges de PA-05,C
2020,A,18,4176944,,population nationale par âge (D7) ; groupe coupé à l'âge minimal par les âges simples de WPP ; âges de PA-05,C
2020,B,18,4176944,,population nationale par âge (D7) ; groupe coupé à l'âge minimal par les âges simples de WPP ; âges de PA-05,C
2020,C,21,3681517,,population nationale par âge (D7) ; groupe coupé à l'âge minimal par les âges simples de WPP ; âges de PA-05,C
2020,D,21,3681517,,population nationale par âge (D7) ; groupe coupé à l'âge minimal par les âges simples de WPP ; âges de PA-05,C
2020,E,18,4176944,,population nationale par âge (D7) ; groupe coupé à l'âge minimal par les âges simples de WPP ; âges de PA-05,C
2020,F,18,4176944,,population nationale par âge (D7) ; groupe coupé à l'âge minimal par les âges simples de WPP ; âges de PA-05,C
2021,A,18,4312969,,population nationale par âge (D7) ; groupe coupé à l'âge minimal par les âges simples de WPP ; âges de PA-05,C
2021,B,18,4312969,,population nationale par âge (D7) ; groupe coupé à l'âge minimal par les âges simples de WPP ; âges de PA-05,C
2021,C,21,3800085,,population nationale par âge (D7) ; groupe coupé à l'âge minimal par les âges simples de WPP ; âges de PA-05,C
2021,D,21,3800085,,population nationale par âge (D7) ; groupe coupé à l'âge minimal par les âges simples de WPP ; âges de PA-05,C
2021,E,18,4312969,,population nationale par âge (D7) ; groupe coupé à l'âge minimal par les âges simples de WPP ; âges de PA-05,C
2021,F,18,4312969,,population nationale par âge (D7) ; groupe coupé à l'âge minimal par les âges simples de WPP ; âges de PA-05,C
2022,A,18,4193458,"âge non déclaré, hors décompte : 24180",population nationale par âge (D7) ; groupe coupé à l'âge minimal par les âges simples de WPP ; âges de PA-05,C
2022,B,18,4193458,"âge non déclaré, hors décompte : 24180",population nationale par âge (D7) ; groupe coupé à l'âge minimal par les âges simples de WPP ; âges de PA-05,C
2022,C,21,3735515,"âge non déclaré, hors décompte : 24180",population nationale par âge (D7) ; groupe coupé à l'âge minimal par les âges simples de WPP ; âges de PA-05,C
2022,D,21,3735515,"âge non déclaré, hors décompte : 24180",population nationale par âge (D7) ; groupe coupé à l'âge minimal par les âges simples de WPP ; âges de PA-05,C
2022,E,18,4193458,"âge non déclaré, hors décompte : 24180",population nationale par âge (D7) ; groupe coupé à l'âge minimal par les âges simples de WPP ; âges de PA-05,C
2022,F,18,4193458,"âge non déclaré, hors décompte : 24180",population nationale par âge (D7) ; groupe coupé à l'âge minimal par les âges simples de WPP ; âges de PA-05,C
2023,A,18,4590553,,population nationale par âge (D7) ; groupe coupé à l'âge minimal par les âges simples de WPP ; âges de PA-05,C
2023,B,18,4590553,,population nationale par âge (D7) ; groupe coupé à l'âge minimal par les âges simples de WPP ; âges de PA-05,C
2023,C,21,4068943,,population nationale par âge (D7) ; groupe coupé à l'âge minimal par les âges simples de WPP ; âges de PA-05,C
2023,D,21,4068943,,population nationale par âge (D7) ; groupe coupé à l'âge minimal par les âges simples de WPP ; âges de PA-05,C
2023,E,18,4590553,,population nationale par âge (D7) ; groupe coupé à l'âge minimal par les âges simples de WPP ; âges de PA-05,C
2023,F,18,4590553,,population nationale par âge (D7) ; groupe coupé à l'âge minimal par les âges simples de WPP ; âges de PA-05,C
2024,A,18,4734735,,population nationale par âge (D7) ; groupe coupé à l'âge minimal par les âges simples de WPP ; âges de PA-05,C
2024,B,18,4734735,,population nationale par âge (D7) ; groupe coupé à l'âge minimal par les âges simples de WPP ; âges de PA-05,C
2024,C,21,4210466,,population nationale par âge (D7) ; groupe coupé à l'âge minimal par les âges simples de WPP ; âges de PA-05,C
2024,D,21,4210466,,population nationale par âge (D7) ; groupe coupé à l'âge minimal par les âges simples de WPP ; âges de PA-05,C
2024,E,18,4734735,,population nationale par âge (D7) ; groupe coupé à l'âge minimal par les âges simples de WPP ; âges de PA-05,C
2024,F,18,4734735,,population nationale par âge (D7) ; groupe coupé à l'âge minimal par les âges simples de WPP ; âges de PA-05,C
