Année,Population,Source,Niveau
1990,3677181,reconstituée : recensement 2010 × croissance WPP 2024 (variante médiane) (écart 7),C
1991,3784587,reconstituée : recensement 2010 × croissance WPP 2024 (variante médiane) (écart 7),C
1992,3893149,reconstituée : recensement 2010 × croissance WPP 2024 (variante médiane) (écart 7),C
1993,3869090,reconstituée : recensement 2010 × croissance WPP 2024 (variante médiane) (écart 7),C
1994,3883331,reconstituée : recensement 2010 × croissance WPP 2024 (variante médiane) (écart 7),C
1995,4056113,reconstituée : recensement 2010 × croissance WPP 2024 (variante médiane) (écart 7),C
1996,4209708,reconstituée : recensement 2010 × croissance WPP 2024 (variante médiane) (écart 7),C
1997,4345043,reconstituée : recensement 2010 × croissance WPP 2024 (variante médiane) (écart 7),C
1998,4469998,reconstituée : recensement 2010 × croissance WPP 2024 (variante médiane) (écart 7),C
1999,4598147,reconstituée : recensement 2010 × croissance WPP 2024 (variante médiane) (écart 7),C
2000,4726675,reconstituée : recensement 2010 × croissance WPP 2024 (variante médiane) (écart 7),C
2001,4852975,reconstituée : recensement 2010 × croissance WPP 2024 (variante médiane) (écart 7),C
2002,4977938,reconstituée : recensement 2010 × croissance WPP 2024 (variante médiane) (écart 7),C
2003,5105661,reconstituée : recensement 2010 × croissance WPP 2024 (variante médiane) (écart 7),C
2004,5238395,reconstituée : recensement 2010 × croissance WPP 2024 (variante médiane) (écart 7),C
2005,5374606,reconstituée : recensement 2010 × croissance WPP 2024 (variante médiane) (écart 7),C
2006,5527290,reconstituée : recensement 2010 × croissance WPP 2024 (variante médiane) (écart 7),C
2007,5690677,reconstituée : recensement 2010 × croissance WPP 2024 (variante médiane) (écart 7),C
2008,5856632,reconstituée : recensement 2010 × croissance WPP 2024 (variante médiane) (écart 7),C
2009,6024964,reconstituée : recensement 2010 × croissance WPP 2024 (variante médiane) (écart 7),C
2010,6191155,recensement 2010 (population_region_sexe_2010.csv),A
2011,6202000,projections de l'INSEED 2011-2031,C
2012,6353000,projections de l'INSEED 2011-2031,C
2013,6509000,projections de l'INSEED 2011-2031,C
2014,6669000,projections de l'INSEED 2011-2031,C
2015,6835000,projections de l'INSEED 2011-2031,C
2016,7006000,projections de l'INSEED 2011-2031,C
2017,7178000,projections de l'INSEED 2011-2031,C
2018,7352000,projections de l'INSEED 2011-2031,C
2019,7528000,projections de l'INSEED 2011-2031,C
2020,7706000,projections de l'INSEED 2011-2031,C
2021,7886000,projections de l'INSEED 2011-2031,C
2022,8095498,"recensement 2022 (RGPH-5, Livret 02)",A
2023,8251000,projections de l'INSEED 2011-2031,C
2024,8437000,projections de l'INSEED 2011-2031,C
