Année,Groupe d'âges,Population,Source,Niveau
2007,0-4,919092,population nationale × parts par âge de WPP 2024 (variante médiane),C
2007,5-9,773350,population nationale × parts par âge de WPP 2024 (variante médiane),C
2007,10-14,677273,population nationale × parts par âge de WPP 2024 (variante médiane),C
2007,15-19,605245,population nationale × parts par âge de WPP 2024 (variante médiane),C
2007,20-24,528983,population nationale × parts par âge de WPP 2024 (variante médiane),C
2007,25-29,460327,population nationale × parts par âge de WPP 2024 (variante médiane),C
2007,30-34,389747,population nationale × parts par âge de WPP 2024 (variante médiane),C
2007,35-39,317341,population nationale × parts par âge de WPP 2024 (variante médiane),C
2007,40-44,256740,population nationale × parts par âge de WPP 2024 (variante médiane),C
2007,45-49,206548,population nationale × parts par âge de WPP 2024 (variante médiane),C
2007,50-54,167653,population nationale × parts par âge de WPP 2024 (variante médiane),C
2007,55-59,133050,population nationale × parts par âge de WPP 2024 (variante médiane),C
2007,60-64,99723,population nationale × parts par âge de WPP 2024 (variante médiane),C
2007,65-69,70323,population nationale × parts par âge de WPP 2024 (variante médiane),C
2007,70-74,46326,population nationale × parts par âge de WPP 2024 (variante médiane),C
2007,75-79,25434,population nationale × parts par âge de WPP 2024 (variante médiane),C
2007,80 et +,13523,population nationale × parts par âge de WPP 2024 (variante médiane),C
2008,0-4,948973,population nationale × parts par âge de WPP 2024 (variante médiane),C
2008,5-9,795141,population nationale × parts par âge de WPP 2024 (variante médiane),C
2008,10-14,690523,population nationale × parts par âge de WPP 2024 (variante médiane),C
2008,15-19,618916,population nationale × parts par âge de WPP 2024 (variante médiane),C
2008,20-24,542726,population nationale × parts par âge de WPP 2024 (variante médiane),C
2008,25-29,472900,population nationale × parts par âge de WPP 2024 (variante médiane),C
2008,30-34,403241,population nationale × parts par âge de WPP 2024 (variante médiane),C
2008,35-39,329852,population nationale × parts par âge de WPP 2024 (variante médiane),C
2008,40-44,266299,population nationale × parts par âge de WPP 2024 (variante médiane),C
2008,45-49,213992,population nationale × parts par âge de WPP 2024 (variante médiane),C
2008,50-54,172804,population nationale × parts par âge de WPP 2024 (variante médiane),C
2008,55-59,137620,population nationale × parts par âge de WPP 2024 (variante médiane),C
2008,60-64,103635,population nationale × parts par âge de WPP 2024 (variante médiane),C
2008,65-69,72450,population nationale × parts par âge de WPP 2024 (variante médiane),C
2008,70-74,47588,population nationale × parts par âge de WPP 2024 (variante médiane),C
2008,75-79,26094,population nationale × parts par âge de WPP 2024 (variante médiane),C
2008,80 et +,13878,population nationale × parts par âge de WPP 2024 (variante médiane),C
2009,0-4,981480,population nationale × parts par âge de WPP 2024 (variante médiane),C
2009,5-9,816229,population nationale × parts par âge de WPP 2024 (variante médiane),C
2009,10-14,705331,population nationale × parts par âge de WPP 2024 (variante médiane),C
2009,15-19,632078,population nationale × parts par âge de WPP 2024 (variante médiane),C
2009,20-24,556094,population nationale × parts par âge de WPP 2024 (variante médiane),C
2009,25-29,484768,population nationale × parts par âge de WPP 2024 (variante médiane),C
2009,30-34,416033,population nationale × parts par âge de WPP 2024 (variante médiane),C
2009,35-39,342486,population nationale × parts par âge de WPP 2024 (variante médiane),C
2009,40-44,276078,population nationale × parts par âge de WPP 2024 (variante médiane),C
2009,45-49,221799,population nationale × parts par âge de WPP 2024 (variante médiane),C
2009,50-54,178185,population nationale × parts par âge de WPP 2024 (variante médiane),C
2009,55-59,142488,population nationale × parts par âge de WPP 2024 (variante médiane),C
2009,60-64,107235,population nationale × parts par âge de WPP 2024 (variante médiane),C
2009,65-69,74828,population nationale × parts par âge de WPP 2024 (variante médiane),C
2009,70-74,48873,population nationale × parts par âge de WPP 2024 (variante médiane),C
2009,75-79,26764,population nationale × parts par âge de WPP 2024 (variante médiane),C
2009,80 et +,14215,population nationale × parts par âge de WPP 2024 (variante médiane),C
2010,0-4,1014768,population nationale × parts par âge de WPP 2024 (variante médiane),C
2010,5-9,837685,population nationale × parts par âge de WPP 2024 (variante médiane),C
2010,10-14,721997,population nationale × parts par âge de WPP 2024 (variante médiane),C
2010,15-19,644086,population nationale × parts par âge de WPP 2024 (variante médiane),C
2010,20-24,568295,population nationale × parts par âge de WPP 2024 (variante médiane),C
2010,25-29,495224,population nationale × parts par âge de WPP 2024 (variante médiane),C
2010,30-34,427437,population nationale × parts par âge de WPP 2024 (variante médiane),C
2010,35-39,354674,population nationale × parts par âge de WPP 2024 (variante médiane),C
2010,40-44,285924,population nationale × parts par âge de WPP 2024 (variante médiane),C
2010,45-49,229722,population nationale × parts par âge de WPP 2024 (variante médiane),C
2010,50-54,183745,population nationale × parts par âge de WPP 2024 (variante médiane),C
2010,55-59,147012,population nationale × parts par âge de WPP 2024 (variante médiane),C
2010,60-64,111047,population nationale × parts par âge de WPP 2024 (variante médiane),C
2010,65-69,77424,population nationale × parts par âge de WPP 2024 (variante médiane),C
2010,70-74,50174,population nationale × parts par âge de WPP 2024 (variante médiane),C
2010,75-79,27429,population nationale × parts par âge de WPP 2024 (variante médiane),C
2010,80 et +,14512,population nationale × parts par âge de WPP 2024 (variante médiane),C
2011,0-4,924000,projections de l'INSEED 2011-2031,C
2011,5-9,955000,projections de l'INSEED 2011-2031,C
2011,10-14,749000,projections de l'INSEED 2011-2031,C
2011,15-19,621000,projections de l'INSEED 2011-2031,C
2011,20-24,550000,projections de l'INSEED 2011-2031,C
2011,25-29,510000,projections de l'INSEED 2011-2031,C
2011,30-34,417000,projections de l'INSEED 2011-2031,C
2011,35-39,354000,projections de l'INSEED 2011-2031,C
2011,40-44,286000,projections de l'INSEED 2011-2031,C
2011,45-49,228000,projections de l'INSEED 2011-2031,C
2011,50-54,166000,projections de l'INSEED 2011-2031,C
2011,55-59,123000,projections de l'INSEED 2011-2031,C
2011,60-64,96000,projections de l'INSEED 2011-2031,C
2011,65-69,69000,projections de l'INSEED 2011-2031,C
2011,70-74,55000,projections de l'INSEED 2011-2031,C
2011,75-79,35000,projections de l'INSEED 2011-2031,C
2011,80 et +,66000,projections de l'INSEED 2011-2031,C
2012,0-4,936000,projections de l'INSEED 2011-2031,C
2012,5-9,954000,projections de l'INSEED 2011-2031,C
2012,10-14,789000,projections de l'INSEED 2011-2031,C
2012,15-19,639000,projections de l'INSEED 2011-2031,C
2012,20-24,558000,projections de l'INSEED 2011-2031,C
2012,25-29,519000,projections de l'INSEED 2011-2031,C
2012,30-34,433000,projections de l'INSEED 2011-2031,C
2012,35-39,364000,projections de l'INSEED 2011-2031,C
2012,40-44,297000,projections de l'INSEED 2011-2031,C
2012,45-49,236000,projections de l'INSEED 2011-2031,C
2012,50-54,174000,projections de l'INSEED 2011-2031,C
2012,55-59,127000,projections de l'INSEED 2011-2031,C
2012,60-64,97000,projections de l'INSEED 2011-2031,C
2012,65-69,73000,projections de l'INSEED 2011-2031,C
2012,70-74,58000,projections de l'INSEED 2011-2031,C
2012,75-79,38000,projections de l'INSEED 2011-2031,C
2012,80 et +,63000,projections de l'INSEED 2011-2031,C
2013,0-4,952000,projections de l'INSEED 2011-2031,C
2013,5-9,946000,projections de l'INSEED 2011-2031,C
2013,10-14,833000,projections de l'INSEED 2011-2031,C
2013,15-19,658000,projections de l'INSEED 2011-2031,C
2013,20-24,568000,projections de l'INSEED 2011-2031,C
2013,25-29,525000,projections de l'INSEED 2011-2031,C
2013,30-34,451000,projections de l'INSEED 2011-2031,C
2013,35-39,374000,projections de l'INSEED 2011-2031,C
2013,40-44,309000,projections de l'INSEED 2011-2031,C
2013,45-49,244000,projections de l'INSEED 2011-2031,C
2013,50-54,183000,projections de l'INSEED 2011-2031,C
2013,55-59,131000,projections de l'INSEED 2011-2031,C
2013,60-64,99000,projections de l'INSEED 2011-2031,C
2013,65-69,78000,projections de l'INSEED 2011-2031,C
2013,70-74,59000,projections de l'INSEED 2011-2031,C
2013,75-79,41000,projections de l'INSEED 2011-2031,C
2013,80 et +,60000,projections de l'INSEED 2011-2031,C
2014,0-4,973000,projections de l'INSEED 2011-2031,C
2014,5-9,931000,projections de l'INSEED 2011-2031,C
2014,10-14,877000,projections de l'INSEED 2011-2031,C
2014,15-19,680000,projections de l'INSEED 2011-2031,C
2014,20-24,581000,projections de l'INSEED 2011-2031,C
2014,25-29,529000,projections de l'INSEED 2011-2031,C
2014,30-34,470000,projections de l'INSEED 2011-2031,C
2014,35-39,383000,projections de l'INSEED 2011-2031,C
2014,40-44,321000,projections de l'INSEED 2011-2031,C
2014,45-49,252000,projections de l'INSEED 2011-2031,C
2014,50-54,192000,projections de l'INSEED 2011-2031,C
2014,55-59,136000,projections de l'INSEED 2011-2031,C
2014,60-64,101000,projections de l'INSEED 2011-2031,C
2014,65-69,82000,projections de l'INSEED 2011-2031,C
2014,70-74,60000,projections de l'INSEED 2011-2031,C
2014,75-79,43000,projections de l'INSEED 2011-2031,C
2014,80 et +,57000,projections de l'INSEED 2011-2031,C
2015,0-4,998000,projections de l'INSEED 2011-2031,C
2015,5-9,913000,projections de l'INSEED 2011-2031,C
2015,10-14,915000,projections de l'INSEED 2011-2031,C
2015,15-19,707000,projections de l'INSEED 2011-2031,C
2015,20-24,595000,projections de l'INSEED 2011-2031,C
2015,25-29,534000,projections de l'INSEED 2011-2031,C
2015,30-34,487000,projections de l'INSEED 2011-2031,C
2015,35-39,394000,projections de l'INSEED 2011-2031,C
2015,40-44,333000,projections de l'INSEED 2011-2031,C
2015,45-49,260000,projections de l'INSEED 2011-2031,C
2015,50-54,202000,projections de l'INSEED 2011-2031,C
2015,55-59,143000,projections de l'INSEED 2011-2031,C
2015,60-64,103000,projections de l'INSEED 2011-2031,C
2015,65-69,87000,projections de l'INSEED 2011-2031,C
2015,70-74,61000,projections de l'INSEED 2011-2031,C
2015,75-79,45000,projections de l'INSEED 2011-2031,C
2015,80 et +,56000,projections de l'INSEED 2011-2031,C
2016,0-4,1029000,projections de l'INSEED 2011-2031,C
2016,5-9,895000,projections de l'INSEED 2011-2031,C
2016,10-14,944000,projections de l'INSEED 2011-2031,C
2016,15-19,740000,projections de l'INSEED 2011-2031,C
2016,20-24,612000,projections de l'INSEED 2011-2031,C
2016,25-29,540000,projections de l'INSEED 2011-2031,C
2016,30-34,500000,projections de l'INSEED 2011-2031,C
2016,35-39,408000,projections de l'INSEED 2011-2031,C
2016,40-44,344000,projections de l'INSEED 2011-2031,C
2016,45-49,270000,projections de l'INSEED 2011-2031,C
2016,50-54,211000,projections de l'INSEED 2011-2031,C
2016,55-59,150000,projections de l'INSEED 2011-2031,C
2016,60-64,107000,projections de l'INSEED 2011-2031,C
2016,65-69,92000,projections de l'INSEED 2011-2031,C
2016,70-74,63000,projections de l'INSEED 2011-2031,C
2016,75-79,47000,projections de l'INSEED 2011-2031,C
2016,80 et +,55000,projections de l'INSEED 2011-2031,C
2017,0-4,1049000,projections de l'INSEED 2011-2031,C
2017,5-9,907000,projections de l'INSEED 2011-2031,C
2017,10-14,944000,projections de l'INSEED 2011-2031,C
2017,15-19,780000,projections de l'INSEED 2011-2031,C
2017,20-24,629000,projections de l'INSEED 2011-2031,C
2017,25-29,548000,projections de l'INSEED 2011-2031,C
2017,30-34,509000,projections de l'INSEED 2011-2031,C
2017,35-39,424000,projections de l'INSEED 2011-2031,C
2017,40-44,355000,projections de l'INSEED 2011-2031,C
2017,45-49,280000,projections de l'INSEED 2011-2031,C
2017,50-54,220000,projections de l'INSEED 2011-2031,C
2017,55-59,158000,projections de l'INSEED 2011-2031,C
2017,60-64,111000,projections de l'INSEED 2011-2031,C
2017,65-69,96000,projections de l'INSEED 2011-2031,C
2017,70-74,66000,projections de l'INSEED 2011-2031,C
2017,75-79,48000,projections de l'INSEED 2011-2031,C
2017,80 et +,54000,projections de l'INSEED 2011-2031,C
2018,0-4,1068000,projections de l'INSEED 2011-2031,C
2018,5-9,924000,projections de l'INSEED 2011-2031,C
2018,10-14,935000,projections de l'INSEED 2011-2031,C
2018,15-19,824000,projections de l'INSEED 2011-2031,C
2018,20-24,648000,projections de l'INSEED 2011-2031,C
2018,25-29,558000,projections de l'INSEED 2011-2031,C
2018,30-34,515000,projections de l'INSEED 2011-2031,C
2018,35-39,442000,projections de l'INSEED 2011-2031,C
2018,40-44,364000,projections de l'INSEED 2011-2031,C
2018,45-49,291000,projections de l'INSEED 2011-2031,C
2018,50-54,229000,projections de l'INSEED 2011-2031,C
2018,55-59,167000,projections de l'INSEED 2011-2031,C
2018,60-64,116000,projections de l'INSEED 2011-2031,C
2018,65-69,99000,projections de l'INSEED 2011-2031,C
2018,70-74,70000,projections de l'INSEED 2011-2031,C
2018,75-79,49000,projections de l'INSEED 2011-2031,C
2018,80 et +,53000,projections de l'INSEED 2011-2031,C
2019,0-4,1083000,projections de l'INSEED 2011-2031,C
2019,5-9,945000,projections de l'INSEED 2011-2031,C
2019,10-14,921000,projections de l'INSEED 2011-2031,C
2019,15-19,868000,projections de l'INSEED 2011-2031,C
2019,20-24,670000,projections de l'INSEED 2011-2031,C
2019,25-29,571000,projections de l'INSEED 2011-2031,C
2019,30-34,520000,projections de l'INSEED 2011-2031,C
2019,35-39,460000,projections de l'INSEED 2011-2031,C
2019,40-44,374000,projections de l'INSEED 2011-2031,C
2019,45-49,302000,projections de l'INSEED 2011-2031,C
2019,50-54,237000,projections de l'INSEED 2011-2031,C
2019,55-59,177000,projections de l'INSEED 2011-2031,C
2019,60-64,121000,projections de l'INSEED 2011-2031,C
2019,65-69,102000,projections de l'INSEED 2011-2031,C
2019,70-74,73000,projections de l'INSEED 2011-2031,C
2019,75-79,49000,projections de l'INSEED 2011-2031,C
2019,80 et +,53000,projections de l'INSEED 2011-2031,C
2020,0-4,1096000,projections de l'INSEED 2011-2031,C
2020,5-9,971000,projections de l'INSEED 2011-2031,C
2020,10-14,903000,projections de l'INSEED 2011-2031,C
2020,15-19,906000,projections de l'INSEED 2011-2031,C
2020,20-24,697000,projections de l'INSEED 2011-2031,C
2020,25-29,585000,projections de l'INSEED 2011-2031,C
2020,30-34,524000,projections de l'INSEED 2011-2031,C
2020,35-39,477000,projections de l'INSEED 2011-2031,C
2020,40-44,385000,projections de l'INSEED 2011-2031,C
2020,45-49,313000,projections de l'INSEED 2011-2031,C
2020,50-54,246000,projections de l'INSEED 2011-2031,C
2020,55-59,187000,projections de l'INSEED 2011-2031,C
2020,60-64,127000,projections de l'INSEED 2011-2031,C
2020,65-69,107000,projections de l'INSEED 2011-2031,C
2020,70-74,77000,projections de l'INSEED 2011-2031,C
2020,75-79,51000,projections de l'INSEED 2011-2031,C
2020,80 et +,54000,projections de l'INSEED 2011-2031,C
2021,0-4,1107000,projections de l'INSEED 2011-2031,C
2021,5-9,1001000,projections de l'INSEED 2011-2031,C
2021,10-14,886000,projections de l'INSEED 2011-2031,C
2021,15-19,934000,projections de l'INSEED 2011-2031,C
2021,20-24,730000,projections de l'INSEED 2011-2031,C
2021,25-29,601000,projections de l'INSEED 2011-2031,C
2021,30-34,530000,projections de l'INSEED 2011-2031,C
2021,35-39,490000,projections de l'INSEED 2011-2031,C
2021,40-44,398000,projections de l'INSEED 2011-2031,C
2021,45-49,324000,projections de l'INSEED 2011-2031,C
2021,50-54,256000,projections de l'INSEED 2011-2031,C
2021,55-59,196000,projections de l'INSEED 2011-2031,C
2021,60-64,135000,projections de l'INSEED 2011-2031,C
2021,65-69,111000,projections de l'INSEED 2011-2031,C
2021,70-74,80000,projections de l'INSEED 2011-2031,C
2021,75-79,52000,projections de l'INSEED 2011-2031,C
2021,80 et +,53000,projections de l'INSEED 2011-2031,C
2022,0-4,1122757,"recensement 2022 (RGPH-5, Livret 02)",A
2022,5-9,1190346,"recensement 2022 (RGPH-5, Livret 02)",A
2022,10-14,1050829,"recensement 2022 (RGPH-5, Livret 02)",A
2022,15-19,827985,"recensement 2022 (RGPH-5, Livret 02)",A
2022,20-24,673821,"recensement 2022 (RGPH-5, Livret 02)",A
2022,25-29,561625,"recensement 2022 (RGPH-5, Livret 02)",A
2022,30-34,548528,"recensement 2022 (RGPH-5, Livret 02)",A
2022,35-39,481266,"recensement 2022 (RGPH-5, Livret 02)",A
2022,40-44,403774,"recensement 2022 (RGPH-5, Livret 02)",A
2022,45-49,302835,"recensement 2022 (RGPH-5, Livret 02)",A
2022,50-54,270263,"recensement 2022 (RGPH-5, Livret 02)",A
2022,55-59,186577,"recensement 2022 (RGPH-5, Livret 02)",A
2022,60-64,164634,"recensement 2022 (RGPH-5, Livret 02)",A
2022,65-69,94508,"recensement 2022 (RGPH-5, Livret 02)",A
2022,70-74,76589,"recensement 2022 (RGPH-5, Livret 02)",A
2022,75-79,40523,"recensement 2022 (RGPH-5, Livret 02)",A
2022,80 et +,74458,"recensement 2022 (RGPH-5, Livret 02)",A
2022,Non déclaré,24180,"recensement 2022 (RGPH-5, Livret 02)",A
2023,0-4,1128000,projections de l'INSEED 2011-2031,C
2023,5-9,1041000,projections de l'INSEED 2011-2031,C
2023,10-14,915000,projections de l'INSEED 2011-2031,C
2023,15-19,926000,projections de l'INSEED 2011-2031,C
2023,20-24,813000,projections de l'INSEED 2011-2031,C
2023,25-29,638000,projections de l'INSEED 2011-2031,C
2023,30-34,549000,projections de l'INSEED 2011-2031,C
2023,35-39,506000,projections de l'INSEED 2011-2031,C
2023,40-44,432000,projections de l'INSEED 2011-2031,C
2023,45-49,342000,projections de l'INSEED 2011-2031,C
2023,50-54,277000,projections de l'INSEED 2011-2031,C
2023,55-59,213000,projections de l'INSEED 2011-2031,C
2023,60-64,152000,projections de l'INSEED 2011-2031,C
2023,65-69,122000,projections de l'INSEED 2011-2031,C
2023,70-74,87000,projections de l'INSEED 2011-2031,C
2023,75-79,57000,projections de l'INSEED 2011-2031,C
2023,80 et +,54000,projections de l'INSEED 2011-2031,C
2024,0-4,1140000,projections de l'INSEED 2011-2031,C
2024,5-9,1057000,projections de l'INSEED 2011-2031,C
2024,10-14,936000,projections de l'INSEED 2011-2031,C
2024,15-19,912000,projections de l'INSEED 2011-2031,C
2024,20-24,857000,projections de l'INSEED 2011-2031,C
2024,25-29,660000,projections de l'INSEED 2011-2031,C
2024,30-34,561000,projections de l'INSEED 2011-2031,C
2024,35-39,510000,projections de l'INSEED 2011-2031,C
2024,40-44,450000,projections de l'INSEED 2011-2031,C
2024,45-49,352000,projections de l'INSEED 2011-2031,C
2024,50-54,288000,projections de l'INSEED 2011-2031,C
2024,55-59,222000,projections de l'INSEED 2011-2031,C
2024,60-64,161000,projections de l'INSEED 2011-2031,C
2024,65-69,128000,projections de l'INSEED 2011-2031,C
2024,70-74,90000,projections de l'INSEED 2011-2031,C
2024,75-79,59000,projections de l'INSEED 2011-2031,C
2024,80 et +,54000,projections de l'INSEED 2011-2031,C
