ID,Contrôle,Attendu,Mesure,Résultat,Bloquant
7-01,"Lignes avant et après, par fichier","Brutes = gardées + retirées, chaque retrait avec son motif ; lignes brutes recomptées","18 fichiers ; équilibre : oui ; 13 fichiers bruts recomptés, identiques : oui ; retirées : 1804, toutes avec un motif : oui",conforme,non
7-02,Lignes des tables produites,"Types × années, tronçons, établissements, préfectures attendus",D1_immatriculations : 245 (attendu 245) ; D2_permis : 108 (attendu 108) ; D3_accidents : 45 (attendu 45) ; D4_etat_troncons : 84 (attendu 84) ; D5_trace_prefecture : 156 (attendu 156) ; D6_auto_ecoles : 272 (attendu 272) ; table_maitresse_prefecture : 39 (attendu 39),conforme,non
7-03,D1 : totaux conservés,"Somme des types = total publié, chaque année (annuaire : sans les « 4 roues moto »)",35 années sur 35,conforme,non
7-04,D2 : totaux conservés,"Somme des catégories = total publié, chaque année ; 2013 vide","17 années sur 17 ; 2013 : 6 catégories vides sur 6, aucune à 0",conforme,non
7-05,D3 : séries publiées,"Statistiques clés 2010–2022, annuaire 2023–2024, sans écart",45 valeurs sur 45 identiques,conforme,non
7-06,D4 : km de l'état conservés,Km total des tronçons = total brut ; états = total de chaque tronçon (au centième),"3 163,49 km pour 3 163,49 km bruts ; écart max. par tronçon : 0,01 km",conforme,non
7-07,D4 × D5 : km répartis conservés,"Km par état répartis entre préfectures = km de l'état (± 0,05 km)","Bon : 997,02 / 997,02 ; Moyen : 735,54 / 735,54 ; Mauvais : 669,34 / 669,34 ; Travaux : 761,57 / 761,57",conforme,non
7-08,D5 : km du tracé conservés,Somme des km par préfecture = tracé dans les 40 polygones HDX ; le reste est hors du Togo,"3 361,4 km par préfecture ; 3 361,4 km recalculés dans les polygones ; hors du Togo : 5,1 km",conforme,non
7-09,D6 : auto-écoles conservées,"272 établissements, identifiants uniques ; comptées = agréées + antennes agréées du fichier brut","272 établissements, 272 identifiants ; comptées : 132 (brut : 132)",conforme,non
7-10,D7 : préfectures = zones = pays,Somme des 39 préfectures = chaque zone du Livret 02 = pays (recensement CSV),39 préfectures : 8 095 498 ; pays : 8 095 498 ; 6 zones égales : oui ; table maîtresse : 8 095 498,conforme,non
7-11,D7 : série nationale,2010 et 2022 = recensements ; 2011–2021 et 2023–2024 = projections ; 1990–2024 sans trou,35 années (1990–2024) ; recensements et projections identiques : oui,conforme,non
7-12,Taux de succès des jointures,100 % pour chaque jointure du §5 ; équipements (hors 02) : 99 % au moins,"D5 × D8 : tracé → préfectures : 799/799 (100,0 %) ; D4 × D5 : état → tracé : 84/84 (100,0 %) ; D6 × D8 : auto-écoles → préfectures : 272/272 (100,0 %) ; D7 × D8 : population → préfectures : 39/39 (100,0 %) ; D13 × D8 : points de départ de O4-08 → préfectures : 39/39 (100,0 %) ; Hors 02 : équipements → préfectures : 16768/16797 (99,8 %)",conforme,non
7-13,Aucun zéro là où la source n'a rien,Permis de 2013 vides ; un 0 de D2 est un 0 publié ; cellules « - » vides ; aucune voie à 0 ; aucun « Nsp » ni « Néant »,"permis de 2013 vides : 6/6 ; permis à 0 : 7, tous publiés (brut : 7) ; population vide : 143 (« - » dans le Livret : 143) ; tronçons à 0 voie : 0 ; « Nsp » ou « Néant » restants : 0",conforme,non
7-14,Chaque zéro gardé a sa preuve,Travaux à 0 = tronçons sans ligne « TRAVAUX » dont les états font le total ; Mô à 0 km = aucun tracé dans son polygone,"travaux à 0 : 67 tronçons (sans ligne « TRAVAUX » dans le brut : 67) ; tracé brut dans Mô : 0,0 km ; km de Mô dans la table maîtresse, tous à 0 : oui",conforme,non
7-15,"Valeurs non renseignées, par table","Comptées et laissées vides, jamais remplacées (colonnes d'annotation exclues)","D1_parc_estime : Borne basse 49, Valeur centrale 76, Borne haute 104 ; D2_permis : Permis délivrés 6 ; D4_etat_national_pct : Part (%) 1 ; D6_auto_ecoles : Adresse 171, Jours d'ouverture 16 ; D7_population_prefecture_2022 : Population 143 ; D9_repere_oms : Borne basse 4, Borne haute 4 ; table_maitresse_prefecture : population_2022_rurale 2",conforme,non
7-16,Types,"Années en entiers ; valeurs numériques ; géométries valides, en WGS 84","aucun problème ; couches : auto_ecoles 272/272 valides, equipements 16797/16797 valides, prefectures 39/39 valides, routes_classees 799/799 valides",conforme,non
7-17,Niveau de preuve,"Chaque table a une source et un niveau sur chaque ligne ; la table maîtresse, par son dictionnaire",tables sans source ou niveau : aucune ; dictionnaire complet : oui,conforme,non
7-18,Parc estimé,Chaque valeur = somme de sa fenêtre ; basse ≤ centrale ≤ haute ; vide sans fenêtre complète,"valeurs différentes du recalcul : 0 ; bornes ordonnées : oui ; années complètes, tous groupes : 2009–2024",conforme,non
7-19,Population en âge de conduire,≤ population totale de l'année ; âge minimal = table PA-05,108 valeurs (2007–2024) ; toutes ≤ population totale : oui,conforme,non
7-20,Correspondance entre véhicules et permis (O1-09),Chaque type immatriculé de D1 dans une seule catégorie ; catégories A à F,"7 types sur 7 placés, chacun une fois : oui ; catégories sans type immatriculé : F",conforme,non
7-21,Anomalie 10 : surface des polygones réparés,"Écart de surface < 0,1 % face à la surface enclose par le contour brut","24 polygones ; surface enclose : 65,594 m² ; après réparation : 65,593 m² (écart 0,0008 %) ; emprise changée de plus d'1 cm : 1 polygone(s), au plus de 2,4 m (pointe de surface nulle retirée)",conforme,non
7-22,Population totale de chaque préfecture renseignée,39 totaux renseignés ; les cellules vides ne touchent que les ventilations,"totaux renseignés : 39 sur 39 ; cellules vides : 143, toutes dans les ventilations par milieu, sexe ou âge, dont 126 en milieu rural à Golfe et Agoè-Nyivé (urbaines par la règle PA-03)",conforme,non
B-01,Entités par maille = découpage officiel,"39 préfectures, 6 zones, 5 régions","39 préfectures (39 distinctes), 6 zones, 5 régions",conforme,oui
B-02,Aucune somme au-dessus du total réel,"Préfectures ≤ pays : population, auto-écoles, km de l'état","population : 8 095 498 ≤ 8 095 498 ; auto-écoles : 272 ≤ 272 ; km de l'état : 3 163,5 ≤ 3 163,5",conforme,oui
B-03,Aucune couverture nationale à 0 % ni à 100 %,"Part du réseau national évaluée et part des préfectures avec une auto-école comptée, strictement entre 0 et 100 %","réseau national évalué : 96,8 % ; préfectures avec une auto-école comptée : 41,0 %, soit 16 sur 39 (23 sans auto-école comptée, dont 15 sans aucune auto-école recensée)",conforme,oui
