Préfecture,Région,Zone,Population 2022,Part urbaine (%),Classe PA-03,Km de routes classées,Km de route nationale revêtue,Km de route nationale non revêtue,Km de piste rurale,Km de voirie urbaine,Km pour 10 000 habitants,Surface (km²),Km pour 1 000 km²,Km de routes nationales,Km évalués,Km bon,Km moyen,Km mauvais,Km travaux,Km non évalués,Part en bon état (%),Part en état moyen (%),Part en mauvais état (%),Part en travaux (%),Part non évaluée (%),Auto-écoles recensées,Auto-écoles comptées,Auto-écoles comptées pour 100 000 habitants,Habitants par auto-école comptée,Distance à l’auto-école comptée la plus proche (km),Préfecture de l’auto-école la plus proche,Origine du point de départ,Tronçons du relevé
Agou,Plateaux,Plateaux,85793,5.3,rurale,130.2,75.1,40.1,14.9,0.0,15.17,1095.98,118.8,115.2,124.1,44.6,16.5,49.6,13.4,2.2,35.9,13.3,40.0,10.8,1.9,1,0,0.0,,11.0,Kloto,chef-lieu HDX,8
Agoè-Nyivé,Maritime,Grand Lomé,882695,100.0,urbaine,65.3,35.7,0.0,0.0,29.6,0.74,167.1,390.5,35.7,27.8,6.4,11.3,7.2,2.9,7.1,23.1,40.5,26.0,10.4,20.0,69,29,3.29,30438,1.8,Agoè-Nyivé,point d'étiquette HDX,3
Akébou,Plateaux,Plateaux,73830,10.7,rurale,7.0,0.6,3.9,0.0,2.5,0.94,1146.67,6.1,4.5,7.0,3.1,3.3,0.5,0.0,0.0,44.3,47.8,7.8,0.0,0.0,0,0,0.0,,31.3,Wawa,point d'étiquette HDX,2
Amou,Plateaux,Plateaux,114172,7.0,rurale,93.8,60.5,28.5,0.0,4.8,8.21,1808.5,51.8,89.0,90.5,44.3,27.4,4.0,14.7,0.0,49.0,30.3,4.5,16.3,0.0,1,0,0.0,,28.4,Ogou,chef-lieu HDX,3
Anié,Plateaux,Plateaux,180158,33.9,rurale,39.8,25.4,14.4,0.0,0.0,2.21,1985.91,20.0,39.8,40.3,8.9,21.4,9.3,0.7,0.0,22.1,53.3,23.0,1.7,0.0,1,1,0.56,180158,24.7,Anié,point d'étiquette HDX,4
Assoli,Kara,Kara,66394,35.6,rurale,79.8,46.7,32.7,0.0,0.3,12.01,933.27,85.5,79.4,72.5,34.6,15.7,15.8,6.4,0.0,47.7,21.7,21.8,8.9,0.0,1,1,1.51,66394,2.6,Assoli,chef-lieu HDX,4
Avé,Maritime,Maritime hors Grand Lomé,111214,4.7,rurale,120.8,56.0,49.3,0.0,15.5,10.86,1049.85,115.1,105.3,110.8,10.4,19.3,3.0,78.0,0.0,9.4,17.5,2.7,70.4,0.0,0,0,0.0,,28.5,Agoè-Nyivé,chef-lieu HDX,4
Bas-Mono,Maritime,Maritime hors Grand Lomé,94860,13.8,rurale,34.9,7.5,24.6,0.0,2.8,3.68,329.4,105.8,32.1,35.8,0.5,8.8,7.6,18.9,0.0,1.4,24.7,21.1,52.8,0.0,1,0,0.0,,31.2,Vo,chef-lieu HDX,3
Bassar,Kara,Kara,152065,21.8,rurale,193.9,122.3,59.8,0.0,11.8,12.75,3456.9,56.1,182.1,167.5,74.0,30.3,46.9,16.3,31.4,44.2,18.1,28.0,9.7,17.2,2,0,0.0,,47.5,Tchaoudjo,chef-lieu HDX,5
Binah,Kara,Kara,84199,8.8,rurale,45.2,21.4,23.8,0.0,0.0,5.37,580.79,77.9,45.2,45.2,15.7,27.9,1.5,0.0,0.0,34.8,61.9,3.3,0.0,0.0,0,0,0.0,,24.3,Kozah,chef-lieu HDX,4
Blitta,Centrale,Centrale,163272,6.7,rurale,128.6,118.3,0.2,0.0,10.2,7.88,3129.57,41.1,118.5,101.1,9.8,22.3,69.0,0.0,23.5,9.7,22.0,68.2,0.0,19.8,2,0,0.0,,25.9,Sotouboua,chef-lieu HDX,4
Cinkassé,Savanes,Savanes,128959,44.1,rurale,39.3,27.7,11.6,0.0,0.0,3.05,276.1,142.3,39.3,36.0,13.5,4.4,4.4,13.8,4.4,37.4,12.1,12.1,38.3,11.3,2,1,0.78,128959,11.6,Cinkassé,point d'étiquette HDX,3
Dankpen,Kara,Kara,185662,10.8,rurale,45.1,45.1,0.0,0.0,0.0,2.43,2543.48,17.7,45.1,58.8,28.7,16.7,0.0,13.4,1.7,48.8,28.4,0.0,22.9,3.7,0,0,0.0,,65.3,Kozah,chef-lieu HDX,2
Danyi,Plateaux,Plateaux,40240,16.6,rurale,48.9,22.3,7.8,0.0,18.8,12.16,396.44,123.4,30.1,49.8,0.0,0.0,49.8,0.0,0.0,0.0,0.0,100.0,0.0,0.0,0,0,0.0,,12.9,Kpélé,point d'étiquette HDX,3
Doufelgou,Kara,Kara,84767,32.0,rurale,99.8,66.1,25.4,8.0,0.4,11.78,1157.9,86.2,91.4,101.2,26.5,32.8,3.4,38.5,0.0,26.1,32.4,3.4,38.0,0.0,0,0,0.0,,25.2,Kozah,chef-lieu HDX,6
Est-Mono,Plateaux,Plateaux,164460,6.8,rurale,110.4,10.8,88.4,0.0,11.2,6.71,2652.52,41.6,99.2,110.7,15.6,76.1,19.0,0.0,0.0,14.1,68.7,17.2,0.0,0.0,0,0,0.0,,27.4,Anié,chef-lieu HDX,4
Golfe,Maritime,Grand Lomé,1305681,100.0,urbaine,96.8,78.6,0.0,0.0,18.2,0.74,240.77,401.9,78.6,70.0,30.7,6.9,0.3,32.0,9.6,43.9,9.9,0.5,45.7,12.2,143,74,5.67,17644,0.2,Golfe,chef-lieu HDX,5
Haho,Plateaux,Plateaux,305096,16.1,rurale,131.5,96.9,29.5,0.0,5.1,4.31,3051.19,43.1,126.4,124.9,89.4,21.2,14.3,0.0,0.0,71.5,17.0,11.5,0.0,0.0,0,0,0.0,,51.7,Kpélé,chef-lieu HDX,5
Kloto,Plateaux,Plateaux,145986,59.9,urbaine,78.7,66.7,0.0,1.7,10.3,5.39,528.23,148.9,66.7,75.6,16.3,2.5,49.1,7.7,3.6,21.6,3.3,65.0,10.1,5.4,3,3,2.05,48662,0.2,Kloto,chef-lieu HDX,6
Kozah,Kara,Kara,283738,55.7,urbaine,181.3,143.7,14.7,0.0,22.9,6.39,1085.98,167.0,158.4,161.4,36.3,55.5,37.6,32.0,0.0,22.5,34.4,23.3,19.9,0.0,11,6,2.11,47290,1.6,Kozah,chef-lieu HDX,9
Kpendjal,Savanes,Savanes,88365,8.8,rurale,57.8,49.3,8.5,0.0,0.0,6.54,1394.23,41.5,57.8,57.9,29.3,2.1,3.0,23.5,0.0,50.6,3.7,5.2,40.5,0.0,0,0,0.0,,66.3,Tône,chef-lieu HDX,2
Kpendjal-Ouest,Savanes,Savanes,123330,5.2,rurale,45.6,40.1,5.5,0.0,0.0,3.7,786.49,58.0,45.6,46.1,17.4,16.0,2.7,9.9,0.0,37.9,34.7,6.0,21.5,0.0,0,0,0.0,,26.3,Tône,point d'étiquette HDX,3
Kpélé,Plateaux,Plateaux,80939,18.7,rurale,50.0,40.4,0.0,9.2,0.4,6.18,930.92,53.7,40.4,41.5,22.8,2.1,5.9,10.7,0.0,54.9,5.1,14.3,25.8,0.0,2,1,1.24,80939,8.2,Kpélé,point d'étiquette HDX,2
Kéran,Kara,Kara,128687,11.9,rurale,84.0,55.6,28.4,0.0,0.0,6.53,2018.97,41.6,84.0,87.9,7.7,27.5,0.2,52.6,0.0,8.7,31.3,0.2,59.8,0.0,0,0,0.0,,47.2,Kozah,chef-lieu HDX,5
Lacs,Maritime,Maritime hors Grand Lomé,241247,11.7,rurale,88.8,69.3,12.3,0.0,7.1,3.68,416.3,213.3,81.6,82.5,34.3,14.8,7.7,25.7,0.8,41.5,17.9,9.4,31.2,1.0,5,2,0.83,120624,13.5,Vo,chef-lieu HDX,7
Moyen-Mono,Plateaux,Plateaux,90505,9.4,rurale,57.9,12.5,45.4,0.0,0.0,6.4,626.15,92.5,57.9,57.9,12.3,0.2,0.0,45.4,0.0,21.3,0.3,0.0,78.5,0.0,0,0,0.0,,72.4,Ogou,chef-lieu HDX,2
Mô,Centrale,Centrale,52448,15.5,rurale,0.0,0.0,0.0,0.0,0.0,0.0,1255.65,0.0,0.0,0.0,0.0,0.0,0.0,0.0,0.0,,,,,,0,0,0.0,,52.2,Sotouboua,point d'étiquette HDX,0
Ogou,Plateaux,Plateaux,253467,38.7,rurale,132.5,61.5,51.9,0.0,19.1,5.23,1944.1,68.2,113.4,113.5,20.9,19.7,30.9,42.0,11.0,18.4,17.4,27.2,37.0,9.7,2,2,0.79,126734,3.2,Ogou,chef-lieu HDX,6
Oti,Savanes,Savanes,124848,27.9,rurale,137.1,50.5,86.6,0.0,0.0,10.98,1543.68,88.8,137.1,140.6,41.9,33.5,29.7,35.5,0.0,29.8,23.9,21.1,25.2,0.0,3,0,0.0,,62.0,Tône,chef-lieu HDX,6
Oti-Sud,Savanes,Savanes,150376,10.9,rurale,128.5,55.9,72.6,0.0,0.0,8.54,2395.01,53.6,128.5,131.7,27.7,23.9,19.0,61.1,0.4,21.0,18.2,14.4,46.4,0.3,0,0,0.0,,84.0,Tône,point d'étiquette HDX,4
Sotouboua,Centrale,Centrale,138864,23.4,rurale,82.8,81.2,1.1,0.0,0.4,5.96,3147.69,26.3,82.4,90.1,13.5,18.9,20.1,37.6,1.1,15.0,20.9,22.3,41.8,1.4,4,2,1.44,69432,0.7,Sotouboua,chef-lieu HDX,2
Tandjoaré,Savanes,Savanes,138867,2.2,rurale,24.7,24.7,0.0,0.0,0.0,1.78,952.94,25.9,24.7,24.8,6.9,3.1,0.3,14.6,0.0,27.7,12.3,1.1,58.9,0.0,0,0,0.0,,22.3,Tône,chef-lieu HDX,1
Tchamba,Centrale,Centrale,200585,18.0,rurale,123.1,109.6,9.8,0.0,3.7,6.14,3197.09,38.5,119.4,120.3,0.1,18.9,41.0,60.4,0.0,0.1,15.7,34.0,50.2,0.0,2,0,0.0,,31.1,Tchaoudjo,chef-lieu HDX,2
Tchaoudjo,Centrale,Centrale,240360,48.0,rurale,121.4,115.0,0.0,0.0,6.4,5.05,2396.14,50.7,115.0,125.7,18.0,33.5,46.3,27.9,0.0,14.3,26.6,36.9,22.2,0.0,4,2,0.83,120180,0.5,Tchaoudjo,chef-lieu HDX,4
Tône,Savanes,Savanes,388775,30.3,rurale,95.0,65.2,14.6,0.0,15.2,2.44,1221.72,77.8,79.8,84.0,30.3,20.2,7.7,25.8,0.0,36.0,24.1,9.2,30.7,0.0,5,3,0.77,129592,0.7,Tône,chef-lieu HDX,5
Vo,Maritime,Maritime hors Grand Lomé,224411,11.1,rurale,63.2,51.7,11.4,0.0,0.0,2.81,755.35,83.6,63.1,63.1,49.8,10.4,2.9,0.0,0.0,78.9,16.5,4.6,0.0,0.0,3,2,0.89,112206,0.4,Vo,chef-lieu HDX,4
Wawa,Plateaux,Plateaux,101300,11.4,rurale,133.4,109.6,17.5,0.0,6.3,13.17,1244.81,107.2,127.1,129.9,78.1,13.5,38.3,0.0,2.1,60.1,10.4,29.5,0.0,1.7,2,2,1.97,50650,0.8,Wawa,chef-lieu HDX,6
Yoto,Maritime,Maritime hors Grand Lomé,174851,21.1,rurale,58.5,32.6,25.5,0.0,0.3,3.34,1261.01,46.4,58.1,58.5,30.8,23.0,4.7,0.0,0.0,52.6,39.4,8.1,0.0,0.0,1,0,0.0,,27.0,Vo,chef-lieu HDX,3
Zio,Maritime,Maritime hors Grand Lomé,500032,15.4,rurale,106.2,82.3,14.3,0.0,9.6,2.12,2164.04,49.1,96.6,96.6,46.0,33.9,16.6,0.0,0.0,47.7,35.1,17.2,0.0,0.0,2,1,0.2,500032,0.6,Zio,chef-lieu HDX,6
