ID,Résumé,Objectif,Table et colonne,Territoire ou période,Ampleur,Règle,Niveau,Question transmise,Indicateurs et hypothèses
SIG-01,"Variation annuelle : immatriculations (Moto) : variation atypique en 1995, 2004. Chronologie la même année : aucune",O1,rapports_06.csv : Variation annuelle : immatriculations (Moto),"1995, 2004","1995 (+635,7 %) ; 2004 (+180,1 %)",Variation atypique (§4),B,"Le 07 annote ces années ; une date de la chronologie est une coïncidence, pas une cause (H1).",O1-03
SIG-02,"Variation annuelle : immatriculations (Voiture) : variation atypique en 1993, 1995, 2003, 2009. Chronologie la même année : aucune",O1,rapports_06.csv : Variation annuelle : immatriculations (Voiture),"1993, 1995, 2003, 2009","1993 (-40,1 %) ; 1995 (+108,5 %) ; 2003 (+47,3 %) ; 2009 (-47,7 %)",Variation atypique (§4),B,"Le 07 annote ces années ; une date de la chronologie est une coïncidence, pas une cause (H1).",O1-03
SIG-03,"Variation annuelle : immatriculations (Poids lourd) : variation atypique en 1996, 2003, 2010. Chronologie la même année : aucune",O1,rapports_06.csv : Variation annuelle : immatriculations (Poids lourd),"1996, 2003, 2010","1996 (+73,9 %) ; 2003 (+90,3 %) ; 2010 (+98,8 %)",Variation atypique (§4),B,"Le 07 annote ces années ; une date de la chronologie est une coïncidence, pas une cause (H1).",O1-03
SIG-04,"Variation annuelle : immatriculations (Bus et car) : variation atypique en 1993, 1994, 2009, 2010. Chronologie la même année : aucune",O1,rapports_06.csv : Variation annuelle : immatriculations (Bus et car),"1993, 1994, 2009, 2010","1993 (-90,6 %) ; 1994 (+866,7 %) ; 2009 (+100,0 %) ; 2010 (+166,7 %)",Variation atypique (§4),B,"Le 07 annote ces années ; une date de la chronologie est une coïncidence, pas une cause (H1).",O1-03
SIG-05,"Variation annuelle : permis délivrés (A) : variation atypique en 2022, 2024. Chronologie la même année : 2022 : Décret de création de l’Office national de la sécurité routière ; Décret n° 2022-085/PR fixant les modalités d’application du code de la route",O1,rapports_06.csv : Variation annuelle : permis délivrés (A),"2022, 2024","2022 (+2 192,4 %) ; 2024 (+560,9 %)",Variation atypique (§4),B,"Le 07 annote ces années ; une date de la chronologie est une coïncidence, pas une cause (H1).",O1-06
SIG-06,Variation annuelle : permis délivrés (B) : variation atypique en 2016. Chronologie la même année : 2016 : Adoption de la Charte africaine de la sécurité routière par l’Union africaine,O1,rapports_06.csv : Variation annuelle : permis délivrés (B),2016,"2016 (+226,2 %)",Variation atypique (§4),B,"Le 07 annote ces années ; une date de la chronologie est une coïncidence, pas une cause (H1).",O1-06
SIG-07,Variation annuelle : permis délivrés (C) : variation atypique en 2016. Chronologie la même année : 2016 : Adoption de la Charte africaine de la sécurité routière par l’Union africaine,O1,rapports_06.csv : Variation annuelle : permis délivrés (C),2016,"2016 (+433,1 %)",Variation atypique (§4),B,"Le 07 annote ces années ; une date de la chronologie est une coïncidence, pas une cause (H1).",O1-06
SIG-08,Variation annuelle : permis délivrés (D) : variation atypique en 2016. Chronologie la même année : 2016 : Adoption de la Charte africaine de la sécurité routière par l’Union africaine,O1,rapports_06.csv : Variation annuelle : permis délivrés (D),2016,"2016 (+224,4 %)",Variation atypique (§4),B,"Le 07 annote ces années ; une date de la chronologie est une coïncidence, pas une cause (H1).",O1-06
SIG-09,"Variation annuelle : permis délivrés (E) : variation atypique en 2009, 2015, 2016. Chronologie la même année : 2016 : Adoption de la Charte africaine de la sécurité routière par l’Union africaine",O1,rapports_06.csv : Variation annuelle : permis délivrés (E),"2009, 2015, 2016","2009 (+111,1 %) ; 2015 (+400,0 %) ; 2016 (+612,2 %)",Variation atypique (§4),B,"Le 07 annote ces années ; une date de la chronologie est une coïncidence, pas une cause (H1).",O1-06
SIG-10,"Variation annuelle : permis délivrés (F) : variation atypique en 2016, 2024. Chronologie la même année : 2016 : Adoption de la Charte africaine de la sécurité routière par l’Union africaine",O1,rapports_06.csv : Variation annuelle : permis délivrés (F),"2016, 2024","2016 (+300,0 %) ; 2024 (+1 677,1 %)",Variation atypique (§4),B,"Le 07 annote ces années ; une date de la chronologie est une coïncidence, pas une cause (H1).",O1-06
SIG-11,"Variation annuelle : population (Togo) : variation atypique en 1993, 1994, 1995, 1996, 2011. Chronologie la même année : aucune",O1,rapports_06.csv : Variation annuelle : population (Togo),"1993, 1994, 1995, 1996, 2011","1993 (-0,6 %) ; 1994 (+0,4 %) ; 1995 (+4,4 %) ; 1996 (+3,8 %) ; 2011 (+0,2 %)",Variation atypique (§4),C,"Le 07 annote ces années ; une date de la chronologie est une coïncidence, pas une cause (H1).",dénominateur des taux par habitant (R-06)
SIG-12,"Variation annuelle : accidents, tués, blessés (Accidents constatés) : variation atypique en 2011, 2013, 2015, 2016. Chronologie la même année : 2013 : Loi n° 2013-011 portant code de la route | 2016 : Adoption de la Charte africaine de la sécurité routière par l’Union africaine",O2,"rapports_06.csv : Variation annuelle : accidents, tués, blessés (Accidents constatés)","2011, 2013, 2015, 2016","2011 (+154,4 %) ; 2013 (-33,8 %) ; 2015 (-47,1 %) ; 2016 (+89,2 %)",Variation atypique (§4),B,"Le 07 annote ces années ; une date de la chronologie est une coïncidence, pas une cause (H1).",O2-01
SIG-13,"Variation annuelle : accidents, tués, blessés (Tués) : variation atypique en 2011, 2015. Chronologie la même année : aucune",O2,"rapports_06.csv : Variation annuelle : accidents, tués, blessés (Tués)","2011, 2015","2011 (+57,2 %) ; 2015 (-41,0 %)",Variation atypique (§4),B,"Le 07 annote ces années ; une date de la chronologie est une coïncidence, pas une cause (H1).",O2-01
SIG-14,"Variation annuelle : accidents, tués, blessés (Blessés) : variation atypique en 2016. Chronologie la même année : 2016 : Adoption de la Charte africaine de la sécurité routière par l’Union africaine",O2,"rapports_06.csv : Variation annuelle : accidents, tués, blessés (Blessés)",2016,"2016 (+76,9 %)",Variation atypique (§4),B,"Le 07 annote ces années ; une date de la chronologie est une coïncidence, pas une cause (H1).",O2-01
SIG-15,"Population 2022 : 3 préfecture(s) hors des bornes de Tukey (-87 040,8 ; 392 221,2) : Golfe (1 305 681) ; Agoè-Nyivé (882 695) ; Zio (500 032)",O5,prefectures_06.csv : Population 2022,2022,Golfe (1 305 681) ; Agoè-Nyivé (882 695) ; Zio (500 032),Valeur atypique (§4),A,"Le classement tient-il sans ces valeurs ? Le 08 le vérifie (sensibilité au point extrême, 05_Priorisation).",O5-03 ; dénominateur de O4-03 et O4-05
SIG-16,"Km de route nationale non revêtue : 3 préfecture(s) hors des bornes de Tukey (-37,25 ; 68,75) : Est-Mono (88,4) ; Oti (86,6) ; Oti-Sud (72,6)",O4,prefectures_06.csv : Km de route nationale non revêtue,2022,"Est-Mono (88,4) ; Oti (86,6) ; Oti-Sud (72,6)",Valeur atypique (§4),B,"Le classement tient-il sans ces valeurs ? Le 08 le vérifie (sensibilité au point extrême, 05_Priorisation).",O4-01
SIG-17,"Km de piste rurale : 4 préfecture(s) hors des bornes de Tukey (0,00 ; 0,00) : Agou (14,9) ; Kpélé (9,2) ; Doufelgou (8,0) ; Kloto (1,7)",O4,prefectures_06.csv : Km de piste rurale,2022,"Agou (14,9) ; Kpélé (9,2) ; Doufelgou (8,0) ; Kloto (1,7)",Valeur atypique (§4),B,"Le classement tient-il sans ces valeurs ? Le 08 le vérifie (sensibilité au point extrême, 05_Priorisation).",O4-01
SIG-18,"Km de voirie urbaine : 1 préfecture(s) hors des bornes de Tukey (-15,38 ; 25,62) : Agoè-Nyivé (29,6)",O4,prefectures_06.csv : Km de voirie urbaine,2022,"Agoè-Nyivé (29,6)",Valeur atypique (§4),B,"Le classement tient-il sans ces valeurs ? Le 08 le vérifie (sensibilité au point extrême, 05_Priorisation).",O4-01
SIG-19,"Km pour 1 000 km² : 3 préfecture(s) hors des bornes de Tukey (-55,75 ; 203,85) : Golfe (401,9) ; Agoè-Nyivé (390,5) ; Lacs (213,3)",O4,prefectures_06.csv : Km pour 1 000 km²,2022,"Golfe (401,9) ; Agoè-Nyivé (390,5) ; Lacs (213,3)",Valeur atypique (§4),B,"Le classement tient-il sans ces valeurs ? Le 08 le vérifie (sensibilité au point extrême, 05_Priorisation).",O4-02
SIG-20,"Part en mauvais état (%) : 3 préfecture(s) hors des bornes de Tukey (-26,11 ; 56,19) : Danyi (100,0) ; Blitta (68,2) ; Kloto (65,0)",O3,prefectures_06.csv : Part en mauvais état (%),2022,"Danyi (100,0) ; Blitta (68,2) ; Kloto (65,0)",Valeur atypique (§4),C,"Le classement tient-il sans ces valeurs ? Le 08 le vérifie (sensibilité au point extrême, 05_Priorisation).",O3-02
SIG-21,"Part non évaluée (%) : 7 préfecture(s) hors des bornes de Tukey (-2,44 ; 4,06) : Agoè-Nyivé (20,0) ; Blitta (19,8) ; Bassar (17,2) ; Golfe (12,2) ; Cinkassé (11,3) ; Ogou (9,7) ; Kloto (5,4)",O3,prefectures_06.csv : Part non évaluée (%),2022,"Agoè-Nyivé (20,0) ; Blitta (19,8) ; Bassar (17,2) ; Golfe (12,2) ; Cinkassé (11,3) ; Ogou (9,7) ; Kloto (5,4)",Valeur atypique (§4),B,"Le classement tient-il sans ces valeurs ? Le 08 le vérifie (sensibilité au point extrême, 05_Priorisation).",O3-06
SIG-22,"Auto-écoles recensées : 3 préfecture(s) hors des bornes de Tukey (-3,8 ; 6,2) : Golfe (143) ; Agoè-Nyivé (69) ; Kozah (11)",O4,prefectures_06.csv : Auto-écoles recensées,2022,Golfe (143) ; Agoè-Nyivé (69) ; Kozah (11),Valeur atypique (§4),A,"Le classement tient-il sans ces valeurs ? Le 08 le vérifie (sensibilité au point extrême, 05_Priorisation).",O4-04
SIG-23,"Auto-écoles comptées : 3 préfecture(s) hors des bornes de Tukey (-3,0 ; 5,0) : Golfe (74) ; Agoè-Nyivé (29) ; Kozah (6)",O4,prefectures_06.csv : Auto-écoles comptées,2022,Golfe (74) ; Agoè-Nyivé (29) ; Kozah (6),Valeur atypique (§4),A,"Le classement tient-il sans ces valeurs ? Le 08 le vérifie (sensibilité au point extrême, 05_Priorisation).",O4-04
SIG-24,"Auto-écoles comptées pour 100 000 habitants : 3 préfecture(s) hors des bornes de Tukey (-1,245 ; 2,075) : Golfe (5,67) ; Agoè-Nyivé (3,29) ; Kozah (2,11)",O4,prefectures_06.csv : Auto-écoles comptées pour 100 000 habitants,2022,"Golfe (5,67) ; Agoè-Nyivé (3,29) ; Kozah (2,11)",Valeur atypique (§4),C,"Le classement tient-il sans ces valeurs ? Le 08 le vérifie (sensibilité au point extrême, 05_Priorisation).",O4-05
SIG-25,"Distance à l’auto-école comptée la plus proche (km) : 1 préfecture(s) hors des bornes de Tukey (-41,38 ; 74,83) : Oti-Sud (84,0)",O4,prefectures_06.csv : Distance à l’auto-école comptée la plus proche (km),2022,"Oti-Sud (84,0)",Valeur atypique (§4),C,"Le classement tient-il sans ces valeurs ? Le 08 le vérifie (sensibilité au point extrême, 05_Priorisation).",O4-08
SIG-26,"Auto-écoles comptées pour 100 000 habitants : 23 préfectures sur 39 sont ex aequo au minimum (0,00), plus d’un tiers",O4,prefectures_06.csv : Auto-écoles comptées pour 100 000 habitants,2022,23 ex aequo sur 39,"Ex aequo et terciles (§3, O4)",C,Le tercile inférieur de SE-07 ne peut pas séparer ces ex aequo : comment le 08 coupe-t-il ? À trancher avant de voir le classement (R-20).,O4-05 ; SE-07
SIG-27,"État national de 2020 : 11 part(s) sur 11 diffèrent entre le relevé et l’annuaire 39.2 ; écart maximal -25,14 points (Routes nationales non revêtues : moyen)",O3,comparaisons_06.csv : État national de 2020,2020,"25,14 points au plus",Comparaison de sources (§5),C,Les deux publications de 2020 diffèrent : le 07 dit laquelle porte O3-07 et laquelle porte O3-01 à O3-06.,O3-01 à O3-07
SIG-28,"Ménages possédant une moto : l’ordre des 6 zones change entre la DHS 2017 et l’EHCVM 2021-2022 ; écarts de -9,0 à +3,8 points",O1,comparaisons_06.csv : Ménages possédant une moto,2017 ; 2021-2022,"écarts de -9,0 à +3,8 points",Comparaison de sources (§5),C,"La possession de motos se lit en C, enquête par enquête ; deux enquêtes et deux dates ne font pas une tendance.",D12 ; contexte de O1
SIG-29,"Croisement : 5 préfecture(s) à réseau dégradé (part en mauvais état dans le quart haut) et à formation basse (auto-écoles comptées pour 100 000 habitants dans le quart bas) : Agou, Bassar, Blitta, Danyi, Tchamba (641 955 habitants)",O5,"prefectures_06.csv : Part en mauvais état (%), Auto-écoles comptées pour 100 000 habitants",2022,5 préfecture(s),"Croisement (§3, O5)",C,Le 08 retrouve-t-il ces préfectures avec les seuils du 02 (terciles) ? Les quartiles du 06 ne sont pas ces seuils.,"O3-02, O4-05, O5-03 ; H9"
SIG-30,"Croisement : 4 préfecture(s) à desserte basse (km pour 10 000 habitants dans le quart bas) et à formation basse (auto-écoles comptées pour 100 000 habitants dans le quart bas) : Akébou, Dankpen, Mô, Tandjoaré (450 807 habitants)",O5,"prefectures_06.csv : Km pour 10 000 habitants, Auto-écoles comptées pour 100 000 habitants",2022,4 préfecture(s),"Croisement (§3, O5)",C,Le 08 retrouve-t-il ces préfectures avec les seuils du 02 (terciles) ? Les quartiles du 06 ne sont pas ces seuils.,"O4-03, O4-05, O5-03"
SIG-31,Contradiction 1 (formation) : 1 préfecture(s) à population haute et auto-écoles comptées pour 100 000 habitants bas : Haho (305 096 habitants),O5,"prefectures_06.csv : Population 2022, Auto-écoles comptées pour 100 000 habitants",2022,1 préfecture(s),Contradiction 1 (§7),C,"Ces préfectures, peuplées et peu dotées : leur population est la population concernée (O5-03), à afficher à côté du taux.","O4-05, O5-03 ; H9"
SIG-32,"Contradiction 1 (réseau) : 5 préfecture(s) à population haute et km pour 10 000 habitants bas : Agoè-Nyivé, Golfe, Tône, Vo, Zio (3 301 594 habitants)",O5,"prefectures_06.csv : Population 2022, Km pour 10 000 habitants",2022,5 préfecture(s),Contradiction 1 (§7),B,"Ces préfectures, peuplées et peu dotées : leur population est la population concernée (O5-03), à afficher à côté du taux.","O4-03, O5-03 ; H9"
SIG-33,"Contradiction 2a : 9 préfecture(s) au réseau hors du quart bas et à part en mauvais état haute : Agou, Bassar, Blitta, Danyi, Kloto, Ogou, Tchamba, Tchaoudjo, Wawa (1 383 068 habitants)",O3,"prefectures_06.csv : Km pour 10 000 habitants, Part en mauvais état (%)",relevé de 2020 ; tracé 2021-2022,9 préfecture(s),Contradiction 2a (§7),C,Ici le réseau existe mais il est dégradé : le 07 lit-il ces préfectures sur l’état (O3-02) plutôt que sur la quantité (O4-03) ?,"O3-02, O4-03 ; S5"
SIG-34,Contradiction 2b : 0 préfecture(s) avec au moins une auto-école comptée mais un point de départ loin de la plus proche : aucune,O4,"prefectures_06.csv : Auto-écoles comptées, Distance à l’auto-école comptée la plus proche (km)",collecte 2021-2022,0 préfecture(s),Contradiction 2b (§7),C,"La distance montre-t-elle un manque que le nombre ne montre pas ? Le 07 affiche les deux (O4-05, O4-08).","O4-05, O4-08"
SIG-35,"Contradiction 2c : 2 zone(s) où plus de ménages possèdent une moto que la médiane des 6 zones, avec moins d’auto-écoles comptées pour 100 000 habitants : Centrale, Savanes",O4,"rapports_06.csv : Part des ménages (Possède une moto), Auto-écoles comptées pour 100 000 habitants",EHCVM 2021-2022 ; 2022,2 zone(s) sur 6,Contradiction 2c (§7),C,"L’usage déclaré (EHCVM, C) va-t-il contre l’offre de formation ? Lecture par zone seulement.",O4-05 ; D12
SIG-36,"Contradiction 3 (km pour 10 000 habitants) : 13 paire(s) de voisines, l’une dans le quart haut, l’autre dans le quart bas, sur 78 paires : Agou – Zio, Agoè-Nyivé – Avé, Akébou – Amou, Akébou – Wawa, Amou – Anié, Avé – Golfe, Avé – Zio, Bassar – Dankpen, Bassar – Mô, Dankpen – Doufelgou, Dankpen – Oti-Sud, Oti – Tandjoaré, Oti – Tône",O5,voisines_06.csv : Km pour 10 000 habitants,2022,13 paire(s) sur 78,Contradiction 3 (§7),B,"Ces écarts entre voisines tiennent-ils à la donnée (limite, rattachement) ou au territoire ? À vérifier avant de les afficher.",O4-03
SIG-37,"Contradiction 3 (auto-écoles comptées pour 100 000 habitants) : 25 paire(s) de voisines, l’une dans le quart haut, l’autre dans le quart bas, sur 78 paires : Agou – Kloto, Agou – Kpélé, Agoè-Nyivé – Avé, Akébou – Wawa, Amou – Kpélé, Amou – Wawa, Assoli – Bassar, Avé – Golfe, Bas-Mono – Lacs, Bas-Mono – Vo, Bassar – Kozah, Bassar – Sotouboua, Bassar – Tchaoudjo, Binah – Kozah, Blitta – Sotouboua, Danyi – Kloto, Danyi – Kpélé, Danyi – Wawa, Doufelgou – Kozah, Est-Mono – Sotouboua, Haho – Kpélé, Mô – Sotouboua, Sotouboua – Tchamba, Tchamba – Tchaoudjo, Vo – Yoto",O5,voisines_06.csv : Auto-écoles comptées pour 100 000 habitants,2022,25 paire(s) sur 78,Contradiction 3 (§7),C,"Ces écarts entre voisines tiennent-ils à la donnée (limite, rattachement) ou au territoire ? À vérifier avant de les afficher.",O4-05
SIG-38,"Contradiction 3 (part en mauvais état (%)) : 9 paire(s) de voisines, l’une dans le quart haut, l’autre dans le quart bas, sur 78 paires : Agou – Avé, Agoè-Nyivé – Avé, Agoè-Nyivé – Golfe, Amou – Danyi, Amou – Ogou, Amou – Wawa, Bassar – Dankpen, Bassar – Doufelgou, Moyen-Mono – Ogou",O5,voisines_06.csv : Part en mauvais état (%),2022,9 paire(s) sur 78,Contradiction 3 (§7),C,"Ces écarts entre voisines tiennent-ils à la donnée (limite, rattachement) ou au territoire ? À vérifier avant de les afficher.",O3-02
SIG-39,"Contradiction 3 (part non évaluée (%)) : 27 paire(s) de voisines, l’une dans le quart haut, l’autre dans le quart bas, sur 78 paires : Agou – Avé, Agou – Haho, Agou – Kpélé, Agou – Zio, Agoè-Nyivé – Avé, Agoè-Nyivé – Zio, Akébou – Blitta, Akébou – Wawa, Amou – Ogou, Amou – Wawa, Anié – Blitta, Anié – Ogou, Assoli – Bassar, Avé – Golfe, Bassar – Doufelgou, Bassar – Kozah, Bassar – Tchaoudjo, Blitta – Est-Mono, Cinkassé – Tône, Dankpen – Doufelgou, Dankpen – Kéran, Danyi – Kloto, Danyi – Wawa, Golfe – Zio, Haho – Ogou, Kloto – Kpélé, Moyen-Mono – Ogou",O5,voisines_06.csv : Part non évaluée (%),2022,27 paire(s) sur 78,Contradiction 3 (§7),B,"Ces écarts entre voisines tiennent-ils à la donnée (limite, rattachement) ou au territoire ? À vérifier avant de les afficher.",O3-06
SIG-40,Contradiction 4 : 0 préfecture(s) à taux d’auto-écoles comptées haut sur un nombre d’auto-écoles comptées bas : aucune,O5,"prefectures_06.csv : Auto-écoles comptées pour 100 000 habitants, Auto-écoles comptées",2022,0 préfecture(s),Contradiction 4 (§7),C,"Taux porté par un petit volume, ou volume derrière un taux faible : le 07 affiche le volume à côté du taux (intensité n’est pas volume).","O4-04, O4-05"
SIG-41,Contradiction 4 : 1 préfecture(s) à taux d’auto-écoles comptées bas sur une population haute : Haho (305 096 habitants),O5,"prefectures_06.csv : Auto-écoles comptées pour 100 000 habitants, Population 2022",2022,1 préfecture(s),Contradiction 4 (§7),C,"Taux porté par un petit volume, ou volume derrière un taux faible : le 07 affiche le volume à côté du taux (intensité n’est pas volume).","O4-05, O5-03"
SIG-42,Contradiction 4 : 1 préfecture(s) à part en mauvais état haute sur peu de km évalués : Agoè-Nyivé (882 695 habitants),O5,"prefectures_06.csv : Part en mauvais état (%), Km évalués",2022,1 préfecture(s),Contradiction 4 (§7),C,"Taux porté par un petit volume, ou volume derrière un taux faible : le 07 affiche le volume à côté du taux (intensité n’est pas volume).",O3-02
SIG-43,"Contradiction 5 (formation) : 5 préfecture(s) avec une seule auto-école comptée : Anié, Assoli, Cinkassé, Kpélé, Zio (956 482 habitants)",O4,prefectures_06.csv : Auto-écoles comptées,collecte 2021-2022,5 préfecture(s),Contradiction 5 (§7),C,"Si cette auto-école ferme, la préfecture rejoint les préfectures sans auto-école comptée (O4-07) : population à afficher (O5-03).","O4-04, O4-07, O5-03"
SIG-44,Contradiction 5 (réseau) : 1 préfecture(s) traversée(s) par un seul tronçon du relevé : Tandjoaré (138 867 habitants) ; sans route classée : Mô (52 448 habitants),O3,"prefectures_06.csv : Tronçons du relevé, Km de routes classées",relevé de 2020 ; tracé 2021-2022,1 préfecture(s) ; 1 sans route classée,Contradiction 5 (§7),C,Tout le réseau national évalué tient en un tronçon : son état dit l’état de la préfecture. Le 07 l’affiche avec cette réserve.,"O3-02, O3-05, O4-01"
