Type (état),Tronçon (état),km (état),Méthode,Axe,Noms du tracé,Types du tracé,km (tracé),Rapport tracé / état
ROUTES EN TERRES,TGRCRTRN12 SOTOUBOUA-GOUBI-KABOLI,98.07,nom exact,,TGRCRTRN12 SOTOUBOUA-GOUBI-KABOLI,Route nationale non revêtue,97.81,1.0
ROUTES EN TERRES,TGRKRT KOUMEA-SIOU,7.46,nom exact,,TGRKRT KOUMEA-SIOU,Piste rurale,7.97,1.07
ROUTES EN TERRES,TGRKRTRN18 NIAMTOUGOU-KOUMEA-FARINDE-TCHIKAWA-RN20,22.3,nom exact,,TGRKRTRN18 NIAMTOUGOU-KOUMEA-FARINDE-TCHIKAWA-RN20,Route nationale non revêtue,22.29,1.0
ROUTES EN TERRES,TGRKRTRN19A AWANDJELO-ATCHANGBADE,9.76,nom exact,,TGRKRTRN19A AWANDJELO-ATCHANGBADE,Route nationale non revêtue,9.75,1.0
ROUTES EN TERRES,TGRKRTRN20 PAGOUDA-SIOU-NIAMTOUGOU,31.69,nom exact,,TGRKRTRN20 PAGOUDA-SIOU-NIAMTOUGOU,Route nationale non revêtue,31.86,1.01
ROUTES EN TERRES,TGRKRTRN38 RN1 BAFILO-DAKO-RN17 BASSAR,57.2,nom exact,,TGRKRTRN38 RN1 BAFILO-DAKO-RN17 BASSAR,Route nationale non revêtue,57.51,1.01
ROUTES EN TERRES,TGRKRTRN39 RN17 BASSAR-BITCHABE-RN19,33.01,nom exact,,TGRKRTRN39 RN17 BASSAR-BITCHABE-RN19,Route nationale non revêtue,32.9,1.0
ROUTES EN TERRES,TGRKRTRN40 KANTE-NADOBA,28.49,nom exact,,TGRKRTRN40 KANTE-NADOBA,Route nationale non revêtue,28.39,1.0
ROUTES EN TERRES,TGRMRN42 KEVE-ZOLO-FRT GHANA,15.5,nom exact,,TGRMRN42 KEVE-ZOLO-FRT GHANA,Route nationale non revêtue,10.17,0.66
ROUTES EN TERRES,TGRMRTRN32 ASSAHOUN-BATOUME-FRT GHANA,21.6,nom exact,,TGRMRTRN32 ASSAHOUN-BATOUME-FRT GHANA,Route nationale non revêtue,21.66,1.0
ROUTES EN TERRES,TGRMRTRN35 AKOUMAKPE-TCHEKPO,20.19,nom exact,,TGRMRTRN35 AKOUMAKPE-TCHEKPO,Route nationale non revêtue,20.18,1.0
ROUTES EN TERRES,TGRMRTRN36 AKLAKOU-AVEVE-AFAGNAN,31.22,nom exact,,TGRMRTRN36 AKLAKOU-AVEVE-AFAGNAN,Route nationale non revêtue,30.78,0.99
ROUTES EN TERRES,TGRMRTRN36A AFAGNAN-AGOMEGLOZOU,9.34,nom exact,,TGRMRTRN36A AFAGNAN-AGOMEGLOZOU,Route nationale non revêtue,9.75,1.04
ROUTES EN TERRES,TGRMRTRN37 TABLIGBO-GBOTO-TOKPLI-FRT BENIN,18.92,nom exact,,TGRMRTRN37 TABLIGBO-GBOTO-TOKPLI-FRT BENIN,Route nationale non revêtue,19.03,1.01
ROUTES EN TERRES,TGRMRTRN7 TSEVIE-KEVE,33.02,nom exact,,TGRMRTRN7 TSEVIE-KEVE,Route nationale non revêtue,33.41,1.01
ROUTES EN TERRES,TGRPRT BRETELLE RN9-YIBOE,9.26,nom exact,,TGRPRT BRETELLE RN9-YIBOE,Route nationale non revêtue,7.69,0.83
ROUTES EN TERRES,TGRPRT EPP AGBONOU CEET- EGLISE CATHOLIQUE SAINT JEAN PAUL II,1.22,nom normalisé,,TGRPRT EPP AGBONOU CEET-EGLISE CATHOLIQUE SAINT JEAN PAUL II,Voirie urbaine,1.23,1.01
ROUTES EN TERRES,TGRPRT RN15A-HÔPITAL BADOU,1.12,nom exact,,TGRPRT RN15A-HÔPITAL BADOU,Voirie urbaine,1.11,0.99
ROUTES EN TERRES,TGRPRTRN10 NYAMASSILA(RN1)-KPESSI-FRE BENIN,55.88,nom exact,,TGRPRTRN10 NYAMASSILA(RN1)-KPESSI-FRE BENIN,Route nationale non revêtue,55.36,0.99
ROUTES EN TERRES,TGRPRTRN15BIS HIHIATRO(RN5)-KLABE-APEGANME-KOUGNOHOU,47.97,nom exact,,TGRPRTRN15BIS HIHIATRO(RN5)-KLABE-APEGANME-KOUGNOHOU,Route nationale non revêtue,47.7,0.99
ROUTES EN TERRES,TGRPRTRN29 DEGOU(RN10)-KOLOKOPE-ANIE(RN1),47.01,nom exact,,TGRPRTRN29 DEGOU(RN10)-KOLOKOPE-ANIE(RN1),Route nationale non revêtue,47.01,1.0
ROUTES EN TERRES,TGRPRTRN8 ATAKPAME-AKPARE,20.8,nom exact,,TGRPRTRN8 ATAKPAME-AKPARE,Route nationale non revêtue,20.86,1.0
ROUTES EN TERRES,TGRPRTRN8 NANVBETO-OUNTIVOU-RN6 (TOHOUN),66.14,nom normalisé,,TGRPRTRN8 NANVBETO-OUNTIVOU-RN6 TOHOUN,Route nationale non revêtue,66.09,1.0
ROUTES EN TERRES,TGRPRTRN9 NOTSE(RN1)-YIBOE-AVEDJE-AGOU(RN5),51.01,nom exact,,TGRPRTRN9 NOTSE(RN1)-YIBOE-AVEDJE-AGOU(RN5),Route nationale non revêtue,52.5,1.03
ROUTES EN TERRES,TGRSRTRN17 KATCHAMBA-SADORI RN1,56.84,nom exact,,TGRSRTRN17 KATCHAMBA-SADORI RN1,Route nationale revêtue,55.67,0.98
ROUTES EN TERRES,TGRSRTRN22 RN1 TCHANWIEKOU-MOGOU-GANDO-FRE BENIN,43.61,nom exact,,TGRSRTRN22 RN1 TCHANWIEKOU-MOGOU-GANDO-FRE BENIN,Route nationale non revêtue,31.99,0.73
ROUTES EN TERRES,TGRSRTRN22A RN1 SAGBIEBOU-GANDO,15.5,nom exact,,TGRSRTRN22A RN1 SAGBIEBOU-GANDO,Route nationale non revêtue,22.12,1.43
ROUTES EN TERRES,TGRSRTRN23 RN1 MANGO-KOKOUMBO-FRE GHANA,10.32,nom exact,,TGRSRTRN23 RN1 MANGO-KOKOUMBO-FRE GHANA,Route nationale non revêtue,10.17,0.99
ROUTES EN TERRES,TGRSRTRN24 RN1 GALANGASHI-NAKI EST,27.65,nom exact,,TGRSRTRN24 RN1 GALANGASHI-NAKI EST,Route nationale non revêtue,27.63,1.0
ROUTES EN TERRES,TGRSRTRN25 RN1-KONG-RN1,23.33,nom normalisé,,TGRSRTRN25 RN1-KONG-RN1_1 | TGRSRTRN25 RN1-KONG-RN1_2,Route nationale non revêtue,23.42,1.0
ROUTES EN TERRES,TGRSRTRN26 RN1 CINKASSE-FRE GHANA,3.8,nom exact,,TGRSRTRN26 RN1 CINKASSE-FRE GHANA,Route nationale non revêtue,3.59,0.94
ROUTES EN TERRES,TGRSRTRN41 RN1 MANGO-BORGOU,45.74,nom exact,,TGRSRTRN41 RN1 MANGO-BORGOU,Route nationale non revêtue,45.73,1.0
ROUTES REVETUES,ALINMONDJI (RN1)-ELAVAGNON,11.12,"nom proche, validé",,TGRPRR ALIMONDJI(RN1)-ELAVAGNON,Voirie urbaine,11.19,1.01
ROUTES REVETUES,AZANHOUN FIAGBE-PRESIDENT COPE,9.05,nom normalisé,,TGRPRR AZANHOUN FIAGBE-PRESIDENT COPE,Piste rurale,14.94,1.65
ROUTES REVETUES,BRETELLE KOUGNOHOU(KOUGNOHOU-ADAPE(RN15)),5.56,nom normalisé,,TGRPRR BRETELLE KOUGNOHOU(KOUGNOHOU-ADAPE(RN15)),Voirie urbaine,5.58,1.0
ROUTES REVETUES,DAVIE-AMAKPAPE,61.95,axe,RN1 Lomé–Amakpapé,TGRMRRRN1 DAVIE-GOLF CLUB | TGRMRRRN1 LOME-AMAKPAPE,Route nationale revêtue,74.29,1.03
ROUTES REVETUES,DAVIE-LOME (PASSAGE SUPERIEUR),10.09,axe,RN1 Lomé–Amakpapé,TGRMRRRN1 DAVIE-GOLF CLUB | TGRMRRRN1 LOME-AMAKPAPE,Route nationale revêtue,74.29,1.03
ROUTES REVETUES,LOME-AKOUMAPE-VOGAN-ANFOIN (RN4),60.62,axe,RN34 Lomé–Vogan–Anfoin,TGRMRRRN34 LOME-VOGAN-ANFOIN,Route nationale revêtue,60.6,1.0
ROUTES REVETUES,RN1 AMAKPAPE-ATAKPAME- BABAME,139.74,nom normalisé,,TGRPRRRN1 AMAKPAPE-ATAKPAME-BABAME | TGRPRRRN1 AMAKPAPE-ATAKPAME-BABAME_1,Route nationale revêtue,141.17,1.01
ROUTES REVETUES,RN11 KPALIME (RN5)-KPADAPE-FRE GHANA,18.92,nom normalisé,,TGRPRRRN11 KPALIME (RN5)-KPADAPE-FRE GHANA,Route nationale revêtue,18.86,1.0
ROUTES REVETUES,RN11A KPADAPE-KLO MAYONDI-FRE GHANA,7.41,nom normalisé,,TGRPRRRN11A KPADAPE-KLO MAYONDI-FRE GHANA,Route nationale revêtue,7.32,0.99
ROUTES REVETUES,RN2/3 AFLAO-HILACONDJI FRE BENIN,52.55,axe,RN2/3 Aflao–frontière du Bénin,TGRMRRRN2/3 AFLAO AVEPOZO VOIE NORD | TGRMRRRN2/3 AFLAO AVEPOZO VOIE SUD | TGRMRRRN2/3 AFLAO-AVEPOZO CHAUSSEE NORD | TGRMRRRN2/3 ANEHO SANVEE CONDJI CHAUSSE NORD | TGRMRRRN2/3 ANEHO SANVEE CONDJI CHAUSSE SUD | TGRMRRRN2/3 AVEPOZO-ANEHO,Route nationale revêtue,74.72,0.98
ROUTES REVETUES,RN2/3 AFLAO-HILACONDJI-FRT BENIN RETOUR (CARREFOUR AVEPOZO - FRT GHANA),18.27,axe,RN2/3 Aflao–frontière du Bénin,TGRMRRRN2/3 AFLAO AVEPOZO VOIE NORD | TGRMRRRN2/3 AFLAO AVEPOZO VOIE SUD | TGRMRRRN2/3 AFLAO-AVEPOZO CHAUSSEE NORD | TGRMRRRN2/3 ANEHO SANVEE CONDJI CHAUSSE NORD | TGRMRRRN2/3 ANEHO SANVEE CONDJI CHAUSSE SUD | TGRMRRRN2/3 AVEPOZO-ANEHO,Route nationale revêtue,74.72,0.98
ROUTES REVETUES,RN2/3 AFLAO-HILACONDJI-FRT BENIN RETOUR 2,5.6,axe,RN2/3 Aflao–frontière du Bénin,TGRMRRRN2/3 AFLAO AVEPOZO VOIE NORD | TGRMRRRN2/3 AFLAO AVEPOZO VOIE SUD | TGRMRRRN2/3 AFLAO-AVEPOZO CHAUSSEE NORD | TGRMRRRN2/3 ANEHO SANVEE CONDJI CHAUSSE NORD | TGRMRRRN2/3 ANEHO SANVEE CONDJI CHAUSSE SUD | TGRMRRRN2/3 AVEPOZO-ANEHO,Route nationale revêtue,74.72,0.98
ROUTES REVETUES,RN33 AGOU GADJEPE(RN5)-AGOTIME-FRE GHANA,31.68,nom normalisé,,TGRPRR RN33 AGOU GADJEPE(RN5)-AGOTIME-FRE GHANA,Route nationale revêtue,31.58,1.0
ROUTES REVETUES,RN36 AMEGNRAN-AFAGNAN,8.57,nom normalisé,,TGRMRRRN36 AMEGNRAN-AFAGNAN,Route nationale revêtue,8.52,0.99
ROUTES REVETUES,RN36 ANEHO-AKLAKOU,15.68,nom normalisé,,TGRMRRRN36 ANEHO-AKLAKOU,Route nationale revêtue,15.65,1.0
ROUTES REVETUES,RN5 LOME-AMOUZOU COPE,79.64,nom normalisé,,TGRMRRRN5 LOME-AMOUZOU COPE,Route nationale revêtue,79.11,0.99
ROUTES REVETUES,RN5-HOPITAL AGOU NYOGBO,3.74,nom normalisé,,TGRPRR RN5-HOPITAL AGOU NYOGBO,Route nationale revêtue,3.72,0.99
ROUTES REVETUES,ROUTE CAMPEMENT,1.2,nom normalisé,,TGRPRR ROUTE CAMPEMENT,Voirie urbaine,1.23,1.03
ROUTES REVETUES,ROUTE CHATEAU VIAL,1.65,nom normalisé,,TGRPRR ROUTE CHATEAU VIAL,Piste rurale,1.71,1.04
ROUTES REVETUES,TGRCRRRN1 BABAME-SOKODE-ALEHERIDE,154.59,nom exact,,TGRCRRRN1 BABAME-SOKODE-ALEHERIDE,Route nationale revêtue,128.8,0.83
ROUTES REVETUES,TGRCRRRN14 SOKODE-TCHAMBA-KABOLI-FRE BENIN,86.43,nom exact,,TGRCRRRN14 SOKODE-TCHAMBA-KABOLI-FRE BENIN,Route nationale revêtue,85.32,0.99
ROUTES REVETUES,TGRCRRRRN17 SOKODE-MALFAKASSA,29.85,nom exact,,TGRCRRRRN17 SOKODE-MALFAKASSA,Route nationale revêtue,29.78,1.0
ROUTES REVETUES,TGRCRRRRN27 LANGABOU-YEGUE-FRE GHANA,66.67,nom exact,,TGRCRRRRN27 LANGABOU-YEGUE-FRE GHANA,Route nationale revêtue,66.27,0.99
ROUTES REVETUES,TGRKRR RN1 ALEHERIDE-KARA-NABLOUGOU,140.53,nom exact,,TGRKRR RN1 ALEHERIDE-KARA-NABLOUGOU,Route nationale revêtue,129.39,0.92
ROUTES REVETUES,TGRKRRRN1 BRETELLE D ALEDJO,11.53,nom exact,,TGRKRRRN1 BRETELLE D ALEDJO,Route nationale revêtue,21.52,1.87
ROUTES REVETUES,TGRKRRRN1 BRETELLE DE BAFILO,6.57,nom exact,,TGRKRRRN1 BRETELLE DE BAFILO,Route nationale revêtue,6.56,1.0
ROUTES REVETUES,TGRKRRRN1 BRETELLE DE DEFALE,6.14,nom exact,,TGRKRRRN1 BRETELLE DE DEFALE,Route nationale revêtue,6.1,0.99
ROUTES REVETUES,TGRKRRRN16 RN1 KARA-KETAO-KEMERIDA-FRE BENIN,25.84,nom exact,,TGRKRRRN16 RN1 KARA-KETAO-KEMERIDA-FRE BENIN,Route nationale revêtue,25.78,1.0
ROUTES REVETUES,TGRKRRRN17 BRETELLE KATCHAMBA,6.04,nom exact,,TGRKRRRN17 BRETELLE KATCHAMBA,Route nationale revêtue,6.06,1.0
ROUTES REVETUES,TGRKRRRN17 MALFAKASSA-BASSAR-KABOU-GUERIN KOUKA-KATCHAMBA,108.95,nom exact,,TGRKRRRN17 MALFAKASSA-BASSAR-KABOU-GUERIN KOUKA-KATCHAMBA,Route nationale revêtue,77.2,0.71
ROUTES REVETUES,TGRKRRRN18B BRETELLE SOUMDINA-RN16,9.54,nom exact,,TGRKRRRN18B BRETELLE SOUMDINA-RN16,Route nationale revêtue,9.54,1.0
ROUTES REVETUES,TGRKRRRN18B PYA-TCHARE-LASSA-RN16,13.37,nom exact,,TGRKRRRN18B PYA-TCHARE-LASSA-RN16,Route nationale revêtue,13.37,1.0
ROUTES REVETUES,TGRKRRRN18B TCHITCHAO-PYA-KOUMEA,14.38,nom exact,,TGRKRRRN18B TCHITCHAO-PYA-KOUMEA,Route nationale revêtue,14.38,1.0
ROUTES REVETUES,TGRKRRRN19 KARA-KABOU-FRE GHANA,84.01,nom exact,,TGRKRRRN19 KARA-KABOU-FRE GHANA,Route nationale revêtue,83.73,1.0
ROUTES REVETUES,TGRKRRRN20 KETAO-PAGOUDA,14.6,nom exact,,TGRKRRRN20 KETAO-PAGOUDA,Route nationale revêtue,14.61,1.0
ROUTES REVETUES,TGRKRRRN21 TCHITCHAO-SARAKAWA-KANTE,62.54,nom exact,,TGRKRRRN21 TCHITCHAO-SARAKAWA-KANTE,Route nationale revêtue,63.1,1.01
ROUTES REVETUES,TGRPRRRN13 KPALIME(RN5)-MONT KLOTO-KAMETONOU-FRE GHANA,20.91,nom exact,,TGRPRRRN13 KPALIME(RN5)-MONT KLOTO-KAMETONOU-FRE GHANA,Route nationale revêtue,17.42,0.83
ROUTES REVETUES,TGRPRRRN15 TEMEDJA(RN5)-BADOU-FRE GHANA,88.5,nom exact,,TGRPRRRN15 TEMEDJA(RN5)-BADOU-FRE GHANA,Route nationale revêtue,88.29,1.0
ROUTES REVETUES,TGRPRRRN15A BADOU-REVIERE WAWA (FRE GHABA),13.93,nom exact,,TGRPRRRN15A BADOU-REVIERE WAWA (FRE GHABA),Route nationale revêtue,11.82,0.85
ROUTES REVETUES,TGRPRRRN15B BADOU-TOMEGBE-FRE GHANA,21.37,nom exact,,TGRPRRRN15B BADOU-TOMEGBE-FRE GHANA,Route nationale revêtue,21.3,1.0
ROUTES REVETUES,TGRPRRRN30 ADETA(RN5)-NDIGBE-APEYEME-FRE GHANA,33.5,nom exact,,TGRPRRRN30 ADETA(RN5)-NDIGBE-APEYEME-FRE GHANA,Voirie urbaine,33.37,1.0
ROUTES REVETUES,TGRPRRRN30A DZOGBEGAN-DANYI ELAVAGNON,7.69,nom exact,,TGRPRRRN30A DZOGBEGAN-DANYI ELAVAGNON,Route nationale non revêtue,7.77,1.01
ROUTES REVETUES,TGRPRRRN31/30 NDIGBE-YIKPA-FRE GHANA,14.54,nom exact,,TGRPRRRN31/30 NDIGBE-YIKPA-FRE GHANA,Route nationale revêtue,14.47,1.0
ROUTES REVETUES,TGRPRRRN5 ATAKPAME-KPALIME-AMOUSSOUKOPE,146.58,nom exact,,TGRPRRRN5 ATAKPAME-KPALIME-AMOUSSOUKOPE,Route nationale revêtue,142.52,0.97
ROUTES REVETUES,TGRPRRRN6 NOTSE-TOHOUN,56.3,nom exact,,TGRPRRRN6 NOTSE-TOHOUN,Route nationale revêtue,56.43,1.0
ROUTES REVETUES,TGRPRRRN8 AKPARE-NANGBETO,18.4,nom exact,,TGRPRRRN8 AKPARE-NANGBETO,Route nationale revêtue,7.39,0.4
ROUTES REVETUES,TGRPRRRN9A ROUTE DU MONT AGOU,11.67,nom exact,,TGRPRRRN9A ROUTE DU MONT AGOU,Route nationale revêtue,11.66,1.0
ROUTES REVETUES,TGRSRRRN1 NABLOUGOU-DAPAONG-CINKASSE FRE BURKINA,160.83,"nom proche, validé",,TGRSRRRN1 NABOULGOU-DAPAONG-CINKASSE-FRE BURKINA,Route nationale revêtue,159.8,0.99
ROUTES REVETUES,TGRSRRRN24 RN1 DAPAONG BORGOU-MANDOURI-FRE BENIN,92.75,nom normalisé,,TGRSRRRN24 RN1 DAPAONG BORGOU-MANDOURI-FRE BENIN_1 | TGRSRRRN24 RN1 DAPAONG BORGOU-MANDOURI-FRE BENIN_2,Route nationale revêtue,92.5,1.0
ROUTES REVETUES,TGRSRRRN28 BRETELLE DE CORBONGOU,3.68,nom exact,,TGRSRRRN28 BRETELLE DE CORBONGOU,Voirie urbaine,3.63,0.99
ROUTES REVETUES,TGRSRRRN28 DAPAONG-PONIO-FRE BURKINA,37.32,nom exact,,TGRSRRRN28 DAPAONG-PONIO-FRE BURKINA,Route nationale revêtue,37.23,1.0
ROUTES REVETUES,TSEVIE-TABLIGBO-ANFOIN-ANEHO,85.93,axe,RN4 Tsévié–Tabligbo–Aného,TGRMRRRN4 TSEVIE-TABLIGBO-ANEHO,Route nationale revêtue,85.91,1.0
