Indicateur,Modalité,Année,Valeur,Unité,Texte source
Tués déclarés,,2021,680.0,nombre,Reported fatalities (year) 680 (2021)
Répartition des tués déclarés par type d’usager,Véhicules à 4 roues,2021,11.0,%,Reported fatalities user distribution1 11%; 60%; 23%; 0%; 6% 
Répartition des tués déclarés par type d’usager,Deux et trois-roues motorisés,2021,60.0,%,Reported fatalities user distribution1 11%; 60%; 23%; 0%; 6% 
Répartition des tués déclarés par type d’usager,Piétons,2021,23.0,%,Reported fatalities user distribution1 11%; 60%; 23%; 0%; 6% 
Répartition des tués déclarés par type d’usager,Cyclistes,2021,0.0,%,Reported fatalities user distribution1 11%; 60%; 23%; 0%; 6% 
Répartition des tués déclarés par type d’usager,Autres et inconnus,2021,6.0,%,Reported fatalities user distribution1 11%; 60%; 23%; 0%; 6% 
Tués estimés par l’OMS,valeur centrale,2021,1961.0,nombre,WHO estimated road traffic fatalities (95% CI) (year) 1 961 (95% CI 1 644 - 2 277) (2021)
Tués estimés par l’OMS,borne basse,2021,1644.0,nombre,WHO estimated road traffic fatalities (95% CI) (year) 1 961 (95% CI 1 644 - 2 277) (2021)
Tués estimés par l’OMS,borne haute,2021,2277.0,nombre,WHO estimated road traffic fatalities (95% CI) (year) 1 961 (95% CI 1 644 - 2 277) (2021)
Tués estimés pour 100 000 habitants,,2021,22.7,pour 100 000,WHO estimated rate per 100 000 population (year) 22.7 (2021)
Kilomètres revêtus,,2021,11777.0,km,Total paved kilometers (year) 11 777 (2021)
Véhicules immatriculés,Total,2021,93944.0,nombre,Total registered vehicles [rate per 100 000 pop] (year) 93 944 [1 086.7] (2021)
Véhicules immatriculés,Véhicules à 4 roues,2021,20313.0,nombre,Four-wheel vehicles 20 313
Véhicules immatriculés,Deux et trois-roues motorisés,2021,65363.0,nombre,Powered 2- and 3-wheelers 65 363
Véhicules immatriculés,Poids lourds,2021,1380.0,nombre,Heavy trucks 1 380
Véhicules immatriculés,Bus,2021,101.0,nombre,Buses 101
Population retenue par l’OMS,,,8644829.0,habitants,Population: 8 644 829
