Maille,Territoire,Zone,Population,O5-02 rang,Rang (zones ou régions),Seuils franchis (médiane),Leviers,O5-01 déficits,O3-02,Km évalués,Km en mauvais état,Tronçons critiques qui la traversent,Noms des tronçons critiques,O4-05,Auto-écoles comptées,Auto-écoles recensées,O4-03,Desserte faible (SE-06),O4-08,Au-delà de SE-08,O5-04 km à remettre en état,O5-04 auto-écoles manquantes (écart 21),Tests parmi les 10 premières (sur 6),Signaux du 06,Niveau,Note,Position O3-02 (quarts du 06),Position O4-05 (quarts du 06),Position O4-03 (quarts du 06),Position O4-08 (quarts du 06),Position Population (quarts du 06),Préfectures,Préfectures au levier réseau,Préfectures au levier formation
Préfecture,Danyi,Plateaux,40240,1,,,réseau ; formation,2,100.0,49.813,49.813,3,TGRPRRRN30 ADETA(RN5)-NDIGBE-APEYEME-FRE GHANA | TGRPRRRN30A DZOGBEGAN-DANYI ELAVAGNON | TGRPRRRN31/30 NDIGBE-YIKPA-FRE GHANA,0.0,0,0,12.16,False,12.9,True,42.7,1,6,"SIG-20, SIG-29, SIG-33, SIG-37, SIG-38, SIG-39",C,nature du zéro : aucune auto-école recensée ; vérifier sur place qu’il n’en existe pas,haut,bas,haut,milieu,bas,,,
Préfecture,Blitta,Centrale,163272,2,,,réseau ; formation,2,68.2,101.087,68.986,4,TGRPRTRN10 NYAMASSILA(RN1)-KPESSI-FRE BENIN | RN1 AMAKPAPE-ATAKPAME- BABAME | TGRCRRRN1 BABAME-SOKODE-ALEHERIDE | TGRCRRRRN27 LANGABOU-YEGUE-FRE GHANA,0.0,0,2,7.88,False,25.9,True,54.5,2,6,"SIG-20, SIG-21, SIG-29, SIG-33, SIG-37, SIG-39",C,"nature du zéro : 2 auto-école(s) recensée(s), aucune agréée ; vérifier leur activité et leur agrément",haut,bas,milieu,milieu,milieu,,,
Préfecture,Agou,Plateaux,85793,3,,,réseau ; formation,2,40.0,124.063,49.59,5,TGRPRT BRETELLE RN9-YIBOE | AZANHOUN FIAGBE-PRESIDENT COPE | RN33 AGOU GADJEPE(RN5)-AGOTIME-FRE GHANA | RN5-HOPITAL AGOU NYOGBO | TGRPRRRN9A ROUTE DU MONT AGOU,0.0,0,1,15.17,False,11.0,True,31.8,1,6,"SIG-17, SIG-29, SIG-33, SIG-36, SIG-37, SIG-38, SIG-39",C,"nature du zéro : 1 auto-école(s) recensée(s), aucune agréée ; vérifier leur activité et leur agrément",haut,bas,haut,milieu,bas,,,
Préfecture,Tchamba,Centrale,200585,4,,,réseau ; formation,2,34.0,120.323,40.96,1,TGRCRRRN14 SOKODE-TCHAMBA-KABOLI-FRE BENIN,0.0,0,2,6.14,False,31.1,True,23.7,3,6,"SIG-29, SIG-33, SIG-37",C,"nature du zéro : 2 auto-école(s) recensée(s), aucune agréée ; vérifier leur activité et leur agrément",haut,bas,milieu,milieu,milieu,,,
Préfecture,Bassar,Kara,152065,5,,,réseau ; formation,2,28.0,167.472,46.906,1,TGRKRRRN19 KARA-KABOU-FRE GHANA,0.0,0,2,12.75,False,47.5,True,22.9,2,6,"SIG-21, SIG-29, SIG-33, SIG-36, SIG-37, SIG-38, SIG-39",C,"nature du zéro : 2 auto-école(s) recensée(s), aucune agréée ; vérifier leur activité et leur agrément",haut,bas,haut,haut,milieu,,,
Préfecture,Oti,Savanes,124848,6,,,formation,1,21.1,140.625,29.736,6,TGRSRTRN17 KATCHAMBA-SADORI RN1 | TGRSRTRN22 RN1 TCHANWIEKOU-MOGOU-GANDO-FRE BENIN | TGRSRTRN23 RN1 MANGO-KOKOUMBO-FRE GHANA | TGRSRTRN24 RN1 GALANGASHI-NAKI EST | TGRSRTRN41 RN1 MANGO-BORGOU | TGRSRRRN1 NABLOUGOU-DAPAONG-CINKASSE FRE BURKINA,0.0,0,3,10.98,False,62.0,True,9.6,2,6,"SIG-16, SIG-36",C,"nature du zéro : 3 auto-école(s) recensée(s), aucune agréée ; vérifier leur activité et leur agrément",milieu,bas,haut,haut,milieu,,,
Préfecture,Bas-Mono,Maritime hors Grand Lomé,94860,7,,,formation,1,21.1,35.819,7.572,1,RN36 AMEGNRAN-AFAGNAN,0.0,0,1,3.68,True,31.2,True,2.4,2,6,SIG-37,C,"nature du zéro : 1 auto-école(s) recensée(s), aucune agréée ; vérifier leur activité et leur agrément",milieu,bas,milieu,milieu,milieu,,,
Préfecture,Est-Mono,Plateaux,164460,8,,,formation,1,17.2,110.73,18.991,3,TGRPRTRN10 NYAMASSILA(RN1)-KPESSI-FRE BENIN | TGRPRTRN29 DEGOU(RN10)-KOLOKOPE-ANIE(RN1) | RN1 AMAKPAPE-ATAKPAME- BABAME,0.0,0,0,6.71,False,27.4,True,3.1,2,4,"SIG-16, SIG-37, SIG-39",C,nature du zéro : aucune auto-école recensée ; vérifier sur place qu’il n’en existe pas,milieu,bas,milieu,milieu,milieu,,,
Préfecture,Oti-Sud,Savanes,150376,9,,,formation,1,14.4,131.685,18.959,3,TGRSRTRN17 KATCHAMBA-SADORI RN1 | TGRSRTRN22 RN1 TCHANWIEKOU-MOGOU-GANDO-FRE BENIN | TGRSRRRN1 NABLOUGOU-DAPAONG-CINKASSE FRE BURKINA,0.0,0,0,8.54,False,84.0,True,0.1,2,4,"SIG-16, SIG-25, SIG-36",C,nature du zéro : aucune auto-école recensée ; vérifier sur place qu’il n’en existe pas,milieu,bas,haut,haut,milieu,,,
Préfecture,Tchaoudjo,Centrale,240360,10,,,réseau,1,36.9,125.652,46.322,3,TGRCRRRN1 BABAME-SOKODE-ALEHERIDE | TGRCRRRN14 SOKODE-TCHAMBA-KABOLI-FRE BENIN | TGRKRRRN1 BRETELLE D ALEDJO,0.83,2,4,5.05,False,0.5,False,28.3,1,3,"SIG-33, SIG-37, SIG-39",C,,haut,haut,milieu,bas,haut,,,
Préfecture,Mô,Centrale,52448,,,,formation,1,,0.0,0.0,0,,0.0,0,0,0.0,True,52.2,True,,1,,"SIG-30, SIG-36, SIG-37, SIG-44",C,"non classée : aucune route classée, O3-02 non défini (vrai vide du 05) ; réseau non défini, sans P5 ; nature du zéro : aucune auto-école recensée ; vérifier sur place qu’il n’en existe pas",non défini,bas,bas,haut,bas,,,
Zone,Grand Lomé,,2188376,,6,desserte,,,7.7,97.779,7.571,4,,4.71,103,,0.74,,,,3.2,0,,,C,,,,,,,2,1,0
Zone,Maritime hors Grand Lomé,,1346615,,4,"formation, desserte",,,9.5,447.296,42.548,11,,0.37,5,,3.51,,,,0.0,6,,,C,,,,,,,6,0,3
Zone,Plateaux,,1635946,,3,réseau,,,28.0,965.588,270.74,23,,0.55,9,,6.2,,,,150.5,12,,,C,,,,,,,12,6,7
Zone,Centrale,,795529,,1,"réseau, formation",,,40.3,437.151,176.319,6,,0.5,4,,5.73,,,,113.6,6,,SIG-35,C,,,,,,,5,4,3
Zone,Kara,,985512,,5,réseau,,,15.2,694.475,105.373,8,,0.71,7,,7.4,,,,37.3,8,,,C,,,,,,,7,2,5
Zone,Savanes,,1143520,,2,"formation, desserte",,,12.8,521.177,66.789,8,,0.35,4,,4.62,,,,0.0,9,,SIG-35,C,,,,,,,7,0,5
Région,Maritime,,3534991,,5,desserte,,,9.2,545.075,50.119,11,,3.06,108,,1.79,,,,3.2,6,,,C,,,,,,,8,1,3
