ID,Objectif,Indicateur,Définition,Formule,Unité,Sens,Calcul au 07,Maille (04),Période (04),Niveau (04),Justification (06),Réserve,Périmètre,Lignes,Valeurs renseignées
O1-01,O1,Immatriculations par catégorie,"Nombre de premières immatriculations de la période, par catégorie de véhicule","Σ immatriculations(catégorie, période)",Véhicules,Neutre,"Lues dans D1, par groupe",National,1990–2024,A,Années atypiques à annoter [SIG-01 à SIG-04],,02,210,210
O1-02,O1,Part de chaque catégorie,Part d’une catégorie dans les immatriculations de l’année,"immatriculations(cat, an) / Σ immatriculations(an) × 100",%,Neutre,Groupe / total × 100,National,1990–2024,B,"Part des motos de 22,2 % à 74,4 % (06 §3, O1)",,02,175,175
O1-03,O1,"Croissance annuelle, taux de croissance annuel moyen et multiplicateur",Rythme d’évolution des immatriculations,Croissance annuelle = I(an) / I(an−1) − 1 ; TCAM = (I(dernière) / I(première))^(1/n) − 1 ; multiplicateur = I(n) / I(n−20),"%, multiplicateur",Plus haut = pire,"Par groupe et pour l’ensemble ; TCAM sur 1990–2024 ; multiplicateur sur 20 ans, de 2010 à 2024",National,1990–2024,B,"Ruptures de 1995 et 2004, à annoter [SIG-01]",Ruptures de 1995 et 2004 à annoter,02,300,300
O1-04,O1,Immatriculations pour 1 000 habitants,Immatriculations de l’année rapportées à la population de la même année,"immatriculations(cat, an) / population(an) × 1 000 (R-06)",Pour 1 000 habitants,Neutre,Population de la même année (R-06),National,1990–2024,"B en 2010 et 2022, C les autres années",Raccord de population de 2011 [SIG-11],,02,210,210
O1-05,O1,Parc estimé,Estimation du parc par cumul des immatriculations sur la durée de vie des véhicules,"Parc(cat, an) = Σ immatriculations(cat, an − k), k = 0 … L(cat) − 1, avec L = durée de vie PA-01 ; calculé pour la valeur centrale et les deux bornes",Véhicules (fourchette),Neutre,"Lu dans D1_parc_estime.csv, calculé une seule fois au 05 (05 §6)",National,2009–2024,C,"Fourchette à 51,4 % de la valeur centrale en 2024 : jamais sans ses bornes (06 §3, O1)",,02,96,96
O1-06,O1,Permis délivrés par catégorie,"Premières délivrances de l’année, par catégorie de permis","Σ premières délivrances(catégorie, période)",Permis,Neutre,Lus dans D2 ; 2013 non renseignée,National,2007–2024 (sans 2013),A,Années atypiques à annoter [SIG-05 à SIG-10],Premières délivrances non prouvées (piège D2),02,108,102
O1-07,O1,Permis pour 1 000 habitants en âge de conduire,Premières délivrances rapportées à la population ayant l’âge minimal de la catégorie,"premières délivrances(cat, an) / population(âge ≥ âge minimal PA-05, an) × 1 000",Pour 1 000 habitants en âge de conduire,Plus haut = mieux,Dénominateur : D7_population_age_conduire.csv,National,2007–2024 (sans 2013),C,Hausse de A en 2022 et 2024 [SIG-05],,02,108,102
O1-09,O1,"Rapport immatriculations / permis, par catégorie","Nouvelles immatriculations pour un nouveau permis, par catégorie","immatriculations(cat, an) / premières délivrances(catégorie de permis correspondante, an) ; aussi en cumul sur la période",Ratio,Plus haut = pire,"Par catégorie de permis (correspondance du 05), par année et en cumul",National,2007–2024 (sans 2013),B,"Écarts entre catégories en cumul : de 0,37 (D) à 40,2 (A) (06 §3, O1)",Correspondance des catégories de véhicules et de permis à fixer au 06,02,90,90
O2-01,O2,"Accidents corporels, blessés, tués","Volumes d’accidents corporels, de blessés et de tués","Σ accidents corporels ; Σ blessés (graves, légers) ; Σ tués, par période et territoire","Accidents, victimes",Plus haut = pire,Lus dans D3,National,2010–2024,A,Années atypiques à annoter [SIG-12 à SIG-14],Libellé « accidents constatés »,02,45,45
O2-02,O2,Tués pour 100 000 habitants,Tués rapportés à la population du territoire,"tués(t, an) / population(t, an) × 100 000 ; sous SE-01 : cumul sur PA-02 années (R-09)",Pour 100 000 habitants,Plus haut = pire,Population de la même année (R-06),National,2010–2024,"B en 2010 et 2022, C les autres années",Raccord de population de 2011 [SIG-11] ; repère de l’OMS (SE-03) appliqué au 08,,02,15,15
O2-03,O2,Accidents corporels pour 100 000 habitants,Accidents corporels rapportés à la population du territoire,"accidents corporels(t, an) / population(t, an) × 100 000 (R-09)",Pour 100 000 habitants,Plus haut = pire,Population de la même année (R-06),National,2010–2024,"B en 2010 et 2022, C les autres années","[SIG-11, SIG-12]",Libellé « accidents constatés »,02,15,15
O2-04,O2,Tués pour 10 000 véhicules,Tués rapportés au parc,tués(an) / parc(an) × 10 000 ; parc selon l’ordre de R-11 ; en fourchette si parc estimé (O1-05),Pour 10 000 véhicules,Plus haut = pire,"Dénominateur : le parc estimé, avec ses bornes (R-11)",National,2010–2024,C,"Fourchette large (06 §3, O2)",,02,15,15
O2-05,O2,Tués pour 100 accidents corporels,Indice de gravité,tués / accidents corporels × 100 (R-09),Tués pour 100 accidents,Plus haut = pire,Tués / accidents × 100,National,2010–2024,B,"De 7,9 à 16,6 (06 §3, O2)",Accidents constatés (écart 15),02,15,15
O2-06,O2,Blessés pour 100 accidents corporels,Nombre moyen de blessés pour 100 accidents,blessés / accidents corporels × 100,Blessés pour 100 accidents,Plus haut = pire,Blessés / accidents × 100,National,2010–2024,B,"De 103,2 à 201,3 (06 §3, O2)",Accidents constatés (écart 15),02,15,15
O2-09,O2,"Victimes par type d’usager, sexe et âge",Répartition des victimes,"Σ victimes(usager, sexe, âge) ; parts","Victimes, %",Neutre,Lues dans D3_victimes_usager_2021.csv,"National, type d'usager",2021,C,"60 % de deux et trois-roues motorisés (06 §3, O2)",,02,5,5
O2-E1,O2,Blessés pour 100 000 habitants,Blessés rapportés à la population,blessés(an) / population(an) × 100 000 (R-06),Pour 100 000 habitants,Plus haut = pire,Blessés / population × 100 000 ; règles de O2-02,National,2010–2024,"B en 2010 et 2022, C les autres années",Taux non exploré au 06 (hors 02) ; blessés atypiques en 2016 [SIG-14] ; raccord de population [SIG-11],"Hors 02 : n’entre ni dans O5-01, ni dans O5-02, ni dans les profils P1 à P6","complément de l’énoncé, hors 02, hors classement (écart 22)",15,15
O2-E2,O2,Accidents constatés pour 10 000 véhicules,Accidents constatés rapportés au parc,accidents(an) / parc(an) × 10 000 ; parc estimé en fourchette (R-11),Pour 10 000 véhicules,Plus haut = pire,Accidents / parc estimé × 10 000 ; règles de O2-04,National,2010–2024,C,"Taux non exploré au 06 (hors 02) ; accidents atypiques [SIG-12] ; fourchette du parc (06 §3, O2)","Hors 02 : n’entre ni dans O5-01, ni dans O5-02, ni dans les profils P1 à P6","complément de l’énoncé, hors 02, hors classement (écart 22)",15,15
O2-E3,O2,Blessés pour 10 000 véhicules,Blessés rapportés au parc,blessés(an) / parc(an) × 10 000 ; parc estimé en fourchette (R-11),Pour 10 000 véhicules,Plus haut = pire,Blessés / parc estimé × 10 000 ; règles de O2-04,National,2010–2024,C,"Taux non exploré au 06 (hors 02) ; [SIG-14] ; fourchette du parc (06 §3, O2)","Hors 02 : n’entre ni dans O5-01, ni dans O5-02, ni dans les profils P1 à P6","complément de l’énoncé, hors 02, hors classement (écart 22)",15,15
O3-01,O3,Km par état,"Longueur du réseau dans chacun des quatre états, et longueur non évaluée",Σ longueur(tronçons) par état et par territoire (R-15),km,Neutre,"Km par état, répartis sur le tracé (R-15)",Préfecture,2020,C,"[SIG-20, SIG-27]","RN1 Lomé–Amakpapé, RN34 Lomé–Vogan–Anfoin, RN2/3 Aflao–frontière du Bénin, RN4 Tsévié–Tabligbo–Aného rattachées par l'axe (table de correspondance) : leur état est réparti le long de l'axe, au prorata des km",02,195,195
O3-02,O3,Part des km en mauvais état,Part de la longueur évaluée qui est en mauvais état,km en mauvais état / km évalués × 100 ; km évalués = total − non évalués (R-14),%,Plus haut = pire,Mauvais / km évalués × 100 ; non défini pour Mô,Préfecture,2020,C,"Danyi, Blitta, Kloto hors des bornes [SIG-20]","RN1 Lomé–Amakpapé, RN34 Lomé–Vogan–Anfoin, RN2/3 Aflao–frontière du Bénin, RN4 Tsévié–Tabligbo–Aného rattachées par l'axe (table de correspondance) : leur état est réparti le long de l'axe, au prorata des km",02,39,38
O3-03,O3,Part des km en travaux,Part de la longueur évaluée qui est en travaux,km en travaux / km évalués × 100,%,Neutre,Travaux / km évalués × 100,Préfecture,2020,C,"Médiane 21,85 % ; 10 préfectures à 0 (06 §3, O3)","RN1 Lomé–Amakpapé, RN34 Lomé–Vogan–Anfoin, RN2/3 Aflao–frontière du Bénin, RN4 Tsévié–Tabligbo–Aného rattachées par l'axe (table de correspondance) : leur état est réparti le long de l'axe, au prorata des km",02,39,38
O3-04,O3,Km par type de route et par état,Longueur par croisement type de route × état,Σ longueur(tronçons) par type et par état,km,Neutre,"Somme par zone, type de route nationale et état, non évalué compris",Zone,2020,C,"De 7,7 % à 40,3 % en mauvais état selon la zone (06 §3, O3)","RN1 Lomé–Amakpapé, RN34 Lomé–Vogan–Anfoin, RN2/3 Aflao–frontière du Bénin, RN4 Tsévié–Tabligbo–Aného rattachées par l'axe (table de correspondance) : leur état est réparti le long de l'axe, au prorata des km",02,60,60
O3-05,O3,Tronçons critiques,Tronçons du réseau national en mauvais état,"Liste des tronçons {classe = nationale ; état = mauvais}, triée par longueur ; nombre et Σ longueur","Tronçons, km",Plus haut = pire,"Tronçons qui ont des km en mauvais état, triés par ces km (repli du 02) ; nombre et somme des km, par zone traversée",Tronçon,2020,C,"Carte des tronçons (06 §3, O3)",,02,63,63
O3-06,O3,Part du réseau non évaluée,Part de la longueur sans état renseigné,km sans état / km total × 100,%,Plus haut = pire,Km sans état / km de routes nationales du tracé × 100,Préfecture,"2020 (état), 2021-2022 (tracé)",B,7 préfectures hors des bornes [SIG-21],"99 km de routes nationales sans état (3,2 %), affichés comme non évalués",02,39,38
O3-07,O3,Évolution de l’état,Variation de la répartition des km par état entre deux relevés,"Part des km par état (relevé 2) − part (relevé 1), en points",Points de %,Plus haut = pire,"Part de chaque état, l’année moins l’année précédente, en points, par catégorie de route : 2021 − 2020, 2022 − 2021","National, par catégorie de route",2020–2022,C,Deux sources de 2020 en désaccord [SIG-27],"Pourcentages seulement, sans km ; Jamais mélangé avec O3-01 à O3-06 : les deux sources de 2020 diffèrent [SIG-27]",02,24,23
O4-01,O4,"Km de routes classées, par classe",Longueur du réseau classé par classe de route,"Σ longueur(tronçons classés) par classe et par territoire (R-15, R-16)",km,Plus haut = mieux,"Lus dans D5, par type",Préfecture,Collecte 2021-2022,B,[SIG-16 à SIG-18] ; Mô sans route classée [SIG-44],,02,195,195
O4-02,O4,Densité routière,Longueur de routes classées rapportée à la surface,km de routes classées / surface (km²) × 1 000,km pour 1 000 km²,Plus haut = mieux,Km / surface × 1 000,Préfecture,Collecte 2021-2022,B,"Golfe, Agoè-Nyivé, Lacs hors des bornes [SIG-19]",,02,39,39
O4-03,O4,Km de routes pour 10 000 habitants,Longueur de routes classées rapportée à la population,km de routes classées / population × 10 000 (R-06),km pour 10 000 habitants,Plus haut = mieux,Km / population 2022 × 10 000,Préfecture,2022,B,"[SIG-30, SIG-32]",,02,39,39
O4-04,O4,Nombre d’auto-écoles,"Nombre d’auto-écoles agréées, et actives si connu","Σ auto-écoles par territoire, après dédoublonnage",Auto-écoles,Plus haut = mieux,Comptées (R-12) ; recensées en désagrégation,Préfecture,Collecte 2021-2022,A,"[SIG-22, SIG-23, SIG-43]",Activité non vérifiée (écart 13),02,78,78
O4-05,O4,Auto-écoles pour 100 000 habitants,Offre de formation rapportée à la population,auto-écoles(t) / population(t) × 100 000 (R-06),Pour 100 000 habitants,Plus haut = mieux,Comptées / population 2022 × 100 000,Préfecture,2022,C,"23 préfectures ex aequo à 0 [SIG-24, SIG-26]",Activité non vérifiée (écart 13),02,39,39
O4-06,O4,Habitants par auto-école,Population desservie en moyenne par une auto-école,population(t) / auto-écoles(t) ; non défini si aucune auto-école (voir O4-07),Habitants,Plus haut = pire,Population / comptées ; non défini sans auto-école comptée,Préfecture,2022,C,Non défini pour 23 préfectures [SIG-26],Activité non vérifiée (écart 13),02,39,16
O4-07,O4,Préfectures sans auto-école,Liste des préfectures où aucune auto-école n’est recensée,"Liste des préfectures {auto-écoles = 0}, avec leur population","Préfectures, habitants",Plus haut = pire,"Les préfectures sans auto-école comptée (R-12, 04 §8), avec leur population ; la note distingue celles sans aucune auto-école recensée, définition littérale du 02",Préfecture,2022,B,[SIG-26],Activité non vérifiée (écart 13),02,27,27
O4-08,O4,Distance à l’auto-école la plus proche,Éloignement de la population à l’auto-école la plus proche,Distance à vol d’oiseau (R-16) de chaque maille de population à l’auto-école la plus proche ; moyenne pondérée par la population ; population à plus de SE-08 km,"km, habitants",Plus haut = pire,"Repli du 02 : distance du point de départ à l’auto-école comptée la plus proche, en UTM 31N ; avec SE-08, population des préfectures dont le point de départ est au-delà",Préfecture,Collecte 2021-2022,C,"Oti-Sud hors des bornes [SIG-25] ; la distance distingue les 23 préfectures à zéro (06 §3, O4)","Distance d'un point par préfecture, pas de la population ; les préfectures mesurées depuis le point d'étiquette sont signalées comme telles",02,80,80
O5-03,O5,Population concernée,Habitants du territoire touché par le déficit,"population(t, année de référence) ; pour la distance : population à plus de SE-08 km (O4-08)",Habitants,Plus haut = pire,"Population 2022 de chaque préfecture ; pour la distance, celle de O4-08",Préfecture,2022,A,Le volume à côté du taux [SIG-29 à SIG-32],,02,39,39
O5-04,O5,Écart à la cible,Quantité à ajouter pour atteindre la cible du profil (PA-04),Auto-écoles manquantes = arrondi supérieur(population(t) × médiane(O4-05) / 100 000) − auto-écoles(t) ; km à remettre en état = km en mauvais état(t) − médiane(O3-02) × km évalués(t) ; écart de tués = tués(t) − médiane(O2-02) × population(t) / 100 000,"Auto-écoles, km, tués",Plus haut = pire,"Km à remettre en état : cible PA-04 (médiane de O3-02). Auto-écoles manquantes : formule du 02 et variante de l’écart 21, côte à côte, avec la nature du zéro",Préfecture,2022,C,"Médiane de O4-05 = 0 [SIG-26] ; médiane de O3-02 = 14,35 % (06 §3, O3)",Recommandation C (R-17) ; Écart de tués non calculable : O2-02 est national (écart 1),02,123,122
