Maille,Territoire,Zone,Année,Palier,Population rurale,"Accès rural, uniforme (%)","Accès rural, grille (%)","Ruraux à plus de 2 km, uniforme","Ruraux à plus de 2 km, grille",Niveau,Source,Note
Préfecture,Agou,Plateaux,2022,Passé,81239.0,25.63,44.06,60415.0,45444.0,C,grille WorldPop 2020 (100 m) ramenée au recensement 2022 ; routes classées (D5),variante (b) de la population ; parts d’accès de 2022 gardées à chaque palier
Préfecture,Agoè-Nyivé,Grand Lomé,2022,Passé,0.0,,,0.0,0.0,C,grille WorldPop 2020 (100 m) ramenée au recensement 2022 ; routes classées (D5),variante (b) de la population ; parts d’accès de 2022 gardées à chaque palier
Préfecture,Akébou,Plateaux,2022,Passé,65912.0,0.55,1.33,65549.0,65038.0,C,grille WorldPop 2020 (100 m) ramenée au recensement 2022 ; routes classées (D5),variante (b) de la population ; parts d’accès de 2022 gardées à chaque palier
Préfecture,Amou,Plateaux,2022,Passé,106176.0,12.35,39.6,93060.0,64128.0,C,grille WorldPop 2020 (100 m) ramenée au recensement 2022 ; routes classées (D5),variante (b) de la population ; parts d’accès de 2022 gardées à chaque palier
Préfecture,Anié,Plateaux,2022,Passé,119090.0,5.17,2.33,112928.0,116309.0,C,grille WorldPop 2020 (100 m) ramenée au recensement 2022 ; routes classées (D5),variante (b) de la population ; parts d’accès de 2022 gardées à chaque palier
Préfecture,Assoli,Kara,2022,Passé,42767.0,14.73,28.81,36467.0,30445.0,C,grille WorldPop 2020 (100 m) ramenée au recensement 2022 ; routes classées (D5),variante (b) de la population ; parts d’accès de 2022 gardées à chaque palier
Préfecture,Avé,Maritime hors Grand Lomé,2022,Passé,106025.0,21.27,46.47,83476.0,56757.0,C,grille WorldPop 2020 (100 m) ramenée au recensement 2022 ; routes classées (D5),variante (b) de la population ; parts d’accès de 2022 gardées à chaque palier
Préfecture,Bas-Mono,Maritime hors Grand Lomé,2022,Passé,81814.0,12.44,19.45,71633.0,65900.0,C,grille WorldPop 2020 (100 m) ramenée au recensement 2022 ; routes classées (D5),variante (b) de la population ; parts d’accès de 2022 gardées à chaque palier
Préfecture,Bassar,Kara,2022,Passé,118909.0,13.41,22.84,102960.0,91745.0,C,grille WorldPop 2020 (100 m) ramenée au recensement 2022 ; routes classées (D5),variante (b) de la population ; parts d’accès de 2022 gardées à chaque palier
Préfecture,Binah,Kara,2022,Passé,76749.0,14.46,35.85,65650.0,49236.0,C,grille WorldPop 2020 (100 m) ramenée au recensement 2022 ; routes classées (D5),variante (b) de la population ; parts d’accès de 2022 gardées à chaque palier
Préfecture,Blitta,Centrale,2022,Passé,152357.0,14.75,41.97,129877.0,88420.0,C,grille WorldPop 2020 (100 m) ramenée au recensement 2022 ; routes classées (D5),variante (b) de la population ; parts d’accès de 2022 gardées à chaque palier
Préfecture,Cinkassé,Savanes,2022,Passé,72129.0,31.81,24.33,49185.0,54580.0,C,grille WorldPop 2020 (100 m) ramenée au recensement 2022 ; routes classées (D5),variante (b) de la population ; parts d’accès de 2022 gardées à chaque palier
Préfecture,Dankpen,Kara,2022,Passé,165615.0,6.71,10.41,154501.0,148377.0,C,grille WorldPop 2020 (100 m) ramenée au recensement 2022 ; routes classées (D5),variante (b) de la population ; parts d’accès de 2022 gardées à chaque palier
Préfecture,Danyi,Plateaux,2022,Passé,33569.0,25.52,32.25,25001.0,22741.0,C,grille WorldPop 2020 (100 m) ramenée au recensement 2022 ; routes classées (D5),variante (b) de la population ; parts d’accès de 2022 gardées à chaque palier
Préfecture,Doufelgou,Kara,2022,Passé,57635.0,22.15,20.86,44867.0,45613.0,C,grille WorldPop 2020 (100 m) ramenée au recensement 2022 ; routes classées (D5),variante (b) de la population ; parts d’accès de 2022 gardées à chaque palier
Préfecture,Est-Mono,Plateaux,2022,Passé,153289.0,1.64,2.29,150769.0,149777.0,C,grille WorldPop 2020 (100 m) ramenée au recensement 2022 ; routes classées (D5),variante (b) de la population ; parts d’accès de 2022 gardées à chaque palier
Préfecture,Golfe,Grand Lomé,2022,Passé,0.0,,,0.0,0.0,C,grille WorldPop 2020 (100 m) ramenée au recensement 2022 ; routes classées (D5),variante (b) de la population ; parts d’accès de 2022 gardées à chaque palier
Préfecture,Haho,Plateaux,2022,Passé,255953.0,12.41,20.93,224189.0,202388.0,C,grille WorldPop 2020 (100 m) ramenée au recensement 2022 ; routes classées (D5),variante (b) de la population ; parts d’accès de 2022 gardées à chaque palier
Préfecture,Kloto,Plateaux,2022,Passé,58508.0,41.88,37.54,34006.0,36546.0,C,grille WorldPop 2020 (100 m) ramenée au recensement 2022 ; routes classées (D5),variante (b) de la population ; parts d’accès de 2022 gardées à chaque palier
Préfecture,Kozah,Kara,2022,Passé,125648.0,43.11,43.35,71480.0,71184.0,C,grille WorldPop 2020 (100 m) ramenée au recensement 2022 ; routes classées (D5),variante (b) de la population ; parts d’accès de 2022 gardées à chaque palier
Préfecture,Kpendjal,Savanes,2022,Passé,80633.0,14.56,21.15,68897.0,63576.0,C,grille WorldPop 2020 (100 m) ramenée au recensement 2022 ; routes classées (D5),variante (b) de la population ; parts d’accès de 2022 gardées à chaque palier
Préfecture,Kpendjal-Ouest,Savanes,2022,Passé,116951.0,20.04,34.14,93517.0,77029.0,C,grille WorldPop 2020 (100 m) ramenée au recensement 2022 ; routes classées (D5),variante (b) de la population ; parts d’accès de 2022 gardées à chaque palier
Préfecture,Kpélé,Plateaux,2022,Passé,65793.0,16.39,43.04,55011.0,37477.0,C,grille WorldPop 2020 (100 m) ramenée au recensement 2022 ; routes classées (D5),variante (b) de la population ; parts d’accès de 2022 gardées à chaque palier
Préfecture,Kéran,Kara,2022,Passé,113374.0,9.84,13.2,102214.0,98414.0,C,grille WorldPop 2020 (100 m) ramenée au recensement 2022 ; routes classées (D5),variante (b) de la population ; parts d’accès de 2022 gardées à chaque palier
Préfecture,Lacs,Maritime hors Grand Lomé,2022,Passé,213009.0,45.78,72.49,115503.0,58591.0,C,grille WorldPop 2020 (100 m) ramenée au recensement 2022 ; routes classées (D5),variante (b) de la population ; parts d’accès de 2022 gardées à chaque palier
Préfecture,Moyen-Mono,Plateaux,2022,Passé,81969.0,7.8,17.5,75574.0,67623.0,C,grille WorldPop 2020 (100 m) ramenée au recensement 2022 ; routes classées (D5),variante (b) de la population ; parts d’accès de 2022 gardées à chaque palier
Préfecture,Mô,Centrale,2022,Passé,44335.0,0.0,0.0,44335.0,44335.0,C,grille WorldPop 2020 (100 m) ramenée au recensement 2022 ; routes classées (D5),variante (b) de la population ; parts d’accès de 2022 gardées à chaque palier
Préfecture,Ogou,Plateaux,2022,Passé,155274.0,12.19,9.99,136340.0,139764.0,C,grille WorldPop 2020 (100 m) ramenée au recensement 2022 ; routes classées (D5),variante (b) de la population ; parts d’accès de 2022 gardées à chaque palier
Préfecture,Oti,Savanes,2022,Passé,90057.0,13.43,15.55,77962.0,76051.0,C,grille WorldPop 2020 (100 m) ramenée au recensement 2022 ; routes classées (D5),variante (b) de la population ; parts d’accès de 2022 gardées à chaque palier
Préfecture,Oti-Sud,Savanes,2022,Passé,134030.0,9.84,17.18,120836.0,111007.0,C,grille WorldPop 2020 (100 m) ramenée au recensement 2022 ; routes classées (D5),variante (b) de la population ; parts d’accès de 2022 gardées à chaque palier
Préfecture,Sotouboua,Centrale,2022,Passé,106400.0,10.04,13.78,95714.0,91734.0,C,grille WorldPop 2020 (100 m) ramenée au recensement 2022 ; routes classées (D5),variante (b) de la population ; parts d’accès de 2022 gardées à chaque palier
Préfecture,Tandjoaré,Savanes,2022,Passé,135781.0,9.99,24.07,122210.0,103097.0,C,grille WorldPop 2020 (100 m) ramenée au recensement 2022 ; routes classées (D5),variante (b) de la population ; parts d’accès de 2022 gardées à chaque palier
Préfecture,Tchamba,Centrale,2022,Passé,164412.0,13.84,29.39,141656.0,116097.0,C,grille WorldPop 2020 (100 m) ramenée au recensement 2022 ; routes classées (D5),variante (b) de la population ; parts d’accès de 2022 gardées à chaque palier
Préfecture,Tchaoudjo,Centrale,2022,Passé,124918.0,17.79,17.53,102694.0,103019.0,C,grille WorldPop 2020 (100 m) ramenée au recensement 2022 ; routes classées (D5),variante (b) de la population ; parts d’accès de 2022 gardées à chaque palier
Préfecture,Tône,Savanes,2022,Passé,271100.0,20.49,24.43,215556.0,204864.0,C,grille WorldPop 2020 (100 m) ramenée au recensement 2022 ; routes classées (D5),variante (b) de la population ; parts d’accès de 2022 gardées à chaque palier
Préfecture,Vo,Maritime hors Grand Lomé,2022,Passé,199428.0,30.33,41.52,138943.0,116618.0,C,grille WorldPop 2020 (100 m) ramenée au recensement 2022 ; routes classées (D5),variante (b) de la population ; parts d’accès de 2022 gardées à chaque palier
Préfecture,Wawa,Plateaux,2022,Passé,89797.0,30.88,44.23,62066.0,50082.0,C,grille WorldPop 2020 (100 m) ramenée au recensement 2022 ; routes classées (D5),variante (b) de la population ; parts d’accès de 2022 gardées à chaque palier
Préfecture,Yoto,Maritime hors Grand Lomé,2022,Passé,137890.0,9.96,15.27,124157.0,116828.0,C,grille WorldPop 2020 (100 m) ramenée au recensement 2022 ; routes classées (D5),variante (b) de la population ; parts d’accès de 2022 gardées à chaque palier
Préfecture,Zio,Maritime hors Grand Lomé,2022,Passé,423171.0,15.2,32.1,358854.0,287333.0,C,grille WorldPop 2020 (100 m) ramenée au recensement 2022 ; routes classées (D5),variante (b) de la population ; parts d’accès de 2022 gardées à chaque palier
Zone,Centrale,Centrale,2022,Passé,592422.0,13.19,25.12,514276.0,443605.0,C,grille WorldPop 2020 (100 m) ramenée au recensement 2022 ; routes classées (D5),variante (b) de la population ; parts d’accès de 2022 gardées à chaque palier
Zone,Grand Lomé,Grand Lomé,2022,Passé,0.0,,,0.0,0.0,C,grille WorldPop 2020 (100 m) ramenée au recensement 2022 ; routes classées (D5),variante (b) de la population ; parts d’accès de 2022 gardées à chaque palier
Zone,Kara,Kara,2022,Passé,700697.0,17.49,23.65,578139.0,535014.0,C,grille WorldPop 2020 (100 m) ramenée au recensement 2022 ; routes classées (D5),variante (b) de la population ; parts d’accès de 2022 gardées à chaque palier
Zone,Maritime hors Grand Lomé,Maritime hors Grand Lomé,2022,Passé,1161337.0,23.14,39.55,892565.0,702028.0,C,grille WorldPop 2020 (100 m) ramenée au recensement 2022 ; routes classées (D5),variante (b) de la population ; parts d’accès de 2022 gardées à chaque palier
Zone,Plateaux,Plateaux,2022,Passé,1266569.0,13.55,21.26,1094908.0,997318.0,C,grille WorldPop 2020 (100 m) ramenée au recensement 2022 ; routes classées (D5),variante (b) de la population ; parts d’accès de 2022 gardées à chaque palier
Zone,Savanes,Savanes,2022,Passé,900681.0,16.93,23.37,748163.0,690203.0,C,grille WorldPop 2020 (100 m) ramenée au recensement 2022 ; routes classées (D5),variante (b) de la population ; parts d’accès de 2022 gardées à chaque palier
Pays,Togo,,2022,Passé,4621706.0,17.17,27.12,3828051.0,3368169.0,C,grille WorldPop 2020 (100 m) ramenée au recensement 2022 ; routes classées (D5),variante (b) de la population ; parts d’accès de 2022 gardées à chaque palier
Préfecture,Agou,Plateaux,2026,Actuel,85629.0,25.63,44.06,63680.0,47900.0,C,grille WorldPop 2020 (100 m) ramenée au recensement 2022 ; routes classées (D5),variante (b) de la population ; parts d’accès de 2022 gardées à chaque palier
Préfecture,Agoè-Nyivé,Grand Lomé,2026,Actuel,0.0,,,0.0,0.0,C,grille WorldPop 2020 (100 m) ramenée au recensement 2022 ; routes classées (D5),variante (b) de la population ; parts d’accès de 2022 gardées à chaque palier
Préfecture,Akébou,Plateaux,2026,Actuel,69474.0,0.55,1.33,69091.0,68552.0,C,grille WorldPop 2020 (100 m) ramenée au recensement 2022 ; routes classées (D5),variante (b) de la population ; parts d’accès de 2022 gardées à chaque palier
Préfecture,Amou,Plateaux,2026,Actuel,111913.0,12.35,39.6,98089.0,67594.0,C,grille WorldPop 2020 (100 m) ramenée au recensement 2022 ; routes classées (D5),variante (b) de la population ; parts d’accès de 2022 gardées à chaque palier
Préfecture,Anié,Plateaux,2026,Actuel,125525.0,5.17,2.33,119030.0,122594.0,C,grille WorldPop 2020 (100 m) ramenée au recensement 2022 ; routes classées (D5),variante (b) de la population ; parts d’accès de 2022 gardées à chaque palier
Préfecture,Assoli,Kara,2026,Actuel,46191.0,14.73,28.81,39387.0,32883.0,C,grille WorldPop 2020 (100 m) ramenée au recensement 2022 ; routes classées (D5),variante (b) de la population ; parts d’accès de 2022 gardées à chaque palier
Préfecture,Avé,Maritime hors Grand Lomé,2026,Actuel,116842.0,21.27,46.47,91993.0,62548.0,C,grille WorldPop 2020 (100 m) ramenée au recensement 2022 ; routes classées (D5),variante (b) de la population ; parts d’accès de 2022 gardées à chaque palier
Préfecture,Bas-Mono,Maritime hors Grand Lomé,2026,Actuel,90161.0,12.44,19.45,78941.0,72624.0,C,grille WorldPop 2020 (100 m) ramenée au recensement 2022 ; routes classées (D5),variante (b) de la population ; parts d’accès de 2022 gardées à chaque palier
Préfecture,Bassar,Kara,2026,Actuel,128430.0,13.41,22.84,111204.0,99091.0,C,grille WorldPop 2020 (100 m) ramenée au recensement 2022 ; routes classées (D5),variante (b) de la population ; parts d’accès de 2022 gardées à chaque palier
Préfecture,Binah,Kara,2026,Actuel,82894.0,14.46,35.85,70907.0,53179.0,C,grille WorldPop 2020 (100 m) ramenée au recensement 2022 ; routes classées (D5),variante (b) de la population ; parts d’accès de 2022 gardées à chaque palier
Préfecture,Blitta,Centrale,2026,Actuel,164879.0,14.75,41.97,140552.0,95687.0,C,grille WorldPop 2020 (100 m) ramenée au recensement 2022 ; routes classées (D5),variante (b) de la population ; parts d’accès de 2022 gardées à chaque palier
Préfecture,Cinkassé,Savanes,2026,Actuel,79896.0,31.81,24.33,54482.0,60457.0,C,grille WorldPop 2020 (100 m) ramenée au recensement 2022 ; routes classées (D5),variante (b) de la population ; parts d’accès de 2022 gardées à chaque palier
Préfecture,Dankpen,Kara,2026,Actuel,178876.0,6.71,10.41,166873.0,160258.0,C,grille WorldPop 2020 (100 m) ramenée au recensement 2022 ; routes classées (D5),variante (b) de la population ; parts d’accès de 2022 gardées à chaque palier
Préfecture,Danyi,Plateaux,2026,Actuel,35383.0,25.52,32.25,26352.0,23970.0,C,grille WorldPop 2020 (100 m) ramenée au recensement 2022 ; routes classées (D5),variante (b) de la population ; parts d’accès de 2022 gardées à chaque palier
Préfecture,Doufelgou,Kara,2026,Actuel,62250.0,22.15,20.86,48460.0,49266.0,C,grille WorldPop 2020 (100 m) ramenée au recensement 2022 ; routes classées (D5),variante (b) de la population ; parts d’accès de 2022 gardées à chaque palier
Préfecture,Est-Mono,Plateaux,2026,Actuel,161572.0,1.64,2.29,158916.0,157870.0,C,grille WorldPop 2020 (100 m) ramenée au recensement 2022 ; routes classées (D5),variante (b) de la population ; parts d’accès de 2022 gardées à chaque palier
Préfecture,Golfe,Grand Lomé,2026,Actuel,0.0,,,0.0,0.0,C,grille WorldPop 2020 (100 m) ramenée au recensement 2022 ; routes classées (D5),variante (b) de la population ; parts d’accès de 2022 gardées à chaque palier
Préfecture,Haho,Plateaux,2026,Actuel,269784.0,12.41,20.93,236304.0,213325.0,C,grille WorldPop 2020 (100 m) ramenée au recensement 2022 ; routes classées (D5),variante (b) de la population ; parts d’accès de 2022 gardées à chaque palier
Préfecture,Kloto,Plateaux,2026,Actuel,61670.0,41.88,37.54,35843.0,38521.0,C,grille WorldPop 2020 (100 m) ramenée au recensement 2022 ; routes classées (D5),variante (b) de la population ; parts d’accès de 2022 gardées à chaque palier
Préfecture,Kozah,Kara,2026,Actuel,135709.0,43.11,43.35,77203.0,76884.0,C,grille WorldPop 2020 (100 m) ramenée au recensement 2022 ; routes classées (D5),variante (b) de la population ; parts d’accès de 2022 gardées à chaque palier
Préfecture,Kpendjal,Savanes,2026,Actuel,89316.0,14.56,21.15,76316.0,70422.0,C,grille WorldPop 2020 (100 m) ramenée au recensement 2022 ; routes classées (D5),variante (b) de la population ; parts d’accès de 2022 gardées à chaque palier
Préfecture,Kpendjal-Ouest,Savanes,2026,Actuel,129545.0,20.04,34.14,103587.0,85324.0,C,grille WorldPop 2020 (100 m) ramenée au recensement 2022 ; routes classées (D5),variante (b) de la population ; parts d’accès de 2022 gardées à chaque palier
Préfecture,Kpélé,Plateaux,2026,Actuel,69348.0,16.39,43.04,57984.0,39502.0,C,grille WorldPop 2020 (100 m) ramenée au recensement 2022 ; routes classées (D5),variante (b) de la population ; parts d’accès de 2022 gardées à chaque palier
Préfecture,Kéran,Kara,2026,Actuel,122452.0,9.84,13.2,110399.0,106295.0,C,grille WorldPop 2020 (100 m) ramenée au recensement 2022 ; routes classées (D5),variante (b) de la population ; parts d’accès de 2022 gardées à chaque palier
Préfecture,Lacs,Maritime hors Grand Lomé,2026,Actuel,234742.0,45.78,72.49,127287.0,64569.0,C,grille WorldPop 2020 (100 m) ramenée au recensement 2022 ; routes classées (D5),variante (b) de la population ; parts d’accès de 2022 gardées à chaque palier
Préfecture,Moyen-Mono,Plateaux,2026,Actuel,86398.0,7.8,17.5,79658.0,71278.0,C,grille WorldPop 2020 (100 m) ramenée au recensement 2022 ; routes classées (D5),variante (b) de la population ; parts d’accès de 2022 gardées à chaque palier
Préfecture,Mô,Centrale,2026,Actuel,47979.0,0.0,0.0,47979.0,47979.0,C,grille WorldPop 2020 (100 m) ramenée au recensement 2022 ; routes classées (D5),variante (b) de la population ; parts d’accès de 2022 gardées à chaque palier
Préfecture,Ogou,Plateaux,2026,Actuel,163665.0,12.19,9.99,143707.0,147316.0,C,grille WorldPop 2020 (100 m) ramenée au recensement 2022 ; routes classées (D5),variante (b) de la population ; parts d’accès de 2022 gardées à chaque palier
Préfecture,Oti,Savanes,2026,Actuel,99755.0,13.43,15.55,86358.0,84240.0,C,grille WorldPop 2020 (100 m) ramenée au recensement 2022 ; routes classées (D5),variante (b) de la population ; parts d’accès de 2022 gardées à chaque palier
Préfecture,Oti-Sud,Savanes,2026,Actuel,148463.0,9.84,17.18,133848.0,122961.0,C,grille WorldPop 2020 (100 m) ramenée au recensement 2022 ; routes classées (D5),variante (b) de la population ; parts d’accès de 2022 gardées à chaque palier
Préfecture,Sotouboua,Centrale,2026,Actuel,115145.0,10.04,13.78,103580.0,99274.0,C,grille WorldPop 2020 (100 m) ramenée au recensement 2022 ; routes classées (D5),variante (b) de la population ; parts d’accès de 2022 gardées à chaque palier
Préfecture,Tandjoaré,Savanes,2026,Actuel,150403.0,9.99,24.07,135370.0,114199.0,C,grille WorldPop 2020 (100 m) ramenée au recensement 2022 ; routes classées (D5),variante (b) de la population ; parts d’accès de 2022 gardées à chaque palier
Préfecture,Tchamba,Centrale,2026,Actuel,177925.0,13.84,29.39,153299.0,125639.0,C,grille WorldPop 2020 (100 m) ramenée au recensement 2022 ; routes classées (D5),variante (b) de la population ; parts d’accès de 2022 gardées à chaque palier
Préfecture,Tchaoudjo,Centrale,2026,Actuel,135185.0,17.79,17.53,111134.0,111487.0,C,grille WorldPop 2020 (100 m) ramenée au recensement 2022 ; routes classées (D5),variante (b) de la population ; parts d’accès de 2022 gardées à chaque palier
Préfecture,Tône,Savanes,2026,Actuel,300294.0,20.49,24.43,238768.0,226925.0,C,grille WorldPop 2020 (100 m) ramenée au recensement 2022 ; routes classées (D5),variante (b) de la population ; parts d’accès de 2022 gardées à chaque palier
Préfecture,Vo,Maritime hors Grand Lomé,2026,Actuel,219775.0,30.33,41.52,153119.0,128516.0,C,grille WorldPop 2020 (100 m) ramenée au recensement 2022 ; routes classées (D5),variante (b) de la population ; parts d’accès de 2022 gardées à chaque palier
Préfecture,Wawa,Plateaux,2026,Actuel,94649.0,30.88,44.23,65420.0,52788.0,C,grille WorldPop 2020 (100 m) ramenée au recensement 2022 ; routes classées (D5),variante (b) de la population ; parts d’accès de 2022 gardées à chaque palier
Préfecture,Yoto,Maritime hors Grand Lomé,2026,Actuel,151958.0,9.96,15.27,136825.0,128747.0,C,grille WorldPop 2020 (100 m) ramenée au recensement 2022 ; routes classées (D5),variante (b) de la population ; parts d’accès de 2022 gardées à chaque palier
Préfecture,Zio,Maritime hors Grand Lomé,2026,Actuel,466346.0,15.2,32.1,395466.0,316649.0,C,grille WorldPop 2020 (100 m) ramenée au recensement 2022 ; routes classées (D5),variante (b) de la population ; parts d’accès de 2022 gardées à chaque palier
Zone,Centrale,Centrale,2026,Actuel,641114.0,13.19,25.12,556545.0,480065.0,C,grille WorldPop 2020 (100 m) ramenée au recensement 2022 ; routes classées (D5),variante (b) de la population ; parts d’accès de 2022 gardées à chaque palier
Zone,Grand Lomé,Grand Lomé,2026,Actuel,0.0,,,0.0,0.0,C,grille WorldPop 2020 (100 m) ramenée au recensement 2022 ; routes classées (D5),variante (b) de la population ; parts d’accès de 2022 gardées à chaque palier
Zone,Kara,Kara,2026,Actuel,756803.0,17.49,23.65,624432.0,577854.0,C,grille WorldPop 2020 (100 m) ramenée au recensement 2022 ; routes classées (D5),variante (b) de la population ; parts d’accès de 2022 gardées à chaque palier
Zone,Maritime hors Grand Lomé,Maritime hors Grand Lomé,2026,Actuel,1279824.0,23.14,39.55,983630.0,773653.0,C,grille WorldPop 2020 (100 m) ramenée au recensement 2022 ; routes classées (D5),variante (b) de la population ; parts d’accès de 2022 gardées à chaque palier
Zone,Plateaux,Plateaux,2026,Actuel,1335011.0,13.55,21.26,1154073.0,1051210.0,C,grille WorldPop 2020 (100 m) ramenée au recensement 2022 ; routes classées (D5),variante (b) de la population ; parts d’accès de 2022 gardées à chaque palier
Zone,Savanes,Savanes,2026,Actuel,997671.0,16.93,23.37,828730.0,764528.0,C,grille WorldPop 2020 (100 m) ramenée au recensement 2022 ; routes classées (D5),variante (b) de la population ; parts d’accès de 2022 gardées à chaque palier
Pays,Togo,,2026,Actuel,5010423.0,17.22,27.21,4147410.0,3647311.0,C,grille WorldPop 2020 (100 m) ramenée au recensement 2022 ; routes classées (D5),variante (b) de la population ; parts d’accès de 2022 gardées à chaque palier
Préfecture,Agou,Plateaux,2027,+1 an,86770.0,25.63,44.06,64529.0,48538.0,C,grille WorldPop 2020 (100 m) ramenée au recensement 2022 ; routes classées (D5),variante (b) de la population ; parts d’accès de 2022 gardées à chaque palier
Préfecture,Agoè-Nyivé,Grand Lomé,2027,+1 an,0.0,,,0.0,0.0,C,grille WorldPop 2020 (100 m) ramenée au recensement 2022 ; routes classées (D5),variante (b) de la population ; parts d’accès de 2022 gardées à chaque palier
Préfecture,Akébou,Plateaux,2027,+1 an,70399.0,0.55,1.33,70011.0,69466.0,C,grille WorldPop 2020 (100 m) ramenée au recensement 2022 ; routes classées (D5),variante (b) de la population ; parts d’accès de 2022 gardées à chaque palier
Préfecture,Amou,Plateaux,2027,+1 an,113405.0,12.35,39.6,99396.0,68494.0,C,grille WorldPop 2020 (100 m) ramenée au recensement 2022 ; routes classées (D5),variante (b) de la population ; parts d’accès de 2022 gardées à chaque palier
Préfecture,Anié,Plateaux,2027,+1 an,127198.0,5.17,2.33,120616.0,124228.0,C,grille WorldPop 2020 (100 m) ramenée au recensement 2022 ; routes classées (D5),variante (b) de la population ; parts d’accès de 2022 gardées à chaque palier
Préfecture,Assoli,Kara,2027,+1 an,47093.0,14.73,28.81,40156.0,33525.0,C,grille WorldPop 2020 (100 m) ramenée au recensement 2022 ; routes classées (D5),variante (b) de la population ; parts d’accès de 2022 gardées à chaque palier
Préfecture,Avé,Maritime hors Grand Lomé,2027,+1 an,119724.0,21.27,46.47,94262.0,64091.0,C,grille WorldPop 2020 (100 m) ramenée au recensement 2022 ; routes classées (D5),variante (b) de la population ; parts d’accès de 2022 gardées à chaque palier
Préfecture,Bas-Mono,Maritime hors Grand Lomé,2027,+1 an,92385.0,12.44,19.45,80888.0,74415.0,C,grille WorldPop 2020 (100 m) ramenée au recensement 2022 ; routes classées (D5),variante (b) de la population ; parts d’accès de 2022 gardées à chaque palier
Préfecture,Bassar,Kara,2027,+1 an,130938.0,13.41,22.84,113376.0,101026.0,C,grille WorldPop 2020 (100 m) ramenée au recensement 2022 ; routes classées (D5),variante (b) de la population ; parts d’accès de 2022 gardées à chaque palier
Préfecture,Binah,Kara,2027,+1 an,84513.0,14.46,35.85,72291.0,54217.0,C,grille WorldPop 2020 (100 m) ramenée au recensement 2022 ; routes classées (D5),variante (b) de la population ; parts d’accès de 2022 gardées à chaque palier
Préfecture,Blitta,Centrale,2027,+1 an,168181.0,14.75,41.97,143366.0,97603.0,C,grille WorldPop 2020 (100 m) ramenée au recensement 2022 ; routes classées (D5),variante (b) de la population ; parts d’accès de 2022 gardées à chaque palier
Préfecture,Cinkassé,Savanes,2027,+1 an,81972.0,31.81,24.33,55897.0,62028.0,C,grille WorldPop 2020 (100 m) ramenée au recensement 2022 ; routes classées (D5),variante (b) de la population ; parts d’accès de 2022 gardées à chaque palier
Préfecture,Dankpen,Kara,2027,+1 an,182369.0,6.71,10.41,170131.0,163387.0,C,grille WorldPop 2020 (100 m) ramenée au recensement 2022 ; routes classées (D5),variante (b) de la population ; parts d’accès de 2022 gardées à chaque palier
Préfecture,Danyi,Plateaux,2027,+1 an,35854.0,25.52,32.25,26703.0,24290.0,C,grille WorldPop 2020 (100 m) ramenée au recensement 2022 ; routes classées (D5),variante (b) de la population ; parts d’accès de 2022 gardées à chaque palier
Préfecture,Doufelgou,Kara,2027,+1 an,63465.0,22.15,20.86,49406.0,50228.0,C,grille WorldPop 2020 (100 m) ramenée au recensement 2022 ; routes classées (D5),variante (b) de la population ; parts d’accès de 2022 gardées à chaque palier
Préfecture,Est-Mono,Plateaux,2027,+1 an,163725.0,1.64,2.29,161034.0,159974.0,C,grille WorldPop 2020 (100 m) ramenée au recensement 2022 ; routes classées (D5),variante (b) de la population ; parts d’accès de 2022 gardées à chaque palier
Préfecture,Golfe,Grand Lomé,2027,+1 an,0.0,,,0.0,0.0,C,grille WorldPop 2020 (100 m) ramenée au recensement 2022 ; routes classées (D5),variante (b) de la population ; parts d’accès de 2022 gardées à chaque palier
Préfecture,Haho,Plateaux,2027,+1 an,273379.0,12.41,20.93,239452.0,216167.0,C,grille WorldPop 2020 (100 m) ramenée au recensement 2022 ; routes classées (D5),variante (b) de la population ; parts d’accès de 2022 gardées à chaque palier
Préfecture,Kloto,Plateaux,2027,+1 an,62491.0,41.88,37.54,36321.0,39034.0,C,grille WorldPop 2020 (100 m) ramenée au recensement 2022 ; routes classées (D5),variante (b) de la population ; parts d’accès de 2022 gardées à chaque palier
Préfecture,Kozah,Kara,2027,+1 an,138359.0,43.11,43.35,78711.0,78385.0,C,grille WorldPop 2020 (100 m) ramenée au recensement 2022 ; routes classées (D5),variante (b) de la population ; parts d’accès de 2022 gardées à chaque palier
Préfecture,Kpendjal,Savanes,2027,+1 an,91636.0,14.56,21.15,78299.0,72252.0,C,grille WorldPop 2020 (100 m) ramenée au recensement 2022 ; routes classées (D5),variante (b) de la population ; parts d’accès de 2022 gardées à chaque palier
Préfecture,Kpendjal-Ouest,Savanes,2027,+1 an,132910.0,20.04,34.14,106278.0,87541.0,C,grille WorldPop 2020 (100 m) ramenée au recensement 2022 ; routes classées (D5),variante (b) de la population ; parts d’accès de 2022 gardées à chaque palier
Préfecture,Kpélé,Plateaux,2027,+1 an,70272.0,16.39,43.04,58756.0,40029.0,C,grille WorldPop 2020 (100 m) ramenée au recensement 2022 ; routes classées (D5),variante (b) de la population ; parts d’accès de 2022 gardées à chaque palier
Préfecture,Kéran,Kara,2027,+1 an,124843.0,9.84,13.2,112554.0,108370.0,C,grille WorldPop 2020 (100 m) ramenée au recensement 2022 ; routes classées (D5),variante (b) de la population ; parts d’accès de 2022 gardées à chaque palier
Préfecture,Lacs,Maritime hors Grand Lomé,2027,+1 an,240532.0,45.78,72.49,130427.0,66162.0,C,grille WorldPop 2020 (100 m) ramenée au recensement 2022 ; routes classées (D5),variante (b) de la population ; parts d’accès de 2022 gardées à chaque palier
Préfecture,Moyen-Mono,Plateaux,2027,+1 an,87550.0,7.8,17.5,80719.0,72227.0,C,grille WorldPop 2020 (100 m) ramenée au recensement 2022 ; routes classées (D5),variante (b) de la population ; parts d’accès de 2022 gardées à chaque palier
Préfecture,Mô,Centrale,2027,+1 an,48940.0,0.0,0.0,48940.0,48940.0,C,grille WorldPop 2020 (100 m) ramenée au recensement 2022 ; routes classées (D5),variante (b) de la population ; parts d’accès de 2022 gardées à chaque palier
Préfecture,Ogou,Plateaux,2027,+1 an,165845.0,12.19,9.99,145622.0,149279.0,C,grille WorldPop 2020 (100 m) ramenée au recensement 2022 ; routes classées (D5),variante (b) de la population ; parts d’accès de 2022 gardées à chaque palier
Préfecture,Oti,Savanes,2027,+1 an,102346.0,13.43,15.55,88601.0,86429.0,C,grille WorldPop 2020 (100 m) ramenée au recensement 2022 ; routes classées (D5),variante (b) de la population ; parts d’accès de 2022 gardées à chaque palier
Préfecture,Oti-Sud,Savanes,2027,+1 an,152320.0,9.84,17.18,137326.0,126155.0,C,grille WorldPop 2020 (100 m) ramenée au recensement 2022 ; routes classées (D5),variante (b) de la population ; parts d’accès de 2022 gardées à chaque palier
Préfecture,Sotouboua,Centrale,2027,+1 an,117451.0,10.04,13.78,105655.0,101262.0,C,grille WorldPop 2020 (100 m) ramenée au recensement 2022 ; routes classées (D5),variante (b) de la population ; parts d’accès de 2022 gardées à chaque palier
Préfecture,Tandjoaré,Savanes,2027,+1 an,154310.0,9.99,24.07,138887.0,117166.0,C,grille WorldPop 2020 (100 m) ramenée au recensement 2022 ; routes classées (D5),variante (b) de la population ; parts d’accès de 2022 gardées à chaque palier
Préfecture,Tchamba,Centrale,2027,+1 an,181488.0,13.84,29.39,156369.0,128155.0,C,grille WorldPop 2020 (100 m) ramenée au recensement 2022 ; routes classées (D5),variante (b) de la population ; parts d’accès de 2022 gardées à chaque palier
Préfecture,Tchaoudjo,Centrale,2027,+1 an,137892.0,17.79,17.53,113360.0,113719.0,C,grille WorldPop 2020 (100 m) ramenée au recensement 2022 ; routes classées (D5),variante (b) de la population ; parts d’accès de 2022 gardées à chaque palier
Préfecture,Tône,Savanes,2027,+1 an,308095.0,20.49,24.43,244972.0,232820.0,C,grille WorldPop 2020 (100 m) ramenée au recensement 2022 ; routes classées (D5),variante (b) de la population ; parts d’accès de 2022 gardées à chaque palier
Préfecture,Vo,Maritime hors Grand Lomé,2027,+1 an,225196.0,30.33,41.52,156896.0,131686.0,C,grille WorldPop 2020 (100 m) ramenée au recensement 2022 ; routes classées (D5),variante (b) de la population ; parts d’accès de 2022 gardées à chaque palier
Préfecture,Wawa,Plateaux,2027,+1 an,95911.0,30.88,44.23,66292.0,53492.0,C,grille WorldPop 2020 (100 m) ramenée au recensement 2022 ; routes classées (D5),variante (b) de la population ; parts d’accès de 2022 gardées à chaque palier
Préfecture,Yoto,Maritime hors Grand Lomé,2027,+1 an,155707.0,9.96,15.27,140200.0,131923.0,C,grille WorldPop 2020 (100 m) ramenée au recensement 2022 ; routes classées (D5),variante (b) de la population ; parts d’accès de 2022 gardées à chaque palier
Préfecture,Zio,Maritime hors Grand Lomé,2027,+1 an,477849.0,15.2,32.1,405221.0,324459.0,C,grille WorldPop 2020 (100 m) ramenée au recensement 2022 ; routes classées (D5),variante (b) de la population ; parts d’accès de 2022 gardées à chaque palier
Zone,Centrale,Centrale,2027,+1 an,653952.0,13.19,25.12,567689.0,489678.0,C,grille WorldPop 2020 (100 m) ramenée au recensement 2022 ; routes classées (D5),variante (b) de la population ; parts d’accès de 2022 gardées à chaque palier
Zone,Grand Lomé,Grand Lomé,2027,+1 an,0.0,,,0.0,0.0,C,grille WorldPop 2020 (100 m) ramenée au recensement 2022 ; routes classées (D5),variante (b) de la population ; parts d’accès de 2022 gardées à chaque palier
Zone,Kara,Kara,2027,+1 an,771580.0,17.49,23.65,636624.0,589137.0,C,grille WorldPop 2020 (100 m) ramenée au recensement 2022 ; routes classées (D5),variante (b) de la population ; parts d’accès de 2022 gardées à chaque palier
Zone,Maritime hors Grand Lomé,Maritime hors Grand Lomé,2027,+1 an,1311393.0,23.14,39.55,1007893.0,792737.0,C,grille WorldPop 2020 (100 m) ramenée au recensement 2022 ; routes classées (D5),variante (b) de la population ; parts d’accès de 2022 gardées à chaque palier
Zone,Plateaux,Plateaux,2027,+1 an,1352799.0,13.55,21.26,1169451.0,1065217.0,C,grille WorldPop 2020 (100 m) ramenée au recensement 2022 ; routes classées (D5),variante (b) de la population ; parts d’accès de 2022 gardées à chaque palier
Zone,Savanes,Savanes,2027,+1 an,1023591.0,16.93,23.37,850260.0,784390.0,C,grille WorldPop 2020 (100 m) ramenée au recensement 2022 ; routes classées (D5),variante (b) de la population ; parts d’accès de 2022 gardées à chaque palier
Pays,Togo,,2027,+1 an,5113315.0,17.24,27.23,4231918.0,3721160.0,C,grille WorldPop 2020 (100 m) ramenée au recensement 2022 ; routes classées (D5),variante (b) de la population ; parts d’accès de 2022 gardées à chaque palier
Préfecture,Agou,Plateaux,2029,+3 ans,88994.0,25.63,44.06,66183.0,49782.0,C,grille WorldPop 2020 (100 m) ramenée au recensement 2022 ; routes classées (D5),variante (b) de la population ; parts d’accès de 2022 gardées à chaque palier
Préfecture,Agoè-Nyivé,Grand Lomé,2029,+3 ans,0.0,,,0.0,0.0,C,grille WorldPop 2020 (100 m) ramenée au recensement 2022 ; routes classées (D5),variante (b) de la population ; parts d’accès de 2022 gardées à chaque palier
Préfecture,Akébou,Plateaux,2029,+3 ans,72204.0,0.55,1.33,71806.0,71246.0,C,grille WorldPop 2020 (100 m) ramenée au recensement 2022 ; routes classées (D5),variante (b) de la population ; parts d’accès de 2022 gardées à chaque palier
Préfecture,Amou,Plateaux,2029,+3 ans,116311.0,12.35,39.6,101944.0,70250.0,C,grille WorldPop 2020 (100 m) ramenée au recensement 2022 ; routes classées (D5),variante (b) de la population ; parts d’accès de 2022 gardées à chaque palier
Préfecture,Anié,Plateaux,2029,+3 ans,130458.0,5.17,2.33,123708.0,127412.0,C,grille WorldPop 2020 (100 m) ramenée au recensement 2022 ; routes classées (D5),variante (b) de la population ; parts d’accès de 2022 gardées à chaque palier
Préfecture,Assoli,Kara,2029,+3 ans,48893.0,14.73,28.81,41690.0,34806.0,C,grille WorldPop 2020 (100 m) ramenée au recensement 2022 ; routes classées (D5),variante (b) de la population ; parts d’accès de 2022 gardées à chaque palier
Préfecture,Avé,Maritime hors Grand Lomé,2029,+3 ans,125557.0,21.27,46.47,98854.0,67214.0,C,grille WorldPop 2020 (100 m) ramenée au recensement 2022 ; routes classées (D5),variante (b) de la population ; parts d’accès de 2022 gardées à chaque palier
Préfecture,Bas-Mono,Maritime hors Grand Lomé,2029,+3 ans,96886.0,12.44,19.45,84829.0,78041.0,C,grille WorldPop 2020 (100 m) ramenée au recensement 2022 ; routes classées (D5),variante (b) de la population ; parts d’accès de 2022 gardées à chaque palier
Préfecture,Bassar,Kara,2029,+3 ans,135942.0,13.41,22.84,117709.0,104887.0,C,grille WorldPop 2020 (100 m) ramenée au recensement 2022 ; routes classées (D5),variante (b) de la population ; parts d’accès de 2022 gardées à chaque palier
Préfecture,Binah,Kara,2029,+3 ans,87743.0,14.46,35.85,75054.0,56289.0,C,grille WorldPop 2020 (100 m) ramenée au recensement 2022 ; routes classées (D5),variante (b) de la population ; parts d’accès de 2022 gardées à chaque palier
Préfecture,Blitta,Centrale,2029,+3 ans,174780.0,14.75,41.97,148992.0,101433.0,C,grille WorldPop 2020 (100 m) ramenée au recensement 2022 ; routes classées (D5),variante (b) de la population ; parts d’accès de 2022 gardées à chaque palier
Préfecture,Cinkassé,Savanes,2029,+3 ans,86186.0,31.81,24.33,58771.0,65217.0,C,grille WorldPop 2020 (100 m) ramenée au recensement 2022 ; routes classées (D5),variante (b) de la population ; parts d’accès de 2022 gardées à chaque palier
Préfecture,Dankpen,Kara,2029,+3 ans,189339.0,6.71,10.41,176633.0,169632.0,C,grille WorldPop 2020 (100 m) ramenée au recensement 2022 ; routes classées (D5),variante (b) de la population ; parts d’accès de 2022 gardées à chaque palier
Préfecture,Danyi,Plateaux,2029,+3 ans,36773.0,25.52,32.25,27388.0,24912.0,C,grille WorldPop 2020 (100 m) ramenée au recensement 2022 ; routes classées (D5),variante (b) de la population ; parts d’accès de 2022 gardées à chaque palier
Préfecture,Doufelgou,Kara,2029,+3 ans,65891.0,22.15,20.86,51294.0,52147.0,C,grille WorldPop 2020 (100 m) ramenée au recensement 2022 ; routes classées (D5),variante (b) de la population ; parts d’accès de 2022 gardées à chaque palier
Préfecture,Est-Mono,Plateaux,2029,+3 ans,167922.0,1.64,2.29,165161.0,164074.0,C,grille WorldPop 2020 (100 m) ramenée au recensement 2022 ; routes classées (D5),variante (b) de la population ; parts d’accès de 2022 gardées à chaque palier
Préfecture,Golfe,Grand Lomé,2029,+3 ans,0.0,,,0.0,0.0,C,grille WorldPop 2020 (100 m) ramenée au recensement 2022 ; routes classées (D5),variante (b) de la population ; parts d’accès de 2022 gardées à chaque palier
Préfecture,Haho,Plateaux,2029,+3 ans,280386.0,12.41,20.93,245590.0,221708.0,C,grille WorldPop 2020 (100 m) ramenée au recensement 2022 ; routes classées (D5),variante (b) de la population ; parts d’accès de 2022 gardées à chaque palier
Préfecture,Kloto,Plateaux,2029,+3 ans,64093.0,41.88,37.54,37252.0,40035.0,C,grille WorldPop 2020 (100 m) ramenée au recensement 2022 ; routes classées (D5),variante (b) de la population ; parts d’accès de 2022 gardées à chaque palier
Préfecture,Kozah,Kara,2029,+3 ans,143647.0,43.11,43.35,81719.0,81381.0,C,grille WorldPop 2020 (100 m) ramenée au recensement 2022 ; routes classées (D5),variante (b) de la population ; parts d’accès de 2022 gardées à chaque palier
Préfecture,Kpendjal,Savanes,2029,+3 ans,96347.0,14.56,21.15,82324.0,75966.0,C,grille WorldPop 2020 (100 m) ramenée au recensement 2022 ; routes classées (D5),variante (b) de la population ; parts d’accès de 2022 gardées à chaque palier
Préfecture,Kpendjal-Ouest,Savanes,2029,+3 ans,139743.0,20.04,34.14,111742.0,92041.0,C,grille WorldPop 2020 (100 m) ramenée au recensement 2022 ; routes classées (D5),variante (b) de la population ; parts d’accès de 2022 gardées à chaque palier
Préfecture,Kpélé,Plateaux,2029,+3 ans,72073.0,16.39,43.04,60262.0,41055.0,C,grille WorldPop 2020 (100 m) ramenée au recensement 2022 ; routes classées (D5),variante (b) de la population ; parts d’accès de 2022 gardées à chaque palier
Préfecture,Kéran,Kara,2029,+3 ans,129615.0,9.84,13.2,116856.0,112512.0,C,grille WorldPop 2020 (100 m) ramenée au recensement 2022 ; routes classées (D5),variante (b) de la population ; parts d’accès de 2022 gardées à chaque palier
Préfecture,Lacs,Maritime hors Grand Lomé,2029,+3 ans,252250.0,45.78,72.49,136781.0,69385.0,C,grille WorldPop 2020 (100 m) ramenée au recensement 2022 ; routes classées (D5),variante (b) de la population ; parts d’accès de 2022 gardées à chaque palier
Préfecture,Moyen-Mono,Plateaux,2029,+3 ans,89794.0,7.8,17.5,82788.0,74079.0,C,grille WorldPop 2020 (100 m) ramenée au recensement 2022 ; routes classées (D5),variante (b) de la population ; parts d’accès de 2022 gardées à chaque palier
Préfecture,Mô,Centrale,2029,+3 ans,50860.0,0.0,0.0,50860.0,50860.0,C,grille WorldPop 2020 (100 m) ramenée au recensement 2022 ; routes classées (D5),variante (b) de la population ; parts d’accès de 2022 gardées à chaque palier
Préfecture,Ogou,Plateaux,2029,+3 ans,170096.0,12.19,9.99,149354.0,153105.0,C,grille WorldPop 2020 (100 m) ramenée au recensement 2022 ; routes classées (D5),variante (b) de la population ; parts d’accès de 2022 gardées à chaque palier
Préfecture,Oti,Savanes,2029,+3 ans,107608.0,13.43,15.55,93156.0,90872.0,C,grille WorldPop 2020 (100 m) ramenée au recensement 2022 ; routes classées (D5),variante (b) de la population ; parts d’accès de 2022 gardées à chaque palier
Préfecture,Oti-Sud,Savanes,2029,+3 ans,160151.0,9.84,17.18,144385.0,132641.0,C,grille WorldPop 2020 (100 m) ramenée au recensement 2022 ; routes classées (D5),variante (b) de la population ; parts d’accès de 2022 gardées à chaque palier
Préfecture,Sotouboua,Centrale,2029,+3 ans,122059.0,10.04,13.78,109800.0,105235.0,C,grille WorldPop 2020 (100 m) ramenée au recensement 2022 ; routes classées (D5),variante (b) de la population ; parts d’accès de 2022 gardées à chaque palier
Préfecture,Tandjoaré,Savanes,2029,+3 ans,162243.0,9.99,24.07,146027.0,123189.0,C,grille WorldPop 2020 (100 m) ramenée au recensement 2022 ; routes classées (D5),variante (b) de la population ; parts d’accès de 2022 gardées à chaque palier
Préfecture,Tchamba,Centrale,2029,+3 ans,188609.0,13.84,29.39,162504.0,133183.0,C,grille WorldPop 2020 (100 m) ramenée au recensement 2022 ; routes classées (D5),variante (b) de la population ; parts d’accès de 2022 gardées à chaque palier
Préfecture,Tchaoudjo,Centrale,2029,+3 ans,143303.0,17.79,17.53,117808.0,118181.0,C,grille WorldPop 2020 (100 m) ramenée au recensement 2022 ; routes classées (D5),variante (b) de la population ; parts d’accès de 2022 gardées à chaque palier
Préfecture,Tône,Savanes,2029,+3 ans,323934.0,20.49,24.43,257565.0,244789.0,C,grille WorldPop 2020 (100 m) ramenée au recensement 2022 ; routes classées (D5),variante (b) de la population ; parts d’accès de 2022 gardées à chaque palier
Préfecture,Vo,Maritime hors Grand Lomé,2029,+3 ans,236167.0,30.33,41.52,164540.0,138102.0,C,grille WorldPop 2020 (100 m) ramenée au recensement 2022 ; routes classées (D5),variante (b) de la population ; parts d’accès de 2022 gardées à chaque palier
Préfecture,Wawa,Plateaux,2029,+3 ans,98369.0,30.88,44.23,67991.0,54863.0,C,grille WorldPop 2020 (100 m) ramenée au recensement 2022 ; routes classées (D5),variante (b) de la population ; parts d’accès de 2022 gardées à chaque palier
Préfecture,Yoto,Maritime hors Grand Lomé,2029,+3 ans,163293.0,9.96,15.27,147030.0,138350.0,C,grille WorldPop 2020 (100 m) ramenée au recensement 2022 ; routes classées (D5),variante (b) de la population ; parts d’accès de 2022 gardées à chaque palier
Préfecture,Zio,Maritime hors Grand Lomé,2029,+3 ans,501129.0,15.2,32.1,424963.0,340267.0,C,grille WorldPop 2020 (100 m) ramenée au recensement 2022 ; routes classées (D5),variante (b) de la population ; parts d’accès de 2022 gardées à chaque palier
Zone,Centrale,Centrale,2029,+3 ans,679612.0,13.19,25.12,589964.0,508892.0,C,grille WorldPop 2020 (100 m) ramenée au recensement 2022 ; routes classées (D5),variante (b) de la population ; parts d’accès de 2022 gardées à chaque palier
Zone,Grand Lomé,Grand Lomé,2029,+3 ans,0.0,,,0.0,0.0,C,grille WorldPop 2020 (100 m) ramenée au recensement 2022 ; routes classées (D5),variante (b) de la population ; parts d’accès de 2022 gardées à chaque palier
Zone,Kara,Kara,2029,+3 ans,801070.0,17.49,23.65,660956.0,611654.0,C,grille WorldPop 2020 (100 m) ramenée au recensement 2022 ; routes classées (D5),variante (b) de la population ; parts d’accès de 2022 gardées à chaque palier
Zone,Maritime hors Grand Lomé,Maritime hors Grand Lomé,2029,+3 ans,1375283.0,23.14,39.55,1056997.0,831358.0,C,grille WorldPop 2020 (100 m) ramenée au recensement 2022 ; routes classées (D5),variante (b) de la population ; parts d’accès de 2022 gardées à chaque palier
Zone,Plateaux,Plateaux,2029,+3 ans,1387472.0,13.55,21.26,1199425.0,1092520.0,C,grille WorldPop 2020 (100 m) ramenée au recensement 2022 ; routes classées (D5),variante (b) de la population ; parts d’accès de 2022 gardées à chaque palier
Zone,Savanes,Savanes,2029,+3 ans,1076211.0,16.93,23.37,893970.0,824714.0,C,grille WorldPop 2020 (100 m) ramenée au recensement 2022 ; routes classées (D5),variante (b) de la population ; parts d’accès de 2022 gardées à chaque palier
Pays,Togo,,2029,+3 ans,5319648.0,17.26,27.27,4401312.0,3869138.0,C,grille WorldPop 2020 (100 m) ramenée au recensement 2022 ; routes classées (D5),variante (b) de la population ; parts d’accès de 2022 gardées à chaque palier
Préfecture,Agou,Plateaux,2031,+5 ans,91126.0,25.63,44.06,67768.0,50974.0,C,grille WorldPop 2020 (100 m) ramenée au recensement 2022 ; routes classées (D5),variante (b) de la population ; parts d’accès de 2022 gardées à chaque palier
Préfecture,Agoè-Nyivé,Grand Lomé,2031,+5 ans,0.0,,,0.0,0.0,C,grille WorldPop 2020 (100 m) ramenée au recensement 2022 ; routes classées (D5),variante (b) de la population ; parts d’accès de 2022 gardées à chaque palier
Préfecture,Akébou,Plateaux,2031,+5 ans,73933.0,0.55,1.33,73526.0,72953.0,C,grille WorldPop 2020 (100 m) ramenée au recensement 2022 ; routes classées (D5),variante (b) de la population ; parts d’accès de 2022 gardées à chaque palier
Préfecture,Amou,Plateaux,2031,+5 ans,119097.0,12.35,39.6,104386.0,71933.0,C,grille WorldPop 2020 (100 m) ramenée au recensement 2022 ; routes classées (D5),variante (b) de la population ; parts d’accès de 2022 gardées à chaque palier
Préfecture,Anié,Plateaux,2031,+5 ans,133583.0,5.17,2.33,126671.0,130464.0,C,grille WorldPop 2020 (100 m) ramenée au recensement 2022 ; routes classées (D5),variante (b) de la population ; parts d’accès de 2022 gardées à chaque palier
Préfecture,Assoli,Kara,2031,+5 ans,50679.0,14.73,28.81,43213.0,36077.0,C,grille WorldPop 2020 (100 m) ramenée au recensement 2022 ; routes classées (D5),variante (b) de la population ; parts d’accès de 2022 gardées à chaque palier
Préfecture,Avé,Maritime hors Grand Lomé,2031,+5 ans,131459.0,21.27,46.47,103501.0,70373.0,C,grille WorldPop 2020 (100 m) ramenée au recensement 2022 ; routes classées (D5),variante (b) de la population ; parts d’accès de 2022 gardées à chaque palier
Préfecture,Bas-Mono,Maritime hors Grand Lomé,2031,+5 ans,101440.0,12.44,19.45,88816.0,81709.0,C,grille WorldPop 2020 (100 m) ramenée au recensement 2022 ; routes classées (D5),variante (b) de la population ; parts d’accès de 2022 gardées à chaque palier
Préfecture,Bassar,Kara,2031,+5 ans,140907.0,13.41,22.84,122008.0,108718.0,C,grille WorldPop 2020 (100 m) ramenée au recensement 2022 ; routes classées (D5),variante (b) de la population ; parts d’accès de 2022 gardées à chaque palier
Préfecture,Binah,Kara,2031,+5 ans,90948.0,14.46,35.85,77795.0,58345.0,C,grille WorldPop 2020 (100 m) ramenée au recensement 2022 ; routes classées (D5),variante (b) de la population ; parts d’accès de 2022 gardées à chaque palier
Préfecture,Blitta,Centrale,2031,+5 ans,181341.0,14.75,41.97,154585.0,105240.0,C,grille WorldPop 2020 (100 m) ramenée au recensement 2022 ; routes classées (D5),variante (b) de la population ; parts d’accès de 2022 gardées à chaque palier
Préfecture,Cinkassé,Savanes,2031,+5 ans,90468.0,31.81,24.33,61691.0,68457.0,C,grille WorldPop 2020 (100 m) ramenée au recensement 2022 ; routes classées (D5),variante (b) de la population ; parts d’accès de 2022 gardées à chaque palier
Préfecture,Dankpen,Kara,2031,+5 ans,196254.0,6.71,10.41,183084.0,175827.0,C,grille WorldPop 2020 (100 m) ramenée au recensement 2022 ; routes classées (D5),variante (b) de la population ; parts d’accès de 2022 gardées à chaque palier
Préfecture,Danyi,Plateaux,2031,+5 ans,37654.0,25.52,32.25,28044.0,25509.0,C,grille WorldPop 2020 (100 m) ramenée au recensement 2022 ; routes classées (D5),variante (b) de la population ; parts d’accès de 2022 gardées à chaque palier
Préfecture,Doufelgou,Kara,2031,+5 ans,68298.0,22.15,20.86,53168.0,54052.0,C,grille WorldPop 2020 (100 m) ramenée au recensement 2022 ; routes classées (D5),variante (b) de la population ; parts d’accès de 2022 gardées à chaque palier
Préfecture,Est-Mono,Plateaux,2031,+5 ans,171944.0,1.64,2.29,169117.0,168004.0,C,grille WorldPop 2020 (100 m) ramenée au recensement 2022 ; routes classées (D5),variante (b) de la population ; parts d’accès de 2022 gardées à chaque palier
Préfecture,Golfe,Grand Lomé,2031,+5 ans,0.0,,,0.0,0.0,C,grille WorldPop 2020 (100 m) ramenée au recensement 2022 ; routes classées (D5),variante (b) de la population ; parts d’accès de 2022 gardées à chaque palier
Préfecture,Haho,Plateaux,2031,+5 ans,287102.0,12.41,20.93,251472.0,227018.0,C,grille WorldPop 2020 (100 m) ramenée au recensement 2022 ; routes classées (D5),variante (b) de la population ; parts d’accès de 2022 gardées à chaque palier
Préfecture,Kloto,Plateaux,2031,+5 ans,65628.0,41.88,37.54,38144.0,40993.0,C,grille WorldPop 2020 (100 m) ramenée au recensement 2022 ; routes classées (D5),variante (b) de la population ; parts d’accès de 2022 gardées à chaque palier
Préfecture,Kozah,Kara,2031,+5 ans,148893.0,43.11,43.35,84703.0,84353.0,C,grille WorldPop 2020 (100 m) ramenée au recensement 2022 ; routes classées (D5),variante (b) de la population ; parts d’accès de 2022 gardées à chaque palier
Préfecture,Kpendjal,Savanes,2031,+5 ans,101135.0,14.56,21.15,86414.0,79741.0,C,grille WorldPop 2020 (100 m) ramenée au recensement 2022 ; routes classées (D5),variante (b) de la population ; parts d’accès de 2022 gardées à chaque palier
Préfecture,Kpendjal-Ouest,Savanes,2031,+5 ans,146687.0,20.04,34.14,117294.0,96614.0,C,grille WorldPop 2020 (100 m) ramenée au recensement 2022 ; routes classées (D5),variante (b) de la population ; parts d’accès de 2022 gardées à chaque palier
Préfecture,Kpélé,Plateaux,2031,+5 ans,73800.0,16.39,43.04,61706.0,42038.0,C,grille WorldPop 2020 (100 m) ramenée au recensement 2022 ; routes classées (D5),variante (b) de la population ; parts d’accès de 2022 gardées à chaque palier
Préfecture,Kéran,Kara,2031,+5 ans,134348.0,9.84,13.2,121124.0,116621.0,C,grille WorldPop 2020 (100 m) ramenée au recensement 2022 ; routes classées (D5),variante (b) de la population ; parts d’accès de 2022 gardées à chaque palier
Préfecture,Lacs,Maritime hors Grand Lomé,2031,+5 ans,264107.0,45.78,72.49,143210.0,72647.0,C,grille WorldPop 2020 (100 m) ramenée au recensement 2022 ; routes classées (D5),variante (b) de la population ; parts d’accès de 2022 gardées à chaque palier
Préfecture,Moyen-Mono,Plateaux,2031,+5 ans,91944.0,7.8,17.5,84771.0,75853.0,C,grille WorldPop 2020 (100 m) ramenée au recensement 2022 ; routes classées (D5),variante (b) de la population ; parts d’accès de 2022 gardées à chaque palier
Préfecture,Mô,Centrale,2031,+5 ans,52769.0,0.0,0.0,52769.0,52769.0,C,grille WorldPop 2020 (100 m) ramenée au recensement 2022 ; routes classées (D5),variante (b) de la population ; parts d’accès de 2022 gardées à chaque palier
Préfecture,Ogou,Plateaux,2031,+5 ans,174171.0,12.19,9.99,152932.0,156773.0,C,grille WorldPop 2020 (100 m) ramenée au recensement 2022 ; routes classées (D5),variante (b) de la population ; parts d’accès de 2022 gardées à chaque palier
Préfecture,Oti,Savanes,2031,+5 ans,112955.0,13.43,15.55,97785.0,95387.0,C,grille WorldPop 2020 (100 m) ramenée au recensement 2022 ; routes classées (D5),variante (b) de la population ; parts d’accès de 2022 gardées à chaque palier
Préfecture,Oti-Sud,Savanes,2031,+5 ans,168108.0,9.84,17.18,151560.0,139232.0,C,grille WorldPop 2020 (100 m) ramenée au recensement 2022 ; routes classées (D5),variante (b) de la population ; parts d’accès de 2022 gardées à chaque palier
Préfecture,Sotouboua,Centrale,2031,+5 ans,126641.0,10.04,13.78,113922.0,109185.0,C,grille WorldPop 2020 (100 m) ramenée au recensement 2022 ; routes classées (D5),variante (b) de la population ; parts d’accès de 2022 gardées à chaque palier
Préfecture,Tandjoaré,Savanes,2031,+5 ans,170305.0,9.99,24.07,153283.0,129310.0,C,grille WorldPop 2020 (100 m) ramenée au recensement 2022 ; routes classées (D5),variante (b) de la population ; parts d’accès de 2022 gardées à chaque palier
Préfecture,Tchamba,Centrale,2031,+5 ans,195689.0,13.84,29.39,168605.0,138183.0,C,grille WorldPop 2020 (100 m) ramenée au recensement 2022 ; routes classées (D5),variante (b) de la population ; parts d’accès de 2022 gardées à chaque palier
Préfecture,Tchaoudjo,Centrale,2031,+5 ans,148682.0,17.79,17.53,122230.0,122618.0,C,grille WorldPop 2020 (100 m) ramenée au recensement 2022 ; routes classées (D5),variante (b) de la population ; parts d’accès de 2022 gardées à chaque palier
Préfecture,Tône,Savanes,2031,+5 ans,340030.0,20.49,24.43,270363.0,256952.0,C,grille WorldPop 2020 (100 m) ramenée au recensement 2022 ; routes classées (D5),variante (b) de la population ; parts d’accès de 2022 gardées à chaque palier
Préfecture,Vo,Maritime hors Grand Lomé,2031,+5 ans,247268.0,30.33,41.52,172274.0,144593.0,C,grille WorldPop 2020 (100 m) ramenée au recensement 2022 ; routes classées (D5),variante (b) de la population ; parts d’accès de 2022 gardées à chaque palier
Préfecture,Wawa,Plateaux,2031,+5 ans,100725.0,30.88,44.23,69619.0,56177.0,C,grille WorldPop 2020 (100 m) ramenée au recensement 2022 ; routes classées (D5),variante (b) de la population ; parts d’accès de 2022 gardées à chaque palier
Préfecture,Yoto,Maritime hors Grand Lomé,2031,+5 ans,170968.0,9.96,15.27,153941.0,144853.0,C,grille WorldPop 2020 (100 m) ramenée au recensement 2022 ; routes classées (D5),variante (b) de la population ; parts d’accès de 2022 gardées à chaque palier
Préfecture,Zio,Maritime hors Grand Lomé,2031,+5 ans,524684.0,15.2,32.1,444938.0,356261.0,C,grille WorldPop 2020 (100 m) ramenée au recensement 2022 ; routes classées (D5),variante (b) de la population ; parts d’accès de 2022 gardées à chaque palier
Zone,Centrale,Centrale,2031,+5 ans,705123.0,13.19,25.12,612111.0,527995.0,C,grille WorldPop 2020 (100 m) ramenée au recensement 2022 ; routes classées (D5),variante (b) de la population ; parts d’accès de 2022 gardées à chaque palier
Zone,Grand Lomé,Grand Lomé,2031,+5 ans,0.0,,,0.0,0.0,C,grille WorldPop 2020 (100 m) ramenée au recensement 2022 ; routes classées (D5),variante (b) de la population ; parts d’accès de 2022 gardées à chaque palier
Zone,Kara,Kara,2031,+5 ans,830327.0,17.49,23.65,685096.0,633993.0,C,grille WorldPop 2020 (100 m) ramenée au recensement 2022 ; routes classées (D5),variante (b) de la population ; parts d’accès de 2022 gardées à chaque palier
Zone,Maritime hors Grand Lomé,Maritime hors Grand Lomé,2031,+5 ans,1439927.0,23.14,39.55,1106680.0,870436.0,C,grille WorldPop 2020 (100 m) ramenée au recensement 2022 ; routes classées (D5),variante (b) de la population ; parts d’accès de 2022 gardées à chaque palier
Zone,Plateaux,Plateaux,2031,+5 ans,1420708.0,13.55,21.26,1228156.0,1118690.0,C,grille WorldPop 2020 (100 m) ramenée au recensement 2022 ; routes classées (D5),variante (b) de la population ; parts d’accès de 2022 gardées à chaque palier
Zone,Savanes,Savanes,2031,+5 ans,1129687.0,16.93,23.37,938391.0,865694.0,C,grille WorldPop 2020 (100 m) ramenée au recensement 2022 ; routes classées (D5),variante (b) de la population ; parts d’accès de 2022 gardées à chaque palier
Pays,Togo,,2031,+5 ans,5525773.0,17.29,27.31,4570433.0,4016807.0,C,grille WorldPop 2020 (100 m) ramenée au recensement 2022 ; routes classées (D5),variante (b) de la population ; parts d’accès de 2022 gardées à chaque palier
Médiane des zones,uniforme,,2022,Passé,,16.93,,,,C,,"zones sous la médiane : Centrale, Plateaux"
Médiane des zones,grille,,2022,Passé,,,23.65,,,C,,"zones sous la médiane : Plateaux, Savanes"
Conclusion du 10 §4.6,corrigée,,2022,Passé,,,,,,C,,"10 : Centrale, Plateaux ; grille : Plateaux, Savanes ; critère fixé avant le calcul (A1 §6)"
