Code,Type,Énoncé,Ordre de test,Indicateurs utilisés,Méthode de test,Confirmée si,Infirmée si,Conséquence pour la décision,Limite,Preuve attendue
S1,Sujet,Les immatriculations annuelles ont plus que quadruplé en 20 ans,0 — vérification de l’énoncé,"O1-01, O1-03",Multiplicateur I(n) / I(n−20) sur le total des immatriculations annuelles,Multiplicateur ≥ 4,Multiplicateur < 4,"La page d’accueil affiche le multiplicateur mesuré, pas celui de l’énoncé","Flux, pas parc",B
S2,Sujet,Cette hausse est portée par les motos,0 — vérification de l’énoncé,"O1-01, O1-02",Contribution des motos à la hausse : (motos(n) − motos(n−20)) / (total(n) − total(n−20)),Contribution > 50 %,Contribution ≤ 50 %,"Si confirmée, la moto devient la catégorie de référence de O1 et de H1","Flux, pas parc",B
S3,Sujet,Plus de 7 500 accidents et 683 morts en 2022,0 — vérification de l’énoncé,O2-01,Comparer les volumes 2022 de la source aux chiffres de l’énoncé,Écart ≤ 5 % sur les deux chiffres,"Écart > 5 % : la différence de définition est documentée (accidents corporels ou tous, définition du tué)","Le tableau de bord affiche le chiffre de la source, avec sa définition",Ne dit rien de la sous-déclaration,A
S4,Sujet,Les accidents augmentent,0 — vérification de l’énoncé,"O2-01, O2-02, O2-04","Comparer la moyenne des 3 dernières années à celle des 3 premières, en volume et en taux",Volume et taux par habitant en hausse,Volume en baisse. Nuancée si le volume monte mais qu’un des taux baisse,"Si le volume monte et que le taux par véhicule baisse, le message devient « plus de véhicules », pas « une route plus dangereuse »",Une hausse des déclarations peut imiter une hausse des accidents,B (C pour le taux par véhicule)
S5,Sujet,Le réseau est inégalement entretenu selon les régions,1 — écart,O3-02,Écart de la part de km en mauvais état entre la zone la plus dégradée et la moins dégradée,Écart ≥ 15 points,Écart < 15 points,"Si infirmée, l’entretien se cible par tronçon (O3-05), pas par territoire",Dépend de la date et de la méthode des relevés,B
H1,Lien,L’écart immatriculations / permis est plus marqué pour les motos que pour les voitures et les poids lourds,2 — lien,O1-09,"Comparer le rapport immatriculations / permis entre catégories, en cumul sur la période",Le rapport des motos est le plus élevé des catégories,Une autre catégorie a un rapport plus élevé,"Si confirmée, le levier formation cible d’abord le permis moto","Une tension, pas un nombre de conducteurs sans permis",B
H2,Lien,Les motos sont surreprésentées parmi les véhicules impliqués et les victimes,2 — lien,"O2-07, O2-08, O2-09","Indice de surreprésentation des motos (O2-08), calculé sur toute la fourchette du parc",Indice > 1 sur toute la fourchette (SE-09),Indice < 1 sur toute la fourchette ; indéterminée entre les deux,"Si confirmée, des mesures ciblées sur les motos (casque, permis moto) deviennent recommandables (01 §3.5)",Les motos non immatriculées peuvent surestimer l’indice,B ou C
H3,Lien,Les territoires au réseau dégradé ont un taux d’accidents plus élevé,2 — lien,"O2-02, O3-02, O2-12",Comparer le taux de tués des préfectures du tercile le plus dégradé à celui du tercile le moins dégradé ; corrélation de rang (Spearman) entre O3-02 et O2-02,"Taux médian plus élevé dans le tercile le plus dégradé, et ρ ≥ 0,3","ρ < 0,3, ou relation inverse","Si confirmée, l’entretien devient aussi un levier de sécurité ; sinon, il se justifie par la desserte seule","Association, pas cause ; le trafic, non mesuré, peut inverser la relation (01 §8)",B
H4,Lien,Les territoires peu dotés en auto-écoles ont un taux d’accidents plus élevé,2 — lien,"O2-02, O4-05, O4-08","Corrélation de rang entre le risque et chacune des deux mesures de l’offre : auto-écoles par habitant, distance","|ρ| ≥ 0,3 dans le sens attendu (moins d’offre, plus de risque) pour au moins une mesure","|ρ| < 0,3 pour les deux mesures",La mesure la plus liée au risque devient l’indicateur de la dimension formation (05_Priorisation),"Association, pas cause",B (C pour la distance sans grille)
H5,Lien,Les poids lourds en transit (corridor du port de Lomé vers le nord) pèsent sur l’accidentalité et l’usure de l’axe nord-sud,2 — lien,"O2-07, O3-02, O3-05","Comparer la part des poids lourds dans les accidents du corridor (PA-07) à leur part ailleurs, et la part de km en mauvais état du corridor à la moyenne nationale","Part des poids lourds au moins 1,5 fois plus élevée sur le corridor, et part de km en mauvais état supérieure à la moyenne",Une des deux conditions non remplie,"Si confirmée, le corridor devient une cible commune d’entretien et de contrôle des poids lourds","Sans comptages de trafic, plus de poids lourds dans les accidents peut refléter plus de trafic, pas plus de risque",C
H6,Lien,Le taux par habitant et le taux par véhicule évoluent en sens inverse,2 — lien,"O2-02, O2-04",Comparer le sens d’évolution des deux taux (moyennes des 3 premières et des 3 dernières années),Sens opposés sur toute la fourchette du parc,Même sens,"Si confirmée, la hausse du risque vient de l’exposition : leviers formation et contrôle plutôt que « route plus dangereuse »",Repose sur le parc estimé,C
H7,Écart,Le risque routier par habitant varie fortement d’un territoire à l’autre,1 — écart,O2-02,"Rapport entre les taux des préfectures au 90e et au 10e percentile ; aux 6 zones, rapport maximum / minimum",Rapport ≥ 2,Rapport < 2,"Si infirmée, le risque est diffus : recommandations par levier, à l’échelle nationale",Les petits volumes gonflent les écarts : taux sur 3 ans (R-09),B
H8,Écart,Les auto-écoles sont concentrées dans les grandes villes,1 — écart,"O4-04, O4-05","Part des auto-écoles situées dans les préfectures urbaines (PA-03), comparée à leur part de la population","Part des auto-écoles ≥ 1,5 fois leur part de la population","Rapport < 1,5","Si confirmée, le déficit de formation est rural : ouverture d’auto-écoles hors des villes",Une auto-école urbaine peut former des candidats ruraux,B
H9,Cumul,"Certains territoires cumulent forte pression de mobilité, risque élevé, réseau dégradé et faible offre de formation",3 — cumul,O5-01,Compter les territoires qui franchissent le seuil dans toutes les dimensions retenues (SE-10),Au moins un territoire,Aucun territoire,"Si infirmée, les recommandations s’organisent par levier plutôt que par territoire (01 §5)",Cumul ≠ cause,B
H10,Écart,Les accidents augmentent en saison des pluies et aux périodes de fêtes,1 — écart,O2-11,Indice de saisonnalité moyen des mois de saison des pluies et des mois de fêtes (PA-08),"Indice moyen ≥ 1,1 pour ces mois, au moins deux années sur trois","Indice < 1,1, ou moins de deux années sur trois","Si confirmée, le calendrier des contrôles et des campagnes suit ces mois",Les fêtes religieuses changent de mois d’une année à l’autre,B
H11,Écart,"Le Grand Lomé concentre les accidents en volume, mais le risque par habitant est plus élevé ailleurs, en milieu rural",1 — écart,"O2-01, O2-02, O2-05",Part du Grand Lomé dans les accidents comparée à sa part de la population ; taux de tués du Grand Lomé comparé à la médiane des préfectures rurales (PA-03),"Part des accidents > part de la population, et taux de tués inférieur à la médiane rurale",Une des deux conditions non remplie,"Si confirmée, le Grand Lomé est prioritaire en volume et les zones rurales en taux : la règle intensité / volume s’applique (05_Priorisation)",Les accidents en ville sont probablement mieux déclarés,B
H12,Écart,Les jeunes conducteurs (18–25 ans) sont surreprésentés parmi les conducteurs impliqués,1 — écart,O2-13,Indice de surreprésentation de la tranche PA-06 parmi les conducteurs impliqués,"Indice ≥ 1,2, sur un volume d’au moins SE-01","Indice < 1,2","Si confirmée, formation et sensibilisation ciblées sur les jeunes conducteurs","Nécessite l’âge des conducteurs, pas celui des victimes",B
