Préfecture,Zone,Région,Population,Classée,O3-02,O4-05,O4-03,O3-06,O4-08,Réseau dégradé (SE-04),Formation faible (SE-07),Desserte faible (SE-06),Réseau non déterminable (SE-05),Dimensions mesurées,O5-01 déficits,Rang percentile réseau,Rang percentile formation,Score,O5-02 rang,Parmi les 10 premières,Tests parmi les 10 premières (sur 6),Profil du 02,Leviers,Rang dans le levier réseau,Rang dans le levier formation,O5-04 km à remettre en état,O5-04 auto-écoles manquantes (écart 21),Population au-delà de SE-08,Auto-écoles comptées,Km en mauvais état,Km évalués,Niveau,Note
Danyi,Plateaux,Plateaux,40240,True,100.0,0.0,12.16,0.0,12.9,True,True,False,False,2,2,1.0,0.723684,1.723684,1,True,6,P5 (risque non déterminable),réseau ; formation,1,23,42.7,1.0,40240,0,49.813,49.813,C,nature du zéro : aucune auto-école recensée ; vérifier sur place qu’il n’en existe pas
Blitta,Centrale,Centrale,163272,True,68.2,0.0,7.88,19.8,25.9,True,True,False,False,2,2,0.973684,0.723684,1.697368,2,True,6,P5 (risque non déterminable),réseau ; formation,2,6,54.5,2.0,163272,0,68.986,101.087,C,"nature du zéro : 2 auto-école(s) recensée(s), aucune agréée ; vérifier leur activité et leur agrément"
Agou,Plateaux,Plateaux,85793,True,40.0,0.0,15.17,1.9,11.0,True,True,False,False,2,2,0.921053,0.723684,1.644737,3,True,6,P5 (risque non déterminable),réseau ; formation,4,18,31.8,1.0,85793,0,49.59,124.063,C,"nature du zéro : 1 auto-école(s) recensée(s), aucune agréée ; vérifier leur activité et leur agrément"
Tchamba,Centrale,Centrale,200585,True,34.0,0.0,6.14,0.0,31.1,True,True,False,False,2,2,0.868421,0.723684,1.592105,4,True,6,P5 (risque non déterminable),réseau ; formation,6,2,23.7,3.0,200585,0,40.96,120.323,C,"nature du zéro : 2 auto-école(s) recensée(s), aucune agréée ; vérifier leur activité et leur agrément"
Bassar,Kara,Kara,152065,True,28.0,0.0,12.75,17.2,47.5,True,True,False,False,2,2,0.815789,0.723684,1.539473,5,True,6,P5 (risque non déterminable),réseau ; formation,8,7,22.9,2.0,152065,0,46.906,167.472,C,"nature du zéro : 2 auto-école(s) recensée(s), aucune agréée ; vérifier leur activité et leur agrément"
Oti,Savanes,Savanes,124848,True,21.1,0.0,10.98,0.0,62.0,False,True,False,False,2,1,0.618421,0.723684,1.342105,6,True,6,P5 (risque non déterminable),formation,,11,9.6,2.0,124848,0,29.736,140.625,C,"nature du zéro : 3 auto-école(s) recensée(s), aucune agréée ; vérifier leur activité et leur agrément"
Bas-Mono,Maritime hors Grand Lomé,Maritime,94860,True,21.1,0.0,3.68,0.0,31.2,False,True,True,False,2,1,0.618421,0.723684,1.342105,7,True,6,P5 (risque non déterminable),formation,,15,2.4,2.0,94860,0,7.572,35.819,C,"nature du zéro : 1 auto-école(s) recensée(s), aucune agréée ; vérifier leur activité et leur agrément"
Est-Mono,Plateaux,Plateaux,164460,True,17.2,0.0,6.71,0.0,27.4,False,True,False,False,2,1,0.565789,0.723684,1.289473,8,True,4,P5 (risque non déterminable),formation,,5,3.1,2.0,164460,0,18.991,110.73,C,nature du zéro : aucune auto-école recensée ; vérifier sur place qu’il n’en existe pas
Oti-Sud,Savanes,Savanes,150376,True,14.4,0.0,8.54,0.3,84.0,False,True,False,False,2,1,0.526316,0.723684,1.25,9,True,4,P5 (risque non déterminable),formation,,8,0.1,2.0,150376,0,18.959,131.685,C,nature du zéro : aucune auto-école recensée ; vérifier sur place qu’il n’en existe pas
Tchaoudjo,Centrale,Centrale,240360,True,36.9,0.83,5.05,0.0,0.5,True,False,False,False,2,1,0.894737,0.276316,1.171053,10,True,3,P5 (risque non déterminable),réseau,5,,28.3,1.0,0,2,46.322,125.652,C,
Haho,Plateaux,Plateaux,305096,True,11.5,0.0,4.31,0.0,51.7,False,True,False,False,2,1,0.447368,0.723684,1.171052,11,False,3,P5 (risque non déterminable),formation,,1,-3.6,4.0,305096,0,14.312,124.938,C,nature du zéro : aucune auto-école recensée ; vérifier sur place qu’il n’en existe pas
Ogou,Plateaux,Plateaux,253467,True,27.2,0.79,5.23,9.7,3.2,True,False,False,False,2,1,0.789474,0.315789,1.105263,12,False,1,P5 (risque non déterminable),réseau,9,,14.6,1.0,0,2,30.894,113.473,C,
Anié,Plateaux,Plateaux,180158,True,23.0,0.56,2.21,0.0,24.7,True,False,True,False,2,1,0.710526,0.394737,1.105263,13,False,1,P5 (risque non déterminable),réseau,12,,3.5,1.0,180158,1,9.263,40.252,C,
Yoto,Maritime hors Grand Lomé,Maritime,174851,True,8.1,0.0,3.34,0.0,27.0,False,True,True,False,2,1,0.368421,0.723684,1.092105,14,False,0,P5 (risque non déterminable),formation,,4,-3.7,2.0,174851,0,4.736,58.536,C,"nature du zéro : 1 auto-école(s) recensée(s), aucune agréée ; vérifier leur activité et leur agrément"
Akébou,Plateaux,Plateaux,73830,True,7.8,0.0,0.94,0.0,31.3,False,True,True,False,2,1,0.342105,0.723684,1.065789,15,False,0,P5 (risque non déterminable),formation,,21,-0.5,1.0,73830,0,0.547,6.97,C,nature du zéro : aucune auto-école recensée ; vérifier sur place qu’il n’en existe pas
Kloto,Plateaux,Plateaux,145986,True,65.0,2.05,5.39,5.4,0.2,True,False,False,False,2,1,0.947368,0.105263,1.052631,16,False,2,P5 (risque non déterminable),réseau,3,,38.2,-1.0,0,3,49.09,75.554,C,
Kpendjal-Ouest,Savanes,Savanes,123330,True,6.0,0.0,3.7,0.0,26.3,False,True,False,False,2,1,0.315789,0.723684,1.039473,17,False,0,P5 (risque non déterminable),formation,,12,-3.9,2.0,123330,0,2.749,46.081,C,nature du zéro : aucune auto-école recensée ; vérifier sur place qu’il n’en existe pas
Kpendjal,Savanes,Savanes,88365,True,5.2,0.0,6.54,0.0,66.3,False,True,False,False,2,1,0.289474,0.723684,1.013158,18,False,0,P5 (risque non déterminable),formation,,17,-5.3,1.0,88365,0,3.02,57.941,C,nature du zéro : aucune auto-école recensée ; vérifier sur place qu’il n’en existe pas
Zio,Maritime hors Grand Lomé,Maritime,500032,True,17.2,0.2,2.12,0.0,0.6,False,False,True,False,2,0,0.565789,0.421053,0.986842,19,False,0,P5 (risque non déterminable),,,,2.7,5.0,0,1,16.578,96.551,C,
Wawa,Plateaux,Plateaux,101300,True,29.5,1.97,13.17,1.7,0.8,True,False,False,False,2,1,0.842105,0.131579,0.973684,20,False,0,P5 (risque non déterminable),réseau,7,,19.7,0.0,0,2,38.293,129.905,C,
Amou,Plateaux,Plateaux,114172,True,4.5,0.0,8.21,0.0,28.4,False,True,False,False,2,1,0.236842,0.723684,0.960526,21,False,0,P5 (risque non déterminable),formation,,13,-9.0,2.0,114172,0,4.03,90.506,C,"nature du zéro : 1 auto-école(s) recensée(s), aucune agréée ; vérifier leur activité et leur agrément"
Doufelgou,Kara,Kara,84767,True,3.4,0.0,11.78,0.0,25.2,False,True,False,False,2,1,0.210526,0.723684,0.93421,22,False,0,P5 (risque non déterminable),formation,,19,-11.1,1.0,84767,0,3.445,101.23,C,nature du zéro : aucune auto-école recensée ; vérifier sur place qu’il n’en existe pas
Binah,Kara,Kara,84199,True,3.3,0.0,5.37,0.0,24.3,False,True,False,False,2,1,0.184211,0.723684,0.907895,23,False,0,P5 (risque non déterminable),formation,,20,-5.0,1.0,84199,0,1.509,45.162,C,nature du zéro : aucune auto-école recensée ; vérifier sur place qu’il n’en existe pas
Avé,Maritime hors Grand Lomé,Maritime,111214,True,2.7,0.0,10.86,0.0,28.5,False,True,False,False,2,1,0.157895,0.723684,0.881579,24,False,0,P5 (risque non déterminable),formation,,14,-12.9,2.0,111214,0,3.041,110.766,C,nature du zéro : aucune auto-école recensée ; vérifier sur place qu’il n’en existe pas
Sotouboua,Centrale,Centrale,138864,True,22.3,1.44,5.96,1.4,0.7,True,False,False,False,2,1,0.684211,0.184211,0.868422,25,False,0,P5 (risque non déterminable),réseau,13,,7.1,0.0,0,2,20.051,90.089,C,
Tandjoaré,Savanes,Savanes,138867,True,1.1,0.0,1.78,0.0,22.3,False,True,True,False,2,1,0.131579,0.723684,0.855263,26,False,0,P5 (risque non déterminable),formation,,9,-3.3,2.0,138867,0,0.27,24.816,C,nature du zéro : aucune auto-école recensée ; vérifier sur place qu’il n’en existe pas
Agoè-Nyivé,Grand Lomé,Maritime,882695,True,26.0,3.29,0.74,20.0,1.8,True,False,True,False,2,1,0.763158,0.052632,0.81579,27,False,0,P5 (risque non déterminable),réseau,10,,3.2,-19.0,0,29,7.226,27.795,C,
Assoli,Kara,Kara,66394,True,21.8,1.51,12.01,0.0,2.6,False,False,False,False,2,0,0.657895,0.157895,0.81579,28,False,0,P5 (risque non déterminable),,,,5.4,0.0,0,1,15.791,72.547,C,
Kozah,Kara,Kara,283738,True,23.3,2.11,6.39,0.0,1.6,True,False,False,False,2,1,0.736842,0.078947,0.815789,29,False,0,P5 (risque non déterminable),réseau,11,,14.4,-2.0,0,6,37.565,161.38,C,
Cinkassé,Savanes,Savanes,128959,True,12.1,0.78,3.05,11.3,11.6,False,False,True,False,2,0,0.473684,0.342105,0.815789,30,False,0,P5 (risque non déterminable),,,,-0.8,1.0,128959,1,4.362,35.98,C,
Kéran,Kara,Kara,128687,True,0.2,0.0,6.53,0.0,47.2,False,True,False,False,2,1,0.078947,0.723684,0.802631,31,False,0,P5 (risque non déterminable),formation,,10,-12.5,2.0,128687,0,0.157,87.854,C,nature du zéro : aucune auto-école recensée ; vérifier sur place qu’il n’en existe pas
Tône,Savanes,Savanes,388775,True,9.2,0.77,2.44,0.0,0.7,False,False,True,False,2,0,0.394737,0.368421,0.763158,32,False,0,P5 (risque non déterminable),,,,-4.4,2.0,0,3,7.693,84.049,C,
Dankpen,Kara,Kara,185662,True,0.0,0.0,2.43,3.7,65.3,False,True,True,False,2,1,0.039474,0.723684,0.763158,33,False,0,P5 (risque non déterminable),formation,,3,-8.4,2.0,185662,0,0.0,58.83,C,nature du zéro : aucune auto-école recensée ; vérifier sur place qu’il n’en existe pas
Moyen-Mono,Plateaux,Plateaux,90505,True,0.0,0.0,6.4,0.0,72.4,False,True,False,False,2,1,0.039474,0.723684,0.763158,34,False,0,P5 (risque non déterminable),formation,,16,-8.3,1.0,90505,0,0.0,57.896,C,nature du zéro : aucune auto-école recensée ; vérifier sur place qu’il n’en existe pas
Kpélé,Plateaux,Plateaux,80939,True,14.3,1.24,6.18,0.0,8.2,False,False,False,False,2,0,0.5,0.210526,0.710526,35,False,0,P5 (risque non déterminable),,,,0.0,0.0,0,1,5.917,41.488,C,
Lacs,Maritime hors Grand Lomé,Maritime,241247,True,9.4,0.83,3.68,1.0,13.5,False,False,True,False,2,0,0.421053,0.276316,0.697369,36,False,0,P5 (risque non déterminable),,,,-4.1,1.0,241247,2,7.737,82.492,C,
Vo,Maritime hors Grand Lomé,Maritime,224411,True,4.6,0.89,2.81,0.0,0.4,False,False,True,False,2,0,0.263158,0.236842,0.5,37,False,0,P5 (risque non déterminable),,,,-6.2,1.0,0,2,2.884,63.132,C,
Golfe,Grand Lomé,Maritime,1305681,True,0.5,5.67,0.74,12.2,0.2,False,False,True,False,2,0,0.105263,0.026316,0.131579,38,False,0,P5 (risque non déterminable),,,,-9.7,-60.0,0,74,0.345,69.984,C,
Mô,Centrale,Centrale,52448,False,,0.0,0.0,,52.2,False,True,True,False,1,1,,,,,,,P5 (risque non déterminable),formation,,22,,1.0,52448,0,0.0,0.0,C,"non classée : aucune route classée, O3-02 non défini (vrai vide du 05) ; réseau non défini, sans P5 ; nature du zéro : aucune auto-école recensée ; vérifier sur place qu’il n’en existe pas"
