ID,Contrôle,Attendu,Mesure,Résultat
9-01,Préfectures,"39 lignes ; 38 classées ; Mô à part, avec sa cause","39 lignes ; 38 classées ; à part : Mô (non classée : aucune route classée, O3-02 non défini (vrai vide du 05))",conforme
9-02,Seuils,"Valeur de chaque percentile ; nombre de préfectures par seuil ; SE-07 : les 23 à 0 ; SE-03 sur la ligne du pays ; SE-02, SE-09, SE-10 non applicables","SE-04 : O3-02 ≥ 22,13 % → 13 préfectures (sur 38) ; SE-05 : O3-06 > 25 % → 0 ; SE-06 : O4-03 ≤ 3,68 → 14 ; SE-07 : O4-05 ≤ 0,00 → 23 (à 0 : 23) ; SE-03 : 8,62 face à 22,7 et 26,17 ; SE-02 : O2-02 national (écart 1) ; SE-09 : O2-08 non calculable ; SE-10 : cumul complet sans le risque impossible",conforme
9-03,Concordance avec le 07,"O3-02, O4-05, O4-03, O4-08 et O5-03 égaux à indicateurs_07.csv",195 valeurs comparées ; différences : 0,conforme
9-04,O5-01,Entre 0 et 2 ; égal à la somme des seuils franchis,"répartition : 0 déficit(s) : 8, 1 déficit(s) : 26, 2 déficit(s) : 5",conforme
9-05,O5-02,"Rangs de 1 à 38, sans trou ; scores décroissants ; ex aequo départagés par la population",rangs : 1 à 38 ; scores décroissants : oui ; scores ex aequo : 6 ; départagés par la population : oui,conforme
9-06,Leviers,"Un levier pour chaque seuil franchi, et aucun autre ; P5 pour le risque partout ; ni P1, P2, P3, P4, P6",levier réseau : 13 ; levier formation : 23 ; les deux : 5 ; aucun : 8 ; leviers conformes aux seuils : 39 sur 39 ; P5 partout : oui ; autres profils : 0,conforme
9-07,Régions,"Somme des zones = somme des régions = ligne du pays (R-04), Mô comprise ; valeurs des 6 zones égales à celles du 06","totaux égaux (population, auto-écoles comptées, km en mauvais état, km évalués, km de routes classées) : oui ; Mô dans la Centrale : oui ; 24 valeurs de zone comparées au 06, différences : 0",conforme
9-08,Compléments,O2-E1 à O2-E3 absents du classement (écart 22),"indicateurs lus : O2-02, O3-02, O3-06, O4-03, O4-05, O4-07, O4-08, O5-03, O5-04 ; compléments lus : aucun",conforme
9-09,Sensibilité,"6 classements ; nombre de changements parmi les 10 premières, par test","T0 : 38 préfectures, 0 changement(s) ; T1 : 38 préfectures, 2 changement(s) (entrées : Kloto, Ogou ; sorties : Est-Mono, Oti-Sud) ; T2 : 38 préfectures, 1 changement(s) (entrées : Haho ; sorties : Tchaoudjo) ; T3 : 38 préfectures, 1 changement(s) (entrées : Kloto ; sorties : Oti-Sud) ; T4 : 36 préfectures, 1 changement(s) (entrées : Haho ; sorties : Tchaoudjo) ; T5 : 38 préfectures, 2 changement(s) (entrées : Anié, Haho ; sorties : Est-Mono, Tchaoudjo) ; classement stable (au plus 2 changements)",conforme
