"indicateur","type","Unit","Date","Value"
"Bilan des accidents de la circulation constatés par les services de police et de gendarmerie","Nombre d’accidents","Nombre","2014","5390"
"Bilan des accidents de la circulation constatés par les services de police et de gendarmerie","Nombre d’accidents","Nombre","2015","2851"
"Bilan des accidents de la circulation constatés par les services de police et de gendarmerie","Nombre d’accidents","Nombre","2016","5393"
"Bilan des accidents de la circulation constatés par les services de police et de gendarmerie","Nombre d’accidents","Nombre","2017","5181"
"Bilan des accidents de la circulation constatés par les services de police et de gendarmerie","Nombre d’accidents","Nombre","2018","5814"
"Bilan des accidents de la circulation constatés par les services de police et de gendarmerie","Nombre d’accidents","Nombre","2019","5402"
"Bilan des accidents de la circulation constatés par les services de police et de gendarmerie","Nombre de morts","Nombre","2014","802"
"Bilan des accidents de la circulation constatés par les services de police et de gendarmerie","Nombre de morts","Nombre","2015","473"
"Bilan des accidents de la circulation constatés par les services de police et de gendarmerie","Nombre de morts","Nombre","2016","514"
"Bilan des accidents de la circulation constatés par les services de police et de gendarmerie","Nombre de morts","Nombre","2017","580"
"Bilan des accidents de la circulation constatés par les services de police et de gendarmerie","Nombre de morts","Nombre","2018","592"
"Bilan des accidents de la circulation constatés par les services de police et de gendarmerie","Nombre de morts","Nombre","2019","580"
"Bilan des accidents de la circulation constatés par les services de police et de gendarmerie","Nombre de blesses","Nombre","2014","5565"
"Bilan des accidents de la circulation constatés par les services de police et de gendarmerie","Nombre de blesses","Nombre","2015","3871"
"Bilan des accidents de la circulation constatés par les services de police et de gendarmerie","Nombre de blesses","Nombre","2016","6846"
"Bilan des accidents de la circulation constatés par les services de police et de gendarmerie","Nombre de blesses","Nombre","2017","8624"
"Bilan des accidents de la circulation constatés par les services de police et de gendarmerie","Nombre de blesses","Nombre","2018","7951"
"Bilan des accidents de la circulation constatés par les services de police et de gendarmerie","Nombre de blesses","Nombre","2019","7520"
