No.,Nom du champ,Question,Description,Type du champ
1,region_nom_bdd,,xsd:string,string
2,prefecture_nom_bdd,,xsd:string,string
3,commune_nom_bdd,,xsd:string,string
4,canton_nom_bdd,,xsd:string,string
5,id,,xsd:int,int
6,canton_id_bdd,ID du canton,xsd:string,string
7,etab_id_bdd,ID de l'établissement,xsd:int,int
8,etablissement_nom,Nom de l'établissement,xsd:string,string
9,etab_id_collecte,ID textuel de l'établissement,xsd:string,string
10,vehicule_id_collecte,ID du véhicule,xsd:string,string
11,vehicule_genre,Type de véhicule,xsd:string,string
12,modele_marque,Marque du véhicule,xsd:string,string
13,modele_vehicule,Modèle du véhicule,xsd:string,string
14,vehicule_fonction,Fonction du véhicule,xsd:string,string
15,annee_achat,Année d'achat,xsd:string,string
16,annee_circulation,Année de mise en circulation,xsd:string,string
17,compteur_km,Compteur kilométrique,xsd:string,string
18,revision_date,Année de la dernière révision,xsd:string,string
19,immactriculation,Plaque d'immatriculation,xsd:string,string
20,etat,Etat de fonctionnement,xsd:string,string
21,commentaire,Commentaires,xsd:string,string
22,date_collecte,Date de la collecte,xsd:string,string
23,date_mise_a_jour_collecte,Date de la mise à jour,xsd:string,string
24,geometry,Géométrie,gml:Point,Point
