"indicateur","categories-de-permis","Unit","Date","Value"
"Nombre de permis de conduire délivrés par catégorie aux examens de permis de conduire","Moto (A)","Nombre","2007","205"
"Nombre de permis de conduire délivrés par catégorie aux examens de permis de conduire","Moto (A)","Nombre","2008","198"
"Nombre de permis de conduire délivrés par catégorie aux examens de permis de conduire","Moto (A)","Nombre","2009","398"
"Nombre de permis de conduire délivrés par catégorie aux examens de permis de conduire","Moto (A)","Nombre","2010","206"
"Nombre de permis de conduire délivrés par catégorie aux examens de permis de conduire","Moto (A)","Nombre","2011","157"
"Nombre de permis de conduire délivrés par catégorie aux examens de permis de conduire","Moto (A)","Nombre","2012","129"
"Nombre de permis de conduire délivrés par catégorie aux examens de permis de conduire","Moto (A)","Nombre","2014","283"
"Nombre de permis de conduire délivrés par catégorie aux examens de permis de conduire","Moto (A)","Nombre","2015","104"
"Nombre de permis de conduire délivrés par catégorie aux examens de permis de conduire","Moto (A)","Nombre","2016","387"
"Nombre de permis de conduire délivrés par catégorie aux examens de permis de conduire","Moto (A)","Nombre","2017","312"
"Nombre de permis de conduire délivrés par catégorie aux examens de permis de conduire","Moto (A)","Nombre","2018","406"
"Nombre de permis de conduire délivrés par catégorie aux examens de permis de conduire","Moto (A)","Nombre","2019","2425"
"Nombre de permis de conduire délivrés par catégorie aux examens de permis de conduire","Moto (A)","Nombre","2020","236"
"Nombre de permis de conduire délivrés par catégorie aux examens de permis de conduire","Moto (A)","Nombre","2021","211"
"Nombre de permis de conduire délivrés par catégorie aux examens de permis de conduire","Moto (A)","Nombre","2022","4837"
"Nombre de permis de conduire délivrés par catégorie aux examens de permis de conduire","Voiture légèr (B)","Nombre","2007","6148"
"Nombre de permis de conduire délivrés par catégorie aux examens de permis de conduire","Voiture légèr (B)","Nombre","2008","6334"
"Nombre de permis de conduire délivrés par catégorie aux examens de permis de conduire","Voiture légèr (B)","Nombre","2009","4771"
"Nombre de permis de conduire délivrés par catégorie aux examens de permis de conduire","Voiture légèr (B)","Nombre","2010","4690"
"Nombre de permis de conduire délivrés par catégorie aux examens de permis de conduire","Voiture légèr (B)","Nombre","2011","5628"
"Nombre de permis de conduire délivrés par catégorie aux examens de permis de conduire","Voiture légèr (B)","Nombre","2012","6307"
"Nombre de permis de conduire délivrés par catégorie aux examens de permis de conduire","Voiture légèr (B)","Nombre","2014","11787"
"Nombre de permis de conduire délivrés par catégorie aux examens de permis de conduire","Voiture légèr (B)","Nombre","2015","7193"
"Nombre de permis de conduire délivrés par catégorie aux examens de permis de conduire","Voiture légèr (B)","Nombre","2016","23467"
"Nombre de permis de conduire délivrés par catégorie aux examens de permis de conduire","Voiture légèr (B)","Nombre","2017","16299"
"Nombre de permis de conduire délivrés par catégorie aux examens de permis de conduire","Voiture légèr (B)","Nombre","2018","15855"
"Nombre de permis de conduire délivrés par catégorie aux examens de permis de conduire","Voiture légèr (B)","Nombre","2019","16377"
"Nombre de permis de conduire délivrés par catégorie aux examens de permis de conduire","Voiture légèr (B)","Nombre","2020","11017"
"Nombre de permis de conduire délivrés par catégorie aux examens de permis de conduire","Voiture légèr (B)","Nombre","2021","16857"
"Nombre de permis de conduire délivrés par catégorie aux examens de permis de conduire","Voiture légèr (B)","Nombre","2022","16988"
"Nombre de permis de conduire délivrés par catégorie aux examens de permis de conduire","Poids lourd (C)","Nombre","2007","459"
"Nombre de permis de conduire délivrés par catégorie aux examens de permis de conduire","Poids lourd (C)","Nombre","2008","433"
"Nombre de permis de conduire délivrés par catégorie aux examens de permis de conduire","Poids lourd (C)","Nombre","2009","236"
"Nombre de permis de conduire délivrés par catégorie aux examens de permis de conduire","Poids lourd (C)","Nombre","2010","299"
"Nombre de permis de conduire délivrés par catégorie aux examens de permis de conduire","Poids lourd (C)","Nombre","2011","327"
"Nombre de permis de conduire délivrés par catégorie aux examens de permis de conduire","Poids lourd (C)","Nombre","2012","428"
"Nombre de permis de conduire délivrés par catégorie aux examens de permis de conduire","Poids lourd (C)","Nombre","2014","1016"
"Nombre de permis de conduire délivrés par catégorie aux examens de permis de conduire","Poids lourd (C)","Nombre","2015","308"
"Nombre de permis de conduire délivrés par catégorie aux examens de permis de conduire","Poids lourd (C)","Nombre","2016","1642"
"Nombre de permis de conduire délivrés par catégorie aux examens de permis de conduire","Poids lourd (C)","Nombre","2017","1353"
"Nombre de permis de conduire délivrés par catégorie aux examens de permis de conduire","Poids lourd (C)","Nombre","2018","1015"
"Nombre de permis de conduire délivrés par catégorie aux examens de permis de conduire","Poids lourd (C)","Nombre","2019","898"
"Nombre de permis de conduire délivrés par catégorie aux examens de permis de conduire","Poids lourd (C)","Nombre","2020","763"
"Nombre de permis de conduire délivrés par catégorie aux examens de permis de conduire","Poids lourd (C)","Nombre","2021","1160"
"Nombre de permis de conduire délivrés par catégorie aux examens de permis de conduire","Poids lourd (C)","Nombre","2022","1216"
"Nombre de permis de conduire délivrés par catégorie aux examens de permis de conduire","Transport en commun (D)","Nombre","2007","87"
"Nombre de permis de conduire délivrés par catégorie aux examens de permis de conduire","Transport en commun (D)","Nombre","2008","86"
"Nombre de permis de conduire délivrés par catégorie aux examens de permis de conduire","Transport en commun (D)","Nombre","2009","45"
"Nombre de permis de conduire délivrés par catégorie aux examens de permis de conduire","Transport en commun (D)","Nombre","2010","83"
"Nombre de permis de conduire délivrés par catégorie aux examens de permis de conduire","Transport en commun (D)","Nombre","2011","71"
"Nombre de permis de conduire délivrés par catégorie aux examens de permis de conduire","Transport en commun (D)","Nombre","2012","77"
"Nombre de permis de conduire délivrés par catégorie aux examens de permis de conduire","Transport en commun (D)","Nombre","2014","202"
"Nombre de permis de conduire délivrés par catégorie aux examens de permis de conduire","Transport en commun (D)","Nombre","2015","90"
"Nombre de permis de conduire délivrés par catégorie aux examens de permis de conduire","Transport en commun (D)","Nombre","2016","292"
"Nombre de permis de conduire délivrés par catégorie aux examens de permis de conduire","Transport en commun (D)","Nombre","2017","337"
"Nombre de permis de conduire délivrés par catégorie aux examens de permis de conduire","Transport en commun (D)","Nombre","2018","297"
"Nombre de permis de conduire délivrés par catégorie aux examens de permis de conduire","Transport en commun (D)","Nombre","2019","299"
"Nombre de permis de conduire délivrés par catégorie aux examens de permis de conduire","Transport en commun (D)","Nombre","2020","230"
"Nombre de permis de conduire délivrés par catégorie aux examens de permis de conduire","Transport en commun (D)","Nombre","2021","389"
"Nombre de permis de conduire délivrés par catégorie aux examens de permis de conduire","Transport en commun (D)","Nombre","2022","410"
"Nombre de permis de conduire délivrés par catégorie aux examens de permis de conduire","Semi-remorque (E)","Nombre","2007","32"
"Nombre de permis de conduire délivrés par catégorie aux examens de permis de conduire","Semi-remorque (E)","Nombre","2008","18"
"Nombre de permis de conduire délivrés par catégorie aux examens de permis de conduire","Semi-remorque (E)","Nombre","2009","38"
"Nombre de permis de conduire délivrés par catégorie aux examens de permis de conduire","Semi-remorque (E)","Nombre","2010","35"
"Nombre de permis de conduire délivrés par catégorie aux examens de permis de conduire","Semi-remorque (E)","Nombre","2011","42"
"Nombre de permis de conduire délivrés par catégorie aux examens de permis de conduire","Semi-remorque (E)","Nombre","2012","28"
"Nombre de permis de conduire délivrés par catégorie aux examens de permis de conduire","Semi-remorque (E)","Nombre","2014","74"
"Nombre de permis de conduire délivrés par catégorie aux examens de permis de conduire","Semi-remorque (E)","Nombre","2015","370"
"Nombre de permis de conduire délivrés par catégorie aux examens de permis de conduire","Semi-remorque (E)","Nombre","2016","2635"
"Nombre de permis de conduire délivrés par catégorie aux examens de permis de conduire","Semi-remorque (E)","Nombre","2017","1514"
"Nombre de permis de conduire délivrés par catégorie aux examens de permis de conduire","Semi-remorque (E)","Nombre","2018","1263"
"Nombre de permis de conduire délivrés par catégorie aux examens de permis de conduire","Semi-remorque (E)","Nombre","2019","1073"
"Nombre de permis de conduire délivrés par catégorie aux examens de permis de conduire","Semi-remorque (E)","Nombre","2020","806"
"Nombre de permis de conduire délivrés par catégorie aux examens de permis de conduire","Semi-remorque (E)","Nombre","2021","1060"
"Nombre de permis de conduire délivrés par catégorie aux examens de permis de conduire","Semi-remorque (E)","Nombre","2022","1119"
"Nombre de permis de conduire délivrés par catégorie aux examens de permis de conduire","Voiture spéciale (F)","Nombre","2007","0"
"Nombre de permis de conduire délivrés par catégorie aux examens de permis de conduire","Voiture spéciale (F)","Nombre","2008","0"
"Nombre de permis de conduire délivrés par catégorie aux examens de permis de conduire","Voiture spéciale (F)","Nombre","2009","0"
"Nombre de permis de conduire délivrés par catégorie aux examens de permis de conduire","Voiture spéciale (F)","Nombre","2010","0"
"Nombre de permis de conduire délivrés par catégorie aux examens de permis de conduire","Voiture spéciale (F)","Nombre","2011","0"
"Nombre de permis de conduire délivrés par catégorie aux examens de permis de conduire","Voiture spéciale (F)","Nombre","2012","0"
"Nombre de permis de conduire délivrés par catégorie aux examens de permis de conduire","Voiture spéciale (F)","Nombre","2014","0"
"Nombre de permis de conduire délivrés par catégorie aux examens de permis de conduire","Voiture spéciale (F)","Nombre","2015","7"
"Nombre de permis de conduire délivrés par catégorie aux examens de permis de conduire","Voiture spéciale (F)","Nombre","2016","28"
"Nombre de permis de conduire délivrés par catégorie aux examens de permis de conduire","Voiture spéciale (F)","Nombre","2017","24"
"Nombre de permis de conduire délivrés par catégorie aux examens de permis de conduire","Voiture spéciale (F)","Nombre","2018","18"
"Nombre de permis de conduire délivrés par catégorie aux examens de permis de conduire","Voiture spéciale (F)","Nombre","2019","26"
"Nombre de permis de conduire délivrés par catégorie aux examens de permis de conduire","Voiture spéciale (F)","Nombre","2020","21"
"Nombre de permis de conduire délivrés par catégorie aux examens de permis de conduire","Voiture spéciale (F)","Nombre","2021","38"
"Nombre de permis de conduire délivrés par catégorie aux examens de permis de conduire","Voiture spéciale (F)","Nombre","2022","28"
"Nombre de permis de conduire délivrés par catégorie aux examens de permis de conduire","Total","Nombre","2007","6931"
"Nombre de permis de conduire délivrés par catégorie aux examens de permis de conduire","Total","Nombre","2008","7069"
"Nombre de permis de conduire délivrés par catégorie aux examens de permis de conduire","Total","Nombre","2009","5488"
"Nombre de permis de conduire délivrés par catégorie aux examens de permis de conduire","Total","Nombre","2010","5313"
"Nombre de permis de conduire délivrés par catégorie aux examens de permis de conduire","Total","Nombre","2011","6225"
"Nombre de permis de conduire délivrés par catégorie aux examens de permis de conduire","Total","Nombre","2012","6969"
"Nombre de permis de conduire délivrés par catégorie aux examens de permis de conduire","Total","Nombre","2013","0"
"Nombre de permis de conduire délivrés par catégorie aux examens de permis de conduire","Total","Nombre","2014","13362"
"Nombre de permis de conduire délivrés par catégorie aux examens de permis de conduire","Total","Nombre","2015","8072"
"Nombre de permis de conduire délivrés par catégorie aux examens de permis de conduire","Total","Nombre","2016","28451"
"Nombre de permis de conduire délivrés par catégorie aux examens de permis de conduire","Total","Nombre","2017","19839"
"Nombre de permis de conduire délivrés par catégorie aux examens de permis de conduire","Total","Nombre","2018","18854"
"Nombre de permis de conduire délivrés par catégorie aux examens de permis de conduire","Total","Nombre","2019","21098"
"Nombre de permis de conduire délivrés par catégorie aux examens de permis de conduire","Total","Nombre","2020","13073"
"Nombre de permis de conduire délivrés par catégorie aux examens de permis de conduire","Total","Nombre","2021","19715"
"Nombre de permis de conduire délivrés par catégorie aux examens de permis de conduire","Total","Nombre","2022","24598"
