Préfecture,Zone,Région,Population,Réseau — part en mauvais état (%),Réseau — km évalués,Réseau — tronçons critiques,Réseau — dont parmi les 10 plus dégradés,Réseau — km à remettre en état,Formation — auto-écoles comptées,Formation — auto-écoles recensées,Formation — distance à la plus proche (km),Formation — auto-écoles à ouvrir,Desserte (km pour 10 000 hab.),Population rurale,Accès rural à une route revêtue (%),Déficits,Rang national,Leviers,Recommandations,Priorité,Texte réseau,Texte formation,Actions,Note
Danyi,Plateaux,Plateaux,40240,100.0,49.8,3,1,42.7,0,0,12.9,1,12.16,33569,25.5,2,1,réseau ; formation,REC-F1 ; REC-R1 ; REC-R3 ; REC-Z1,Haute,"100 % des routes en mauvais état (49,8 km évalués, 3 tronçons critiques).","Aucune auto-école, ni agréée ni recensée. La plus proche est à 12,9 km.","Vérifier l’état sur place, puis remettre en état 42,7 km. Vérifier qu’aucune auto-école n’existe, puis en ouvrir une.",nature du zéro : aucune auto-école recensée ; vérifier sur place qu’il n’en existe pas
Blitta,Centrale,Centrale,163272,68.2,101.1,4,3,54.5,0,2,25.9,2,7.88,152357,14.8,2,2,réseau ; formation,REC-F2 ; REC-R1 ; REC-R3 ; REC-Z3,Haute,"68,2 % des routes en mauvais état (101,1 km évalués, 4 tronçons critiques).","Aucune auto-école agréée ; 2 auto-écoles recensées sans agrément. La plus proche agréée est à 25,9 km.","Vérifier l’état sur place, puis remettre en état 54,5 km. Vérifier l’activité et l’agrément des 2 auto-écoles recensées, puis en ouvrir 2 si le manque est réel.","nature du zéro : 2 auto-école(s) recensée(s), aucune agréée ; vérifier leur activité et leur agrément"
Agou,Plateaux,Plateaux,85793,40.0,124.1,5,1,31.8,0,1,11.0,1,15.17,81239,25.6,2,3,réseau ; formation,REC-F2 ; REC-R1 ; REC-R3 ; REC-Z1,Haute,"40,0 % des routes en mauvais état (124,1 km évalués, 5 tronçons critiques).","Aucune auto-école agréée ; une auto-école recensée sans agrément. La plus proche agréée est à 11,0 km.","Vérifier l’état sur place, puis remettre en état 31,8 km. Vérifier l’activité et l’agrément de l’auto-école recensée, puis en ouvrir une si le manque est réel.","nature du zéro : 1 auto-école(s) recensée(s), aucune agréée ; vérifier leur activité et leur agrément"
Tchamba,Centrale,Centrale,200585,34.0,120.3,1,1,23.7,0,2,31.1,3,6.14,164412,13.8,2,4,réseau ; formation,REC-F2 ; REC-R1 ; REC-R3 ; REC-Z3,Haute,"34,0 % des routes en mauvais état (120,3 km évalués, un tronçon critique).","Aucune auto-école agréée ; 2 auto-écoles recensées sans agrément. La plus proche agréée est à 31,1 km.","Vérifier l’état sur place, puis remettre en état 23,7 km. Vérifier l’activité et l’agrément des 2 auto-écoles recensées, puis en ouvrir 3 si le manque est réel.","nature du zéro : 2 auto-école(s) recensée(s), aucune agréée ; vérifier leur activité et leur agrément"
Bassar,Kara,Kara,152065,28.0,167.5,1,1,22.9,0,2,47.5,2,12.75,118909,13.4,2,5,réseau ; formation,REC-F2 ; REC-R1 ; REC-R3,Haute,"28,0 % des routes en mauvais état (167,5 km évalués, un tronçon critique).","Aucune auto-école agréée ; 2 auto-écoles recensées sans agrément. La plus proche agréée est à 47,5 km.","Vérifier l’état sur place, puis remettre en état 22,9 km. Vérifier l’activité et l’agrément des 2 auto-écoles recensées, puis en ouvrir 2 si le manque est réel.","nature du zéro : 2 auto-école(s) recensée(s), aucune agréée ; vérifier leur activité et leur agrément"
Oti,Savanes,Savanes,124848,21.1,140.6,6,1,,0,3,62.0,2,10.98,90057,13.4,1,6,formation,REC-F2 ; REC-R3 ; REC-Z2,Moyenne,"21,1 % des routes en mauvais état (140,6 km évalués, 6 tronçons critiques).","Aucune auto-école agréée ; 3 auto-écoles recensées sans agrément. La plus proche agréée est à 62,0 km.","Vérifier l’activité et l’agrément des 3 auto-écoles recensées, puis en ouvrir 2 si le manque est réel.","nature du zéro : 3 auto-école(s) recensée(s), aucune agréée ; vérifier leur activité et leur agrément"
Bas-Mono,Maritime hors Grand Lomé,Maritime,94860,21.1,35.8,1,0,,0,1,31.2,2,3.68,81814,12.4,1,7,formation,REC-F2 ; REC-Z2,Moyenne,"21,1 % des routes en mauvais état (35,8 km évalués, un tronçon critique).","Aucune auto-école agréée ; une auto-école recensée sans agrément. La plus proche agréée est à 31,2 km.","Vérifier l’activité et l’agrément de l’auto-école recensée, puis en ouvrir 2 si le manque est réel.","nature du zéro : 1 auto-école(s) recensée(s), aucune agréée ; vérifier leur activité et leur agrément"
Est-Mono,Plateaux,Plateaux,164460,17.2,110.7,3,1,,0,0,27.4,2,6.71,153289,1.6,1,8,formation,REC-F1 ; REC-R3,Moyenne,"17,2 % des routes en mauvais état (110,7 km évalués, 3 tronçons critiques).","Aucune auto-école, ni agréée ni recensée. La plus proche est à 27,4 km.","Vérifier qu’aucune auto-école n’existe, puis en ouvrir 2.",nature du zéro : aucune auto-école recensée ; vérifier sur place qu’il n’en existe pas
Oti-Sud,Savanes,Savanes,150376,14.4,131.7,3,1,,0,0,84.0,2,8.54,134030,9.8,1,9,formation,REC-F1 ; REC-R3 ; REC-Z2,Moyenne,"14,4 % des routes en mauvais état (131,7 km évalués, 3 tronçons critiques).","Aucune auto-école, ni agréée ni recensée. La plus proche est à 84,0 km.","Vérifier qu’aucune auto-école n’existe, puis en ouvrir 2.",nature du zéro : aucune auto-école recensée ; vérifier sur place qu’il n’en existe pas
Tchaoudjo,Centrale,Centrale,240360,36.9,125.7,3,2,28.3,2,4,0.5,,5.05,124918,17.8,1,10,réseau,REC-R2 ; REC-R3 ; REC-Z3,Moyenne,"36,9 % des routes en mauvais état (125,7 km évalués, 3 tronçons critiques).","2 auto-écoles agréées, soit 0,83 pour 100 000 habitants.","Vérifier l’état sur place, puis remettre en état 28,3 km.",
Haho,Plateaux,Plateaux,305096,11.5,124.9,3,1,,0,0,51.7,4,4.31,255953,12.4,1,11,formation,REC-F1 ; REC-R3,Moyenne,"11,5 % des routes en mauvais état (124,9 km évalués, 3 tronçons critiques).","Aucune auto-école, ni agréée ni recensée. La plus proche est à 51,7 km.","Vérifier qu’aucune auto-école n’existe, puis en ouvrir 4.",nature du zéro : aucune auto-école recensée ; vérifier sur place qu’il n’en existe pas
Ogou,Plateaux,Plateaux,253467,27.2,113.5,2,1,14.6,2,2,3.2,,5.23,155274,12.2,1,12,réseau,REC-R2 ; REC-R3 ; REC-Z1,Moyenne,"27,2 % des routes en mauvais état (113,5 km évalués, 2 tronçons critiques).","2 auto-écoles agréées, soit 0,79 pour 100 000 habitants.","Vérifier l’état sur place, puis remettre en état 14,6 km.",
Anié,Plateaux,Plateaux,180158,23.0,40.3,3,1,3.5,1,1,24.7,,2.21,119090,5.2,1,13,réseau,REC-R2 ; REC-R3 ; REC-Z1,Moyenne,"23,0 % des routes en mauvais état (40,3 km évalués, 3 tronçons critiques).","Une auto-école agréée, soit 0,56 pour 100 000 habitants.","Vérifier l’état sur place, puis remettre en état 3,5 km.",
Yoto,Maritime hors Grand Lomé,Maritime,174851,8.1,58.5,3,0,,0,1,27.0,2,3.34,137890,10.0,1,14,formation,REC-F2 ; REC-Z2,Moyenne,"8,1 % des routes en mauvais état (58,5 km évalués, 3 tronçons critiques).","Aucune auto-école agréée ; une auto-école recensée sans agrément. La plus proche agréée est à 27,0 km.","Vérifier l’activité et l’agrément de l’auto-école recensée, puis en ouvrir 2 si le manque est réel.","nature du zéro : 1 auto-école(s) recensée(s), aucune agréée ; vérifier leur activité et leur agrément"
Akébou,Plateaux,Plateaux,73830,7.8,7.0,1,0,,0,0,31.3,1,0.94,65912,0.6,1,15,formation,REC-F1,Moyenne,"7,8 % des routes en mauvais état (7,0 km évalués, un tronçon critique).","Aucune auto-école, ni agréée ni recensée. La plus proche est à 31,3 km.","Vérifier qu’aucune auto-école n’existe, puis en ouvrir une.",nature du zéro : aucune auto-école recensée ; vérifier sur place qu’il n’en existe pas
Kloto,Plateaux,Plateaux,145986,65.0,75.6,5,1,38.2,3,3,0.2,,5.39,58508,41.9,1,16,réseau,REC-R2 ; REC-R3 ; REC-Z1,Moyenne,"65,0 % des routes en mauvais état (75,6 km évalués, 5 tronçons critiques).","3 auto-écoles agréées, soit 2,05 pour 100 000 habitants, au-dessus de la cible.","Vérifier l’état sur place, puis remettre en état 38,2 km.",
Kpendjal-Ouest,Savanes,Savanes,123330,6.0,46.1,2,0,,0,0,26.3,2,3.7,116951,20.0,1,17,formation,REC-F1 ; REC-Z2,Moyenne,"6,0 % des routes en mauvais état (46,1 km évalués, 2 tronçons critiques).","Aucune auto-école, ni agréée ni recensée. La plus proche est à 26,3 km.","Vérifier qu’aucune auto-école n’existe, puis en ouvrir 2.",nature du zéro : aucune auto-école recensée ; vérifier sur place qu’il n’en existe pas
Kpendjal,Savanes,Savanes,88365,5.2,57.9,1,0,,0,0,66.3,1,6.54,80633,14.6,1,18,formation,REC-F1 ; REC-Z2,Moyenne,"5,2 % des routes en mauvais état (57,9 km évalués, un tronçon critique).","Aucune auto-école, ni agréée ni recensée. La plus proche est à 66,3 km.","Vérifier qu’aucune auto-école n’existe, puis en ouvrir une.",nature du zéro : aucune auto-école recensée ; vérifier sur place qu’il n’en existe pas
Zio,Maritime hors Grand Lomé,Maritime,500032,17.2,96.6,5,1,,1,2,0.6,,2.12,423171,15.2,0,19,aucun,REC-R3,Aucune action,"17,2 % des routes en mauvais état (96,6 km évalués, 5 tronçons critiques).","Une auto-école agréée, soit 0,20 pour 100 000 habitants.",Suivi courant. Aucune action prioritaire. Un des 10 tronçons les plus dégradés la traverse.,
Wawa,Plateaux,Plateaux,101300,29.5,129.9,4,1,19.7,2,2,0.8,,13.17,89797,30.9,1,20,réseau,REC-R2 ; REC-R3 ; REC-Z1,Moyenne,"29,5 % des routes en mauvais état (129,9 km évalués, 4 tronçons critiques).","2 auto-écoles agréées, soit 1,97 pour 100 000 habitants, au-dessus de la cible.","Vérifier l’état sur place, puis remettre en état 19,7 km.",
Amou,Plateaux,Plateaux,114172,4.5,90.5,1,0,,0,1,28.4,2,8.21,106176,12.4,1,21,formation,REC-F2,Moyenne,"4,5 % des routes en mauvais état (90,5 km évalués, un tronçon critique).","Aucune auto-école agréée ; une auto-école recensée sans agrément. La plus proche agréée est à 28,4 km.","Vérifier l’activité et l’agrément de l’auto-école recensée, puis en ouvrir 2 si le manque est réel.","nature du zéro : 1 auto-école(s) recensée(s), aucune agréée ; vérifier leur activité et leur agrément"
Doufelgou,Kara,Kara,84767,3.4,101.2,1,0,,0,0,25.2,1,11.78,57635,22.2,1,22,formation,REC-F1,Moyenne,"3,4 % des routes en mauvais état (101,2 km évalués, un tronçon critique).","Aucune auto-école, ni agréée ni recensée. La plus proche est à 25,2 km.","Vérifier qu’aucune auto-école n’existe, puis en ouvrir une.",nature du zéro : aucune auto-école recensée ; vérifier sur place qu’il n’en existe pas
Binah,Kara,Kara,84199,3.3,45.2,2,0,,0,0,24.3,1,5.37,76749,14.5,1,23,formation,REC-F1,Moyenne,"3,3 % des routes en mauvais état (45,2 km évalués, 2 tronçons critiques).","Aucune auto-école, ni agréée ni recensée. La plus proche est à 24,3 km.","Vérifier qu’aucune auto-école n’existe, puis en ouvrir une.",nature du zéro : aucune auto-école recensée ; vérifier sur place qu’il n’en existe pas
Avé,Maritime hors Grand Lomé,Maritime,111214,2.7,110.8,1,0,,0,0,28.5,2,10.86,106025,21.3,1,24,formation,REC-F1 ; REC-Z2,Moyenne,"2,7 % des routes en mauvais état (110,8 km évalués, un tronçon critique).","Aucune auto-école, ni agréée ni recensée. La plus proche est à 28,5 km.","Vérifier qu’aucune auto-école n’existe, puis en ouvrir 2.",nature du zéro : aucune auto-école recensée ; vérifier sur place qu’il n’en existe pas
Sotouboua,Centrale,Centrale,138864,22.3,90.1,1,1,7.1,2,4,0.7,,5.96,106400,10.0,1,25,réseau,REC-R2 ; REC-R3 ; REC-Z3,Moyenne,"22,3 % des routes en mauvais état (90,1 km évalués, un tronçon critique).","2 auto-écoles agréées, soit 1,44 pour 100 000 habitants, au-dessus de la cible.","Vérifier l’état sur place, puis remettre en état 7,1 km.",
Tandjoaré,Savanes,Savanes,138867,1.1,24.8,1,0,,0,0,22.3,2,1.78,135781,10.0,1,26,formation,REC-F1 ; REC-Z2,Moyenne,"1,1 % des routes en mauvais état (24,8 km évalués, un tronçon critique).","Aucune auto-école, ni agréée ni recensée. La plus proche est à 22,3 km.","Vérifier qu’aucune auto-école n’existe, puis en ouvrir 2.",nature du zéro : aucune auto-école recensée ; vérifier sur place qu’il n’en existe pas
Agoè-Nyivé,Grand Lomé,Maritime,882695,26.0,27.8,2,0,3.2,29,69,1.8,,0.74,0,,1,27,réseau,REC-R2,Moyenne,"26,0 % des routes en mauvais état (27,8 km évalués, 2 tronçons critiques).","29 auto-écoles agréées, soit 3,29 pour 100 000 habitants, au-dessus de la cible.","Vérifier l’état sur place, puis remettre en état 3,2 km.",
Assoli,Kara,Kara,66394,21.8,72.5,2,0,,1,1,2.6,,12.01,42767,14.7,0,28,aucun,,Aucune action,"21,8 % des routes en mauvais état (72,5 km évalués, 2 tronçons critiques).","Une auto-école agréée, soit 1,51 pour 100 000 habitants, au-dessus de la cible.",Suivi courant. Aucune action prioritaire.,
Kozah,Kara,Kara,283738,23.3,161.4,3,1,14.4,6,11,1.6,,6.39,125648,43.1,1,29,réseau,REC-R2 ; REC-R3,Moyenne,"23,3 % des routes en mauvais état (161,4 km évalués, 3 tronçons critiques).","6 auto-écoles agréées, soit 2,11 pour 100 000 habitants, au-dessus de la cible.","Vérifier l’état sur place, puis remettre en état 14,4 km.",
Cinkassé,Savanes,Savanes,128959,12.1,36.0,2,0,,1,2,11.6,,3.05,72129,31.8,0,30,aucun,,Aucune action,"12,1 % des routes en mauvais état (36,0 km évalués, 2 tronçons critiques).","Une auto-école agréée, soit 0,78 pour 100 000 habitants.",Suivi courant. Aucune action prioritaire.,
Kéran,Kara,Kara,128687,0.2,87.9,2,0,,0,0,47.2,2,6.53,113374,9.8,1,31,formation,REC-F1,Moyenne,"0,2 % des routes en mauvais état (87,9 km évalués, 2 tronçons critiques).","Aucune auto-école, ni agréée ni recensée. La plus proche est à 47,2 km.","Vérifier qu’aucune auto-école n’existe, puis en ouvrir 2.",nature du zéro : aucune auto-école recensée ; vérifier sur place qu’il n’en existe pas
Tône,Savanes,Savanes,388775,9.2,84.0,3,0,,3,5,0.7,,2.44,271100,20.5,0,32,aucun,,Aucune action,"9,2 % des routes en mauvais état (84,0 km évalués, 3 tronçons critiques).","3 auto-écoles agréées, soit 0,77 pour 100 000 habitants.",Suivi courant. Aucune action prioritaire.,
Dankpen,Kara,Kara,185662,0.0,58.8,0,0,,0,0,65.3,2,2.43,165615,6.7,1,33,formation,REC-F1,Moyenne,"Aucune route en mauvais état (58,8 km évalués, aucun tronçon critique).","Aucune auto-école, ni agréée ni recensée. La plus proche est à 65,3 km.","Vérifier qu’aucune auto-école n’existe, puis en ouvrir 2.",nature du zéro : aucune auto-école recensée ; vérifier sur place qu’il n’en existe pas
Moyen-Mono,Plateaux,Plateaux,90505,0.0,57.9,0,0,,0,0,72.4,1,6.4,81969,7.8,1,34,formation,REC-F1,Moyenne,"Aucune route en mauvais état (57,9 km évalués, aucun tronçon critique).","Aucune auto-école, ni agréée ni recensée. La plus proche est à 72,4 km.","Vérifier qu’aucune auto-école n’existe, puis en ouvrir une.",nature du zéro : aucune auto-école recensée ; vérifier sur place qu’il n’en existe pas
Kpélé,Plateaux,Plateaux,80939,14.3,41.5,1,1,,1,2,8.2,,6.18,65793,16.4,0,35,aucun,REC-R3,Aucune action,"14,3 % des routes en mauvais état (41,5 km évalués, un tronçon critique).","Une auto-école agréée, soit 1,24 pour 100 000 habitants, au-dessus de la cible.",Suivi courant. Aucune action prioritaire. Un des 10 tronçons les plus dégradés la traverse.,
Lacs,Maritime hors Grand Lomé,Maritime,241247,9.4,82.5,4,0,,2,5,13.5,,3.68,213009,45.8,0,36,aucun,,Aucune action,"9,4 % des routes en mauvais état (82,5 km évalués, 4 tronçons critiques).","2 auto-écoles agréées, soit 0,83 pour 100 000 habitants.",Suivi courant. Aucune action prioritaire.,
Vo,Maritime hors Grand Lomé,Maritime,224411,4.6,63.1,3,0,,2,3,0.4,,2.81,199428,30.3,0,37,aucun,,Aucune action,"4,6 % des routes en mauvais état (63,1 km évalués, 3 tronçons critiques).","2 auto-écoles agréées, soit 0,89 pour 100 000 habitants.",Suivi courant. Aucune action prioritaire.,
Golfe,Grand Lomé,Maritime,1305681,0.5,70.0,2,0,,74,143,0.2,,0.74,0,,0,38,aucun,,Aucune action,"0,5 % des routes en mauvais état (70,0 km évalués, 2 tronçons critiques).","74 auto-écoles agréées, soit 5,67 pour 100 000 habitants : la plus forte offre du pays.",Suivi courant. Aucune action prioritaire.,
Mô,Centrale,Centrale,52448,,0.0,0,0,,0,0,52.2,1,0.0,44335,0.0,1,,formation,REC-F1 ; REC-R4 ; REC-Z3,Moyenne,Aucune route classée : ni état ni km évalué.,"Aucune auto-école, ni agréée ni recensée. La plus proche est à 52,2 km.","Vérifier la desserte sur place : aucune route classée. Vérifier qu’aucune auto-école n’existe, puis en ouvrir une.","non classée : aucune route classée, O3-02 non défini (vrai vide du 05) ; réseau non défini, sans P5 ; nature du zéro : aucune auto-école recensée ; vérifier sur place qu’il n’en existe pas"
