ID,Levier,Sous-levier,Priorité,Nature,Constat,Ampleur,Territoire,Déficit,Action,Acteur,Cible,Population concernée,Horizon,Indicateur de suivi,Niveau de preuve,Réserve,Source,Carte
REC-R1,Réseau,Entretien,Haute,Conditionnelle,5 préfectures cumulent un réseau dégradé et aucune auto-école comptée,"256,3 km en mauvais état sur 562,8 km évalués ; 14 tronçons critiques",Danyi (Plateaux) ; Blitta (Centrale) ; Agou (Plateaux) ; Tchamba (Centrale) ; Bassar (Kara),"175,6 km à remettre en état (42,7 + 54,5 + 31,8 + 23,7 + 22,9)","Vérifier sur place l’état relevé en 2020, puis remettre en état les tronçons critiques","Ministère des travaux publics, fonds d’entretien routier","Ramener chaque préfecture à la médiane nationale : 14,35 % de km en mauvais état",641955,"1 an (vérification), 3 ans (entretien)",O3-02,C,Relevé de 2020 ; méthode de notation non documentée,SIG-29 ; 09 §6 ; 08 §5,"§6.1, carte 2"
REC-R2,Réseau,Entretien,Moyenne,Conditionnelle,"8 autres préfectures ont un réseau dégradé, sans déficit de formation","238,7 km en mauvais état sur 764,1 km évalués ; 20 tronçons critiques",Tchaoudjo (Centrale) ; Ogou (Plateaux) ; Anié (Plateaux) ; Kloto (Plateaux) ; Wawa (Plateaux) ; Sotouboua (Centrale) ; Agoè-Nyivé (Grand Lomé) ; Kozah (Kara),"129,0 km à remettre en état","Vérifier sur place l’état relevé en 2020, puis remettre en état les tronçons critiques","Ministère des travaux publics, fonds d’entretien routier","Ramener chaque préfecture à la médiane nationale : 14,35 % de km en mauvais état",2226568,"1 an (vérification), 5 ans (entretien)",O3-02,C,"Population portée par Agoè-Nyivé : 882 695 habitants pour 3,2 km ; relevé de 2020",08 §5,"§6.1, carte 7"
REC-R3,Réseau,Entretien,Moyenne,Conditionnelle,"49 tronçons ont des km en mauvais état, 669,34 km en tout","Les 10 premiers : 416,8 km en mauvais état sur 682,5 km ; 2 sur la RN1","18 préfectures traversées : Agou, Anié, Bassar, Blitta, Danyi, Est-Mono, Haho, Kloto, Kozah, Kpélé, Ogou, Oti, Oti-Sud, Sotouboua, Tchamba, Tchaoudjo, Wawa, Zio","416,8 km en mauvais état","Vérifier sur place l’état relevé en 2020, puis remettre en état les 10 premiers tronçons critiques","Ministère des travaux publics, fonds d’entretien routier","Ramener la part de km en mauvais état de ces tronçons de 61,1 % à 14,35 %",3311579,"1 an (vérification), 3 ans (entretien)",O3-05,C,"Les tronçons croisent REC-R1 et REC-R2 ; 2 tronçons de la RN1, chacun pour ses propres km : pas le corridor (H5 infirmée) ; relevé de 2020",O3-05 ; 07 §3,"§6.1, carte 5"
REC-R4,Réseau,Desserte,Faible,Conditionnelle,Mô est la seule préfecture sans route classée,"Desserte nulle ; auto-école comptée la plus proche à 52,2 km",Mô (Centrale),"Environ 28,3 km de routes classées pour la médiane nationale de desserte (5,39 km pour 10 000 habitants)","Vérifier la desserte sur place (routes non classées, pistes), puis étudier une liaison classée",Ministère des travaux publics,"Porter la desserte de 0 à 5,39 km pour 10 000 habitants (ordre de grandeur)",52448,"1 an (vérification), 5 ans",O4-03,C,"Ordre de grandeur, pas un tracé ; la desserte ne déclenche aucun profil du 02 (SE-06)",08 §3.2 b ; écart 28,"§6.1, carte 11"
REC-F1,Formation,Ouverture,Moyenne,Conditionnelle,"15 préfectures n’ont aucune auto-école, ni comptée ni recensée","Auto-école comptée la plus proche à 12,9 à 84,0 km",Danyi (Plateaux) ; Est-Mono (Plateaux) ; Oti-Sud (Savanes) ; Haho (Plateaux) ; Akébou (Plateaux) ; Kpendjal-Ouest (Savanes) ; Kpendjal (Savanes) ; Doufelgou (Kara) ; Binah (Kara) ; Avé (Maritime hors Grand Lomé) ; Tandjoaré (Savanes) ; Kéran (Kara) ; Dankpen (Kara) ; Moyen-Mono (Plateaux) ; Mô (Centrale),25 auto-écoles,"Vérifier sur place qu’il n’existe aucune auto-école, puis en ouvrir","Ministère chargé des transports, auto-écoles","1,065 auto-école pour 100 000 habitants dans chaque préfecture (écart 21)",1822046,"1 an (vérification), 3 ans (ouverture)",O4-05,C,Nature du zéro à vérifier sur place ; activité des auto-écoles non connue (écart 13),08 §5 ; H8 confirmée,"§6.1, carte 8"
REC-F2,Formation,Vérification,Moyenne,Conditionnelle,"8 préfectures n’ont aucune auto-école agréée, mais 13 y sont recensées",13 auto-écoles recensées non agréées,Blitta (Centrale) ; Agou (Plateaux) ; Tchamba (Centrale) ; Bassar (Kara) ; Oti (Savanes) ; Bas-Mono (Maritime hors Grand Lomé) ; Yoto (Maritime hors Grand Lomé) ; Amou (Plateaux),"16 auto-écoles, si aucune n’est agréée","Vérifier l’activité et l’agrément des 13 auto-écoles recensées, puis combler le manque restant","Ministère chargé des transports, auto-écoles","1,065 auto-école pour 100 000 habitants dans chaque préfecture (écart 21)",1110446,"1 an (vérification), 3 ans (ouverture)",O4-05,C,Le manque est peut-être administratif ; activité non connue (écart 13),08 §5 ; H8 confirmée,"§6.1, carte 10"
REC-F3,Formation,Permis moto,Moyenne,Immédiate,"40,2 immatriculations de deux-roues par permis A en cumul 2007–2024 (H1 confirmée)","0,37 à 2,33 pour les autres catégories ; rapport annuel des motos : 13,98 en 2022, 70,12 en 2023, 6,45 en 2024",National,"Permis A : 4 837 en 2022, 1 538 en 2023, 10 165 en 2024","Faire du permis moto la priorité de la formation des auto-écoles, existantes et à ouvrir","Ministère chargé des transports, auto-écoles","Au moins 5 513 permis A par an (moyenne 2022–2024, écart 29)",4193458,3 ans,O1-06 ; O1-09,B,2022 et 2024 atypiques [SIG-05] : la moyenne en dépend,"09 §5, H1","§6.1, carte 4"
REC-S1,Sécurité routière,Deux-roues,Moyenne,Conditionnelle,60 % des tués de 2021 sont des usagers de deux et trois-roues motorisés (H2 confirmée sur les tués),"54,7 % à 59,7 % de motos dans le parc estimé ; indice de 1,01 à 1,10",National,"Indice de surreprésentation de 1,01 à 1,10","Vérifier la part des deux-roues parmi les tués sur une seconde année, puis cibler leurs usagers : contrôle du casque et du permis A, sensibilisation","Organisme chargé de la sécurité routière (ONSR), police, gendarmerie",Indice sous 1 : part des deux-roues parmi les tués sous leur part dans le parc (écart 30),8095498,"1 an (vérification), 3 ans",O2-09,C,"Surreprésentation faible, mesurée sur une seule année (2021, OMS)","09 §5, H2 (écart 26)","§6.1, carte 3"
REC-Z3,Zones les moins desservies,Ciblage par zone : cumul,Haute,Conditionnelle,Centrale : seule zone sous la médiane pour l’accès à la route et pour la formation,"Centrale : 13,2 % des ruraux à moins de 2 km d’une route revêtue (17,2 % dans le pays), 514 276 ruraux plus loin, 40,3 % de km en mauvais état, 0,50 auto-école pour 100 000 habitants",Centrale (5 préfectures),"Réseau : 113,6 km dans 4 préfectures ; formation : 6 auto-écoles dans 3 préfectures ; déjà dans les leviers","Vérifier, puis remettre en état les 113,6 km et ouvrir les 6 auto-écoles en premier","Ministère des travaux publics, fonds d’entretien routier ; ministère chargé des transports, auto-écoles","14,35 % de km en mauvais état ; 1,065 auto-école pour 100 000 habitants, dans chaque préfecture au levier",795529,"1 an (vérification), 3 ans (action)","O3-02, O4-05 ; O4-E1 en contexte",C,Quantités déjà dans les leviers ; accès rural estimé avec une population répartie uniformément (écart 32),§4.6 ; 08 §6 ; écarts 31 et 32,"§6.1, carte 1"
REC-Z1,Zones les moins desservies,Ciblage par zone : route,Moyenne,Conditionnelle,"Plateaux : sous la médiane pour l’accès à la route, sans déficit de formation de zone","Plateaux : 13,6 % des ruraux à moins de 2 km d’une route revêtue, 1 094 908 ruraux plus loin, 28,0 % de km en mauvais état",Plateaux (12 préfectures),"150,5 km dans 6 préfectures au levier réseau ; déjà dans REC-R1 et REC-R2","Vérifier, puis remettre en état les 150,5 km en premier","Ministère des travaux publics, fonds d’entretien routier","14,35 % de km en mauvais état dans chaque préfecture au levier ; accès rural suivi, sans cible",1635946,"1 an (vérification), 3 ans (entretien)",O3-02 ; O4-E1 en contexte,C,Quantités déjà dans les leviers ; accès rural estimé (écart 32),§4.6 ; écarts 31 et 32,"§6.1, carte 9"
REC-Z2,Zones les moins desservies,Ciblage par zone : formation,Moyenne,Conditionnelle,Maritime hors Grand Lomé et Savanes : le moins d’auto-écoles par habitant des 6 zones,"Maritime hors Grand Lomé 0,37, Savanes 0,35 auto-école pour 100 000 habitants (médiane : 0,53)",Maritime hors Grand Lomé (6 préfectures) ; Savanes (7 préfectures),15 auto-écoles dans 8 préfectures sans auto-école agréée ; déjà dans REC-F1 et REC-F2,"Vérifier, puis ouvrir les 15 auto-écoles en premier","Ministère chargé des transports, auto-écoles","1,065 auto-école pour 100 000 habitants dans chaque préfecture au levier (écart 21)",2490135,"1 an (vérification), 3 ans (ouverture)",O4-05,C,Quantités déjà dans REC-F1 et REC-F2 ; activité non connue (écart 13) ; Savanes en cas limite pour la route,"§4.6, analyse 1 ; écart 31","§6.1, carte 6"
REC-D1,Données,Collecte,Haute,Immédiate,Les accidents ne sont publiés qu’au niveau national,7 507 accidents et 683 tués en 2022 ; 7 hypothèses non testables,National,Donnée manquante (P5),"Créer une base d’accidents par préfecture, tenue par l’ONSR, au format commun police–gendarmerie : préfecture, mois, âge, catégorie de véhicule, cause, accident corporel ou matériel, définition du tué",Producteurs des données,39 préfectures renseignées sur 39,8095498,1 an,Part des territoires renseignés,—,Dépend des producteurs ; aucune recommandation d’investissement tant que la donnée manque (R-10),03 §8 ; 04 §10,"§6.1, carte 12"
REC-D2,Données,Ouverture des données,Moyenne,Immédiate,"L’état du réseau vient d’un seul relevé, de 2020, sans géométrie",Couches « Dégradations » et « Ponts » de la collecte 2021–2022 non ouvertes ; méthode de notation non publiée,National,Donnée manquante (P5),"Ouvrir les couches « Dégradations » et « Ponts » du géoportail ; publier la méthode de notation, un identifiant de tronçon commun et un relevé postérieur à 2020",Producteurs des données,2 couches ouvertes et un relevé postérieur à 2020,8095498,1 an,Part des territoires renseignés,—,Dépend des producteurs ; aucune recommandation d’investissement tant que la donnée manque (R-10),03 §8 ; 04 §10,"§6.1, carte 13"
REC-D3,Données,Ouverture des données,Moyenne,Immédiate,L’activité des auto-écoles n’est pas publiée,"272 auto-écoles recensées, dont 132 comptées",National,Donnée manquante (P5),"Publier l’activité des auto-écoles collectée par PRISE (personnel, activité, horaires, véhicules)",Producteurs des données,Activité publiée pour les 272 auto-écoles,8095498,1 an,Part des territoires renseignés,—,Dépend des producteurs ; aucune recommandation d’investissement tant que la donnée manque (R-10),03 §8 ; 04 §10,"§6.1, carte 14"
REC-D4,Données,Ouverture des données,Faible,Immédiate,Aucun parc en circulation n’est publié ; plusieurs libellés du portail sont inexacts,"« Parc automobile immatriculé », « accidents mortels », « premières mises en circulation », « RN4 »",National,Donnée manquante (P5),"Publier un parc en circulation, et corriger les libellés du portail",Producteurs des données,Un parc en circulation publié ; 4 libellés corrigés,8095498,1 an,Part des territoires renseignés,—,Dépend des producteurs ; aucune recommandation d’investissement tant que la donnée manque (R-10),03 §8 ; 04 §10,"§6.1, carte 15"
